entryMonth,releaseMonth,sponsorCategory,country,count
2015-01,2015-01,1,Ecuador,11
2015-01,2015-01,1,El Salvador,41
2015-01,2015-01,1,Guatemala,127
2015-01,2015-01,1,Honduras,39
2015-01,2015-01,1,Mexico,14
2015-01,2015-01,1,Nicaragua,2
2015-01,2015-01,2,Colombia,1
2015-01,2015-01,2,Ecuador,1
2015-01,2015-01,2,El Salvador,9
2015-01,2015-01,2,Guatemala,59
2015-01,2015-01,2,Honduras,6
2015-01,2015-01,2,Mexico,3
2015-01,2015-01,2,Other,1
2015-01,2015-01,3,Guatemala,3
2015-01,2015-01,4,El Salvador,4
2015-01,2015-01,4,Guatemala,11
2015-01,2015-01,4,Honduras,1
2015-01,2015-01,4,Mexico,1
2015-01,2015-02,1,Ecuador,4
2015-01,2015-02,1,El Salvador,103
2015-01,2015-02,1,Guatemala,145
2015-01,2015-02,1,Honduras,70
2015-01,2015-02,1,Mexico,13
2015-01,2015-02,1,Nicaragua,8
2015-01,2015-02,1,Other,4
2015-01,2015-02,2,Cuba,1
2015-01,2015-02,2,Ecuador,4
2015-01,2015-02,2,El Salvador,39
2015-01,2015-02,2,Guatemala,209
2015-01,2015-02,2,Honduras,22
2015-01,2015-02,2,India,2
2015-01,2015-02,2,Mexico,18
2015-01,2015-02,2,Nicaragua,1
2015-01,2015-02,2,Other,5
2015-01,2015-02,3,El Salvador,3
2015-01,2015-02,3,Guatemala,32
2015-01,2015-02,3,Honduras,3
2015-01,2015-02,3,Mexico,3
2015-01,2015-02,3,Other,1
2015-01,2015-02,4,Ecuador,1
2015-01,2015-02,4,El Salvador,8
2015-01,2015-02,4,Guatemala,49
2015-01,2015-02,4,Honduras,5
2015-01,2015-02,4,India,1
2015-01,2015-02,4,Mexico,4
2015-01,2015-02,4,Other,1
2015-01,2015-03,1,Ecuador,3
2015-01,2015-03,1,El Salvador,9
2015-01,2015-03,1,Guatemala,11
2015-01,2015-03,1,Honduras,7
2015-01,2015-03,1,Mexico,1
2015-01,2015-03,1,Other,1
2015-01,2015-03,2,Cuba,1
2015-01,2015-03,2,El Salvador,12
2015-01,2015-03,2,Guatemala,72
2015-01,2015-03,2,Honduras,4
2015-01,2015-03,2,Mexico,3
2015-01,2015-03,2,Other,3
2015-01,2015-03,3,El Salvador,1
2015-01,2015-03,3,Guatemala,28
2015-01,2015-03,3,Honduras,10
2015-01,2015-03,3,India,1
2015-01,2015-03,3,Mexico,3
2015-01,2015-03,3,Other,1
2015-01,2015-03,4,El Salvador,1
2015-01,2015-03,4,Guatemala,4
2015-01,2015-03,4,Honduras,1
2015-01,2015-03,4,Mexico,1
2015-01,2015-03,4,Other,1
2015-01,2015-04,1,El Salvador,4
2015-01,2015-04,1,Guatemala,9
2015-01,2015-04,1,Honduras,2
2015-01,2015-04,1,Mexico,2
2015-01,2015-04,1,Nicaragua,1
2015-01,2015-04,2,El Salvador,1
2015-01,2015-04,2,Guatemala,18
2015-01,2015-04,2,Honduras,1
2015-01,2015-04,2,Mexico,1
2015-01,2015-04,3,Guatemala,8
2015-01,2015-04,3,India,1
2015-01,2015-04,3,Mexico,1
2015-01,2015-04,4,Guatemala,1
2015-01,2015-05,1,Guatemala,4
2015-01,2015-05,1,Honduras,2
2015-01,2015-05,2,Guatemala,7
2015-01,2015-05,3,El Salvador,1
2015-01,2015-05,3,Guatemala,3
2015-01,2015-05,3,Honduras,1
2015-01,2015-05,3,India,1
2015-01,2015-05,4,Guatemala,1
2015-01,2015-05,4,Honduras,1
2015-01,2015-06,1,El Salvador,1
2015-01,2015-06,1,Guatemala,1
2015-01,2015-06,1,Honduras,3
2015-01,2015-06,2,Guatemala,1
2015-01,2015-06,2,Honduras,1
2015-01,2015-06,2,Mexico,1
2015-01,2015-06,3,Guatemala,4
2015-01,2015-06,3,Other,1
2015-01,2015-06,4,Guatemala,3
2015-01,2015-07,1,Guatemala,1
2015-01,2015-07,1,Mexico,1
2015-01,2015-07,2,Guatemala,2
2015-01,2015-07,3,Guatemala,1
2015-01,2015-08,3,Guatemala,1
2015-01,2015-08,3,Other,1
2015-01,2015-09,1,Mexico,1
2015-01,2015-10,3,Guatemala,1
2015-01,2015-11,1,El Salvador,1
2015-01,2015-12,1,Honduras,1
2015-01,2016-01,1,Ecuador,1
2015-01,2016-01,1,El Salvador,7
2015-01,2016-01,1,Guatemala,6
2015-01,2016-01,1,Honduras,3
2015-01,2016-01,1,Mexico,2
2015-01,2016-01,2,Guatemala,3
2015-01,2016-01,2,Mexico,2
2015-01,2016-02,1,El Salvador,3
2015-01,2016-02,1,Guatemala,1
2015-01,2016-02,1,Honduras,1
2015-01,2016-02,2,El Salvador,2
2015-01,2016-02,2,Guatemala,8
2015-01,2016-02,3,Guatemala,1
2015-01,2016-03,1,Guatemala,1
2015-01,2016-03,2,El Salvador,1
2015-01,2016-03,2,Guatemala,4
2015-01,2016-03,2,Other,1
2015-01,2016-03,3,Guatemala,2
2015-01,2016-03,3,Mexico,1
2015-01,2016-04,2,Guatemala,1
2015-01,2016-05,3,El Salvador,1
2015-01,2016-07,3,Guatemala,2
2015-01,2016-08,2,Mexico,1
2015-01,2016-12,2,Mexico,1
2015-01,2017-02,2,Honduras,1
2015-02,2015-02,1,Ecuador,8
2015-02,2015-02,1,El Salvador,86
2015-02,2015-02,1,Guatemala,125
2015-02,2015-02,1,Honduras,52
2015-02,2015-02,1,Mexico,8
2015-02,2015-02,1,Nicaragua,1
2015-02,2015-02,1,Other,2
2015-02,2015-02,2,Ecuador,3
2015-02,2015-02,2,El Salvador,13
2015-02,2015-02,2,Guatemala,59
2015-02,2015-02,2,Honduras,8
2015-02,2015-02,2,Mexico,7
2015-02,2015-02,2,Other,1
2015-02,2015-02,3,El Salvador,2
2015-02,2015-02,3,Guatemala,12
2015-02,2015-02,3,Honduras,1
2015-02,2015-02,4,Cuba,1
2015-02,2015-02,4,Guatemala,1
2015-02,2015-03,1,Ecuador,9
2015-02,2015-03,1,El Salvador,177
2015-02,2015-03,1,Guatemala,159
2015-02,2015-03,1,Honduras,92
2015-02,2015-03,1,Mexico,20
2015-02,2015-03,1,Nicaragua,4
2015-02,2015-03,1,Other,2
2015-02,2015-03,2,Cuba,3
2015-02,2015-03,2,Ecuador,3
2015-02,2015-03,2,El Salvador,93
2015-02,2015-03,2,Guatemala,291
2015-02,2015-03,2,Honduras,32
2015-02,2015-03,2,Mexico,19
2015-02,2015-03,2,Other,4
2015-02,2015-03,3,Ecuador,2
2015-02,2015-03,3,El Salvador,14
2015-02,2015-03,3,Guatemala,68
2015-02,2015-03,3,Honduras,15
2015-02,2015-03,3,Mexico,4
2015-02,2015-03,3,Other,5
2015-02,2015-04,1,Ecuador,1
2015-02,2015-04,1,El Salvador,12
2015-02,2015-04,1,Guatemala,7
2015-02,2015-04,1,Honduras,11
2015-02,2015-04,1,Mexico,5
2015-02,2015-04,1,Other,1
2015-02,2015-04,2,Cuba,1
2015-02,2015-04,2,El Salvador,9
2015-02,2015-04,2,Guatemala,46
2015-02,2015-04,2,Honduras,9
2015-02,2015-04,2,Mexico,2
2015-02,2015-04,2,Other,2
2015-02,2015-04,3,El Salvador,3
2015-02,2015-04,3,Guatemala,27
2015-02,2015-04,3,Honduras,1
2015-02,2015-04,3,Mexico,1
2015-02,2015-04,3,Other,1
2015-02,2015-04,4,Guatemala,3
2015-02,2015-05,1,El Salvador,3
2015-02,2015-05,1,Guatemala,3
2015-02,2015-05,1,Honduras,1
2015-02,2015-05,1,Mexico,5
2015-02,2015-05,2,El Salvador,3
2015-02,2015-05,2,Guatemala,13
2015-02,2015-05,2,Honduras,1
2015-02,2015-05,2,Mexico,1
2015-02,2015-05,3,Guatemala,25
2015-02,2015-05,3,Honduras,6
2015-02,2015-05,3,India,2
2015-02,2015-05,3,Mexico,2
2015-02,2015-05,4,Guatemala,12
2015-02,2015-05,4,Honduras,1
2015-02,2015-06,1,El Salvador,1
2015-02,2015-06,1,Guatemala,4
2015-02,2015-06,1,Mexico,1
2015-02,2015-06,2,Guatemala,2
2015-02,2015-06,2,Honduras,1
2015-02,2015-06,2,Mexico,2
2015-02,2015-06,3,El Salvador,1
2015-02,2015-06,3,Guatemala,4
2015-02,2015-06,3,Honduras,2
2015-02,2015-06,3,India,2
2015-02,2015-06,4,Ecuador,1
2015-02,2015-06,4,Guatemala,4
2015-02,2015-06,4,Honduras,1
2015-02,2015-07,1,Guatemala,2
2015-02,2015-07,1,Mexico,1
2015-02,2015-07,2,Honduras,1
2015-02,2015-07,3,Other,2
2015-02,2015-08,1,Honduras,1
2015-02,2015-08,2,Honduras,1
2015-02,2015-08,3,Guatemala,2
2015-02,2015-08,3,India,1
2015-02,2015-08,3,Other,3
2015-02,2015-09,2,Guatemala,1
2015-02,2015-09,3,Guatemala,1
2015-02,2015-09,3,Other,2
2015-02,2015-10,2,Honduras,1
2015-02,2015-12,1,Ecuador,1
2015-02,2015-12,1,El Salvador,1
2015-02,2016-01,2,Guatemala,1
2015-02,2016-02,1,El Salvador,2
2015-02,2016-02,1,Guatemala,4
2015-02,2016-02,1,Honduras,2
2015-02,2016-02,1,Other,1
2015-02,2016-02,2,El Salvador,1
2015-02,2016-02,2,Guatemala,3
2015-02,2016-02,2,Honduras,1
2015-02,2016-03,2,Guatemala,6
2015-02,2016-03,2,Honduras,2
2015-02,2016-04,1,Mexico,1
2015-02,2016-04,2,El Salvador,2
2015-02,2016-04,2,Guatemala,1
2015-02,2016-05,1,Honduras,1
2015-02,2016-05,2,El Salvador,2
2015-02,2016-06,2,Mexico,1
2015-03,2015-03,1,Cuba,1
2015-03,2015-03,1,Ecuador,7
2015-03,2015-03,1,El Salvador,146
2015-03,2015-03,1,Guatemala,175
2015-03,2015-03,1,Honduras,76
2015-03,2015-03,1,Mexico,17
2015-03,2015-03,1,Other,1
2015-03,2015-03,2,Colombia,1
2015-03,2015-03,2,Cuba,1
2015-03,2015-03,2,Ecuador,2
2015-03,2015-03,2,El Salvador,39
2015-03,2015-03,2,Guatemala,86
2015-03,2015-03,2,Honduras,24
2015-03,2015-03,2,Mexico,5
2015-03,2015-03,2,Other,1
2015-03,2015-03,3,El Salvador,3
2015-03,2015-03,3,Guatemala,2
2015-03,2015-03,3,Honduras,1
2015-03,2015-04,1,Ecuador,2
2015-03,2015-04,1,El Salvador,200
2015-03,2015-04,1,Guatemala,237
2015-03,2015-04,1,Honduras,132
2015-03,2015-04,1,Mexico,25
2015-03,2015-04,1,Nicaragua,5
2015-03,2015-04,1,Other,2
2015-03,2015-04,2,Ecuador,2
2015-03,2015-04,2,El Salvador,112
2015-03,2015-04,2,Guatemala,320
2015-03,2015-04,2,Honduras,61
2015-03,2015-04,2,India,3
2015-03,2015-04,2,Mexico,16
2015-03,2015-04,2,Other,2
2015-03,2015-04,3,El Salvador,8
2015-03,2015-04,3,Guatemala,44
2015-03,2015-04,3,Honduras,6
2015-03,2015-04,3,Mexico,2
2015-03,2015-04,3,Other,1
2015-03,2015-04,4,El Salvador,4
2015-03,2015-04,4,Guatemala,7
2015-03,2015-04,4,Honduras,3
2015-03,2015-05,1,El Salvador,16
2015-03,2015-05,1,Guatemala,18
2015-03,2015-05,1,Honduras,16
2015-03,2015-05,1,Mexico,3
2015-03,2015-05,1,Other,2
2015-03,2015-05,2,El Salvador,24
2015-03,2015-05,2,Guatemala,76
2015-03,2015-05,2,Honduras,17
2015-03,2015-05,2,Mexico,10
2015-03,2015-05,2,Nicaragua,1
2015-03,2015-05,2,Other,2
2015-03,2015-05,3,Cuba,1
2015-03,2015-05,3,El Salvador,6
2015-03,2015-05,3,Guatemala,49
2015-03,2015-05,3,Honduras,4
2015-03,2015-05,3,India,1
2015-03,2015-05,3,Mexico,6
2015-03,2015-05,3,Nicaragua,1
2015-03,2015-05,3,Other,2
2015-03,2015-05,4,Ecuador,1
2015-03,2015-05,4,El Salvador,8
2015-03,2015-05,4,Guatemala,20
2015-03,2015-05,4,Honduras,2
2015-03,2015-05,4,India,2
2015-03,2015-05,4,Mexico,2
2015-03,2015-05,4,Other,1
2015-03,2015-06,1,Ecuador,1
2015-03,2015-06,1,El Salvador,6
2015-03,2015-06,1,Guatemala,5
2015-03,2015-06,1,Honduras,7
2015-03,2015-06,1,Mexico,7
2015-03,2015-06,2,El Salvador,7
2015-03,2015-06,2,Guatemala,15
2015-03,2015-06,2,Honduras,4
2015-03,2015-06,2,India,1
2015-03,2015-06,2,Mexico,3
2015-03,2015-06,3,El Salvador,2
2015-03,2015-06,3,Guatemala,8
2015-03,2015-06,3,Honduras,1
2015-03,2015-06,3,India,1
2015-03,2015-06,3,Mexico,2
2015-03,2015-06,3,Other,2
2015-03,2015-06,4,El Salvador,3
2015-03,2015-06,4,Guatemala,9
2015-03,2015-06,4,Honduras,3
2015-03,2015-06,4,Other,2
2015-03,2015-07,1,El Salvador,5
2015-03,2015-07,1,Honduras,5
2015-03,2015-07,1,Mexico,1
2015-03,2015-07,2,El Salvador,2
2015-03,2015-07,2,Guatemala,3
2015-03,2015-07,2,Honduras,1
2015-03,2015-07,2,Mexico,1
2015-03,2015-07,3,Guatemala,5
2015-03,2015-07,3,Honduras,3
2015-03,2015-07,3,Mexico,1
2015-03,2015-07,3,Other,1
2015-03,2015-07,4,India,1
2015-03,2015-07,4,Mexico,1
2015-03,2015-08,1,El Salvador,2
2015-03,2015-08,1,Mexico,1
2015-03,2015-08,2,El Salvador,3
2015-03,2015-08,2,Guatemala,4
2015-03,2015-08,2,Honduras,1
2015-03,2015-08,2,Mexico,1
2015-03,2015-08,3,Guatemala,4
2015-03,2015-08,3,Honduras,2
2015-03,2015-08,4,El Salvador,1
2015-03,2015-09,1,Guatemala,2
2015-03,2015-09,1,Honduras,3
2015-03,2015-09,1,Mexico,1
2015-03,2015-09,2,Guatemala,1
2015-03,2015-09,2,Mexico,1
2015-03,2015-09,3,El Salvador,1
2015-03,2015-09,3,Guatemala,1
2015-03,2015-09,3,Other,1
2015-03,2015-10,1,Honduras,1
2015-03,2015-10,3,Mexico,2
2015-03,2015-11,2,El Salvador,2
2015-03,2015-11,3,Guatemala,1
2015-03,2015-12,1,El Salvador,1
2015-03,2015-12,1,Mexico,1
2015-03,2015-12,3,Guatemala,1
2015-03,2016-02,3,Honduras,1
2015-03,2016-04,2,Guatemala,1
2015-03,2016-06,1,Guatemala,1
2015-03,2017-03,3,Honduras,1
2015-03,2017-10,3,Honduras,1
2015-04,2015-04,1,Colombia,1
2015-04,2015-04,1,Ecuador,1
2015-04,2015-04,1,El Salvador,196
2015-04,2015-04,1,Guatemala,163
2015-04,2015-04,1,Honduras,117
2015-04,2015-04,1,Mexico,17
2015-04,2015-04,1,Other,3
2015-04,2015-04,2,Ecuador,1
2015-04,2015-04,2,El Salvador,27
2015-04,2015-04,2,Guatemala,80
2015-04,2015-04,2,Honduras,19
2015-04,2015-04,2,Mexico,1
2015-04,2015-04,2,Other,3
2015-04,2015-04,3,El Salvador,1
2015-04,2015-04,3,Guatemala,3
2015-04,2015-04,4,El Salvador,3
2015-04,2015-04,4,Guatemala,3
2015-04,2015-05,1,Ecuador,1
2015-04,2015-05,1,El Salvador,286
2015-04,2015-05,1,Guatemala,258
2015-04,2015-05,1,Honduras,160
2015-04,2015-05,1,India,1
2015-04,2015-05,1,Mexico,15
2015-04,2015-05,1,Nicaragua,2
2015-04,2015-05,1,Other,4
2015-04,2015-05,2,Colombia,1
2015-04,2015-05,2,Cuba,2
2015-04,2015-05,2,Ecuador,3
2015-04,2015-05,2,El Salvador,142
2015-04,2015-05,2,Guatemala,354
2015-04,2015-05,2,Honduras,60
2015-04,2015-05,2,India,1
2015-04,2015-05,2,Mexico,13
2015-04,2015-05,2,Nicaragua,3
2015-04,2015-05,2,Other,3
2015-04,2015-05,3,El Salvador,2
2015-04,2015-05,3,Guatemala,23
2015-04,2015-05,3,Honduras,5
2015-04,2015-05,3,India,1
2015-04,2015-05,3,Mexico,1
2015-04,2015-05,4,El Salvador,12
2015-04,2015-05,4,Guatemala,52
2015-04,2015-05,4,Honduras,9
2015-04,2015-05,4,India,1
2015-04,2015-05,4,Other,1
2015-04,2015-06,1,El Salvador,11
2015-04,2015-06,1,Guatemala,14
2015-04,2015-06,1,Honduras,14
2015-04,2015-06,1,Mexico,4
2015-04,2015-06,1,Other,1
2015-04,2015-06,2,Ecuador,1
2015-04,2015-06,2,El Salvador,26
2015-04,2015-06,2,Guatemala,80
2015-04,2015-06,2,Honduras,11
2015-04,2015-06,2,Mexico,3
2015-04,2015-06,2,Other,3
2015-04,2015-06,3,El Salvador,6
2015-04,2015-06,3,Guatemala,34
2015-04,2015-06,3,Honduras,3
2015-04,2015-06,3,India,1
2015-04,2015-06,3,Mexico,1
2015-04,2015-06,4,El Salvador,7
2015-04,2015-06,4,Guatemala,52
2015-04,2015-06,4,Honduras,12
2015-04,2015-06,4,India,1
2015-04,2015-06,4,Mexico,2
2015-04,2015-06,4,Nicaragua,1
2015-04,2015-07,1,Ecuador,1
2015-04,2015-07,1,El Salvador,8
2015-04,2015-07,1,Guatemala,11
2015-04,2015-07,1,Honduras,6
2015-04,2015-07,2,El Salvador,3
2015-04,2015-07,2,Guatemala,18
2015-04,2015-07,2,Honduras,2
2015-04,2015-07,2,Mexico,1
2015-04,2015-07,3,El Salvador,2
2015-04,2015-07,3,Guatemala,33
2015-04,2015-07,3,Honduras,4
2015-04,2015-07,3,Mexico,2
2015-04,2015-07,3,Other,2
2015-04,2015-07,4,El Salvador,1
2015-04,2015-07,4,Guatemala,6
2015-04,2015-07,4,Honduras,3
2015-04,2015-07,4,Mexico,1
2015-04,2015-08,1,El Salvador,11
2015-04,2015-08,1,Guatemala,3
2015-04,2015-08,1,Honduras,2
2015-04,2015-08,1,Mexico,3
2015-04,2015-08,2,El Salvador,1
2015-04,2015-08,2,Guatemala,10
2015-04,2015-08,2,Other,2
2015-04,2015-08,3,El Salvador,1
2015-04,2015-08,3,Guatemala,12
2015-04,2015-08,3,Honduras,2
2015-04,2015-08,3,Other,1
2015-04,2015-08,4,Guatemala,1
2015-04,2015-09,1,El Salvador,3
2015-04,2015-09,1,Guatemala,1
2015-04,2015-09,1,Honduras,1
2015-04,2015-09,1,Mexico,3
2015-04,2015-09,2,Guatemala,6
2015-04,2015-09,2,Honduras,2
2015-04,2015-09,2,Mexico,2
2015-04,2015-09,3,El Salvador,2
2015-04,2015-09,3,Guatemala,2
2015-04,2015-09,3,Honduras,2
2015-04,2015-10,1,El Salvador,1
2015-04,2015-10,1,Honduras,1
2015-04,2015-10,2,El Salvador,1
2015-04,2015-10,2,Honduras,1
2015-04,2015-10,3,Guatemala,1
2015-04,2015-11,1,Guatemala,1
2015-04,2015-11,3,Guatemala,2
2015-04,2015-11,3,Mexico,1
2015-04,2015-12,2,El Salvador,1
2015-04,2015-12,2,Honduras,1
2015-04,2016-01,1,Guatemala,2
2015-04,2016-01,3,Honduras,2
2015-04,2016-02,3,Honduras,1
2015-04,2016-03,2,Guatemala,1
2015-04,2016-04,2,Honduras,1
2015-04,2016-05,1,Honduras,1
2015-04,2017-10,1,Guatemala,1
2015-04,2018-04,3,Honduras,1
2015-05,2015-05,1,Ecuador,1
2015-05,2015-05,1,El Salvador,219
2015-05,2015-05,1,Guatemala,228
2015-05,2015-05,1,Honduras,149
2015-05,2015-05,1,Mexico,11
2015-05,2015-05,1,Nicaragua,1
2015-05,2015-05,2,El Salvador,36
2015-05,2015-05,2,Guatemala,87
2015-05,2015-05,2,Honduras,22
2015-05,2015-05,2,Mexico,2
2015-05,2015-05,2,Nicaragua,1
2015-05,2015-05,2,Other,2
2015-05,2015-05,3,El Salvador,1
2015-05,2015-05,4,El Salvador,2
2015-05,2015-05,4,Guatemala,5
2015-05,2015-05,4,Mexico,1
2015-05,2015-06,1,Ecuador,5
2015-05,2015-06,1,El Salvador,391
2015-05,2015-06,1,Guatemala,298
2015-05,2015-06,1,Honduras,194
2015-05,2015-06,1,Mexico,26
2015-05,2015-06,1,Nicaragua,1
2015-05,2015-06,1,Other,3
2015-05,2015-06,2,Cuba,1
2015-05,2015-06,2,Ecuador,2
2015-05,2015-06,2,El Salvador,127
2015-05,2015-06,2,Guatemala,390
2015-05,2015-06,2,Honduras,71
2015-05,2015-06,2,Mexico,14
2015-05,2015-06,2,Other,4
2015-05,2015-06,3,El Salvador,6
2015-05,2015-06,3,Guatemala,26
2015-05,2015-06,3,Honduras,6
2015-05,2015-06,4,El Salvador,12
2015-05,2015-06,4,Guatemala,45
2015-05,2015-06,4,Honduras,5
2015-05,2015-06,4,India,2
2015-05,2015-07,1,Ecuador,1
2015-05,2015-07,1,El Salvador,24
2015-05,2015-07,1,Guatemala,31
2015-05,2015-07,1,Honduras,17
2015-05,2015-07,1,Mexico,5
2015-05,2015-07,2,Ecuador,3
2015-05,2015-07,2,El Salvador,31
2015-05,2015-07,2,Guatemala,149
2015-05,2015-07,2,Honduras,26
2015-05,2015-07,2,Mexico,11
2015-05,2015-07,2,Nicaragua,1
2015-05,2015-07,2,Other,1
2015-05,2015-07,3,El Salvador,17
2015-05,2015-07,3,Guatemala,73
2015-05,2015-07,3,Honduras,5
2015-05,2015-07,3,India,4
2015-05,2015-07,3,Mexico,3
2015-05,2015-07,3,Other,1
2015-05,2015-07,4,El Salvador,4
2015-05,2015-07,4,Guatemala,4
2015-05,2015-07,4,Honduras,3
2015-05,2015-07,4,Other,1
2015-05,2015-08,1,El Salvador,19
2015-05,2015-08,1,Guatemala,14
2015-05,2015-08,1,Honduras,17
2015-05,2015-08,1,Mexico,2
2015-05,2015-08,1,Other,1
2015-05,2015-08,2,Ecuador,1
2015-05,2015-08,2,El Salvador,14
2015-05,2015-08,2,Guatemala,30
2015-05,2015-08,2,Honduras,16
2015-05,2015-08,2,India,1
2015-05,2015-08,2,Mexico,3
2015-05,2015-08,3,El Salvador,10
2015-05,2015-08,3,Guatemala,31
2015-05,2015-08,3,Honduras,2
2015-05,2015-08,3,India,3
2015-05,2015-08,3,Mexico,1
2015-05,2015-08,3,Other,3
2015-05,2015-08,4,Guatemala,1
2015-05,2015-08,4,Honduras,3
2015-05,2015-09,1,El Salvador,9
2015-05,2015-09,1,Guatemala,7
2015-05,2015-09,1,Honduras,7
2015-05,2015-09,1,Mexico,3
2015-05,2015-09,2,El Salvador,6
2015-05,2015-09,2,Guatemala,15
2015-05,2015-09,2,Honduras,2
2015-05,2015-09,3,El Salvador,9
2015-05,2015-09,3,Guatemala,13
2015-05,2015-09,3,Honduras,1
2015-05,2015-09,3,Mexico,1
2015-05,2015-09,3,Other,2
2015-05,2015-09,4,India,1
2015-05,2015-10,1,Honduras,2
2015-05,2015-10,1,Mexico,1
2015-05,2015-10,2,El Salvador,3
2015-05,2015-10,2,Guatemala,7
2015-05,2015-10,2,Honduras,2
2015-05,2015-10,3,El Salvador,5
2015-05,2015-10,3,Guatemala,7
2015-05,2015-10,3,Honduras,1
2015-05,2015-10,3,India,1
2015-05,2015-11,1,Honduras,1
2015-05,2015-11,1,Mexico,1
2015-05,2015-11,2,Guatemala,1
2015-05,2015-11,3,Guatemala,4
2015-05,2015-11,3,Other,1
2015-05,2015-12,1,El Salvador,3
2015-05,2015-12,1,Honduras,1
2015-05,2015-12,1,Mexico,1
2015-05,2015-12,2,El Salvador,2
2015-05,2015-12,2,Guatemala,2
2015-05,2015-12,3,El Salvador,1
2015-05,2015-12,3,Guatemala,3
2015-05,2015-12,3,Honduras,1
2015-05,2015-12,3,India,2
2015-05,2016-01,1,Honduras,1
2015-05,2016-01,2,Honduras,1
2015-05,2016-01,3,Guatemala,2
2015-05,2016-01,3,Honduras,1
2015-05,2016-01,3,Mexico,1
2015-05,2016-02,2,Guatemala,1
2015-05,2016-02,3,Honduras,1
2015-05,2016-06,3,Guatemala,1
2015-05,2016-06,3,Other,1
2015-05,2016-07,2,Honduras,1
2015-05,2016-08,2,Guatemala,1
2015-05,2017-03,1,Mexico,1
2015-05,2017-04,1,El Salvador,1
2015-06,2015-06,1,Ecuador,8
2015-06,2015-06,1,El Salvador,202
2015-06,2015-06,1,Guatemala,181
2015-06,2015-06,1,Honduras,100
2015-06,2015-06,1,Mexico,9
2015-06,2015-06,1,Nicaragua,1
2015-06,2015-06,1,Other,3
2015-06,2015-06,2,Ecuador,2
2015-06,2015-06,2,El Salvador,29
2015-06,2015-06,2,Guatemala,51
2015-06,2015-06,2,Honduras,13
2015-06,2015-06,2,Mexico,2
2015-06,2015-06,3,El Salvador,1
2015-06,2015-06,3,Guatemala,2
2015-06,2015-06,4,El Salvador,3
2015-06,2015-06,4,Guatemala,2
2015-06,2015-06,4,Honduras,3
2015-06,2015-07,1,Cuba,1
2015-06,2015-07,1,Ecuador,2
2015-06,2015-07,1,El Salvador,409
2015-06,2015-07,1,Guatemala,293
2015-06,2015-07,1,Honduras,232
2015-06,2015-07,1,Mexico,26
2015-06,2015-07,1,Nicaragua,3
2015-06,2015-07,1,Other,7
2015-06,2015-07,2,Ecuador,4
2015-06,2015-07,2,El Salvador,184
2015-06,2015-07,2,Guatemala,378
2015-06,2015-07,2,Honduras,89
2015-06,2015-07,2,India,2
2015-06,2015-07,2,Mexico,12
2015-06,2015-07,2,Nicaragua,1
2015-06,2015-07,3,El Salvador,12
2015-06,2015-07,3,Guatemala,36
2015-06,2015-07,3,Honduras,4
2015-06,2015-07,3,India,2
2015-06,2015-07,3,Mexico,2
2015-06,2015-07,4,Guatemala,10
2015-06,2015-07,4,Honduras,1
2015-06,2015-08,1,Cuba,1
2015-06,2015-08,1,Ecuador,1
2015-06,2015-08,1,El Salvador,44
2015-06,2015-08,1,Guatemala,40
2015-06,2015-08,1,Honduras,39
2015-06,2015-08,1,Mexico,1
2015-06,2015-08,1,Other,4
2015-06,2015-08,2,Ecuador,1
2015-06,2015-08,2,El Salvador,51
2015-06,2015-08,2,Guatemala,160
2015-06,2015-08,2,Honduras,39
2015-06,2015-08,2,India,2
2015-06,2015-08,2,Mexico,11
2015-06,2015-08,2,Other,2
2015-06,2015-08,3,El Salvador,18
2015-06,2015-08,3,Guatemala,70
2015-06,2015-08,3,Honduras,12
2015-06,2015-08,3,India,1
2015-06,2015-08,3,Mexico,2
2015-06,2015-08,3,Nicaragua,1
2015-06,2015-08,3,Other,2
2015-06,2015-08,4,Honduras,1
2015-06,2015-09,1,El Salvador,34
2015-06,2015-09,1,Guatemala,22
2015-06,2015-09,1,Honduras,36
2015-06,2015-09,1,Mexico,1
2015-06,2015-09,1,Nicaragua,1
2015-06,2015-09,1,Other,1
2015-06,2015-09,2,Cuba,1
2015-06,2015-09,2,El Salvador,15
2015-06,2015-09,2,Guatemala,39
2015-06,2015-09,2,Honduras,7
2015-06,2015-09,2,India,1
2015-06,2015-09,2,Mexico,1
2015-06,2015-09,3,El Salvador,20
2015-06,2015-09,3,Guatemala,33
2015-06,2015-09,3,Honduras,2
2015-06,2015-09,3,India,1
2015-06,2015-09,3,Other,4
2015-06,2015-10,1,El Salvador,14
2015-06,2015-10,1,Guatemala,7
2015-06,2015-10,1,Honduras,14
2015-06,2015-10,1,Mexico,2
2015-06,2015-10,2,Cuba,1
2015-06,2015-10,2,El Salvador,4
2015-06,2015-10,2,Guatemala,19
2015-06,2015-10,2,Honduras,6
2015-06,2015-10,3,Cuba,1
2015-06,2015-10,3,El Salvador,6
2015-06,2015-10,3,Guatemala,16
2015-06,2015-10,3,Honduras,5
2015-06,2015-10,3,India,2
2015-06,2015-10,3,Mexico,2
2015-06,2015-11,1,El Salvador,3
2015-06,2015-11,1,Guatemala,2
2015-06,2015-11,1,Honduras,8
2015-06,2015-11,1,Mexico,1
2015-06,2015-11,2,El Salvador,1
2015-06,2015-11,2,Guatemala,5
2015-06,2015-11,2,Honduras,2
2015-06,2015-11,2,Other,1
2015-06,2015-11,3,El Salvador,2
2015-06,2015-11,3,Guatemala,13
2015-06,2015-11,3,Honduras,1
2015-06,2015-12,1,El Salvador,6
2015-06,2015-12,1,Guatemala,1
2015-06,2015-12,1,Honduras,8
2015-06,2015-12,1,Mexico,1
2015-06,2015-12,1,Nicaragua,2
2015-06,2015-12,2,El Salvador,3
2015-06,2015-12,2,Guatemala,4
2015-06,2015-12,2,Honduras,1
2015-06,2015-12,3,El Salvador,2
2015-06,2015-12,3,Guatemala,5
2015-06,2015-12,3,Honduras,3
2015-06,2015-12,3,India,1
2015-06,2015-12,3,Other,2
2015-06,2016-01,1,El Salvador,2
2015-06,2016-01,1,Honduras,1
2015-06,2016-01,2,Guatemala,1
2015-06,2016-01,2,Honduras,1
2015-06,2016-01,3,Guatemala,3
2015-06,2016-01,3,Mexico,1
2015-06,2016-02,1,El Salvador,1
2015-06,2016-02,1,Guatemala,1
2015-06,2016-02,1,Mexico,1
2015-06,2016-02,1,Other,1
2015-06,2016-02,3,Guatemala,2
2015-06,2016-02,3,Mexico,1
2015-06,2016-03,1,Mexico,1
2015-06,2016-03,3,Guatemala,2
2015-06,2016-03,3,India,1
2015-06,2016-04,2,Guatemala,2
2015-06,2016-06,1,Honduras,3
2015-06,2016-06,2,Guatemala,1
2015-06,2016-07,1,Guatemala,1
2015-06,2017-02,1,Mexico,1
2015-07,2015-07,1,Cuba,1
2015-07,2015-07,1,Ecuador,1
2015-07,2015-07,1,El Salvador,253
2015-07,2015-07,1,Guatemala,184
2015-07,2015-07,1,Honduras,167
2015-07,2015-07,1,Mexico,19
2015-07,2015-07,1,Nicaragua,1
2015-07,2015-07,1,Other,4
2015-07,2015-07,2,El Salvador,31
2015-07,2015-07,2,Guatemala,56
2015-07,2015-07,2,Honduras,13
2015-07,2015-07,2,Mexico,2
2015-07,2015-07,3,Guatemala,3
2015-07,2015-08,1,Ecuador,2
2015-07,2015-08,1,El Salvador,421
2015-07,2015-08,1,Guatemala,311
2015-07,2015-08,1,Honduras,227
2015-07,2015-08,1,Mexico,30
2015-07,2015-08,1,Nicaragua,3
2015-07,2015-08,1,Other,3
2015-07,2015-08,2,Cuba,1
2015-07,2015-08,2,Ecuador,1
2015-07,2015-08,2,El Salvador,181
2015-07,2015-08,2,Guatemala,428
2015-07,2015-08,2,Honduras,93
2015-07,2015-08,2,India,5
2015-07,2015-08,2,Mexico,18
2015-07,2015-08,2,Nicaragua,1
2015-07,2015-08,2,Other,5
2015-07,2015-08,3,Cuba,1
2015-07,2015-08,3,El Salvador,10
2015-07,2015-08,3,Guatemala,36
2015-07,2015-08,3,Honduras,3
2015-07,2015-08,3,India,1
2015-07,2015-08,3,Mexico,3
2015-07,2015-08,3,Nicaragua,1
2015-07,2015-08,3,Other,1
2015-07,2015-09,1,El Salvador,83
2015-07,2015-09,1,Guatemala,36
2015-07,2015-09,1,Honduras,41
2015-07,2015-09,1,Mexico,6
2015-07,2015-09,1,Other,3
2015-07,2015-09,2,El Salvador,58
2015-07,2015-09,2,Guatemala,164
2015-07,2015-09,2,Honduras,39
2015-07,2015-09,2,India,1
2015-07,2015-09,2,Mexico,9
2015-07,2015-09,2,Other,3
2015-07,2015-09,3,El Salvador,34
2015-07,2015-09,3,Guatemala,88
2015-07,2015-09,3,Honduras,19
2015-07,2015-09,3,India,6
2015-07,2015-09,3,Mexico,1
2015-07,2015-09,3,Other,4
2015-07,2015-10,1,El Salvador,21
2015-07,2015-10,1,Guatemala,19
2015-07,2015-10,1,Honduras,12
2015-07,2015-10,2,El Salvador,13
2015-07,2015-10,2,Guatemala,26
2015-07,2015-10,2,Honduras,5
2015-07,2015-10,2,Mexico,4
2015-07,2015-10,3,El Salvador,17
2015-07,2015-10,3,Guatemala,36
2015-07,2015-10,3,Honduras,7
2015-07,2015-10,3,India,5
2015-07,2015-10,3,Mexico,2
2015-07,2015-10,3,Nicaragua,1
2015-07,2015-11,1,El Salvador,8
2015-07,2015-11,1,Guatemala,13
2015-07,2015-11,1,Honduras,4
2015-07,2015-11,1,Mexico,1
2015-07,2015-11,2,El Salvador,12
2015-07,2015-11,2,Guatemala,14
2015-07,2015-11,2,Other,1
2015-07,2015-11,3,El Salvador,4
2015-07,2015-11,3,Guatemala,15
2015-07,2015-11,3,Honduras,5
2015-07,2015-11,3,India,1
2015-07,2015-11,3,Mexico,2
2015-07,2015-11,3,Other,1
2015-07,2015-12,1,El Salvador,30
2015-07,2015-12,1,Guatemala,20
2015-07,2015-12,1,Honduras,14
2015-07,2015-12,1,Mexico,2
2015-07,2015-12,1,Other,1
2015-07,2015-12,2,El Salvador,3
2015-07,2015-12,2,Guatemala,16
2015-07,2015-12,2,Honduras,7
2015-07,2015-12,2,Mexico,2
2015-07,2015-12,3,Guatemala,14
2015-07,2015-12,3,Honduras,6
2015-07,2015-12,3,India,4
2015-07,2016-01,1,El Salvador,3
2015-07,2016-01,1,Guatemala,6
2015-07,2016-01,1,Honduras,5
2015-07,2016-01,1,Mexico,1
2015-07,2016-01,2,El Salvador,3
2015-07,2016-01,2,Guatemala,8
2015-07,2016-01,2,India,1
2015-07,2016-01,3,Guatemala,4
2015-07,2016-01,3,Honduras,2
2015-07,2016-01,3,India,2
2015-07,2016-01,3,Mexico,1
2015-07,2016-02,1,Guatemala,1
2015-07,2016-02,1,Honduras,1
2015-07,2016-02,2,El Salvador,1
2015-07,2016-02,2,Guatemala,1
2015-07,2016-02,3,Guatemala,2
2015-07,2016-02,3,Honduras,1
2015-07,2016-03,3,Guatemala,3
2015-07,2016-04,1,Guatemala,2
2015-07,2016-04,2,Honduras,1
2015-07,2016-05,2,Guatemala,1
2015-07,2016-08,2,El Salvador,1
2015-07,2016-09,3,Guatemala,1
2015-07,2016-09,3,Other,1
2015-07,2016-11,2,Honduras,1
2015-07,2017-04,3,Honduras,1
2015-07,2017-12,1,Mexico,1
2015-08,2015-08,1,El Salvador,223
2015-08,2015-08,1,Guatemala,212
2015-08,2015-08,1,Honduras,168
2015-08,2015-08,1,Mexico,19
2015-08,2015-08,1,Nicaragua,1
2015-08,2015-08,2,Ecuador,1
2015-08,2015-08,2,El Salvador,38
2015-08,2015-08,2,Guatemala,63
2015-08,2015-08,2,Honduras,6
2015-08,2015-08,2,Mexico,1
2015-08,2015-08,3,Guatemala,1
2015-08,2015-09,1,Cuba,1
2015-08,2015-09,1,Ecuador,6
2015-08,2015-09,1,El Salvador,569
2015-08,2015-09,1,Guatemala,395
2015-08,2015-09,1,Honduras,344
2015-08,2015-09,1,India,1
2015-08,2015-09,1,Mexico,49
2015-08,2015-09,1,Nicaragua,3
2015-08,2015-09,1,Other,8
2015-08,2015-09,2,Ecuador,2
2015-08,2015-09,2,El Salvador,235
2015-08,2015-09,2,Guatemala,440
2015-08,2015-09,2,Honduras,122
2015-08,2015-09,2,India,2
2015-08,2015-09,2,Mexico,23
2015-08,2015-09,2,Nicaragua,3
2015-08,2015-09,2,Other,9
2015-08,2015-09,3,El Salvador,11
2015-08,2015-09,3,Guatemala,39
2015-08,2015-09,3,Honduras,8
2015-08,2015-09,3,Other,2
2015-08,2015-10,1,El Salvador,74
2015-08,2015-10,1,Guatemala,69
2015-08,2015-10,1,Honduras,60
2015-08,2015-10,1,Mexico,5
2015-08,2015-10,1,Nicaragua,1
2015-08,2015-10,1,Other,4
2015-08,2015-10,2,El Salvador,82
2015-08,2015-10,2,Guatemala,175
2015-08,2015-10,2,Honduras,62
2015-08,2015-10,2,India,1
2015-08,2015-10,2,Mexico,8
2015-08,2015-10,2,Nicaragua,2
2015-08,2015-10,2,Other,7
2015-08,2015-10,3,Ecuador,1
2015-08,2015-10,3,El Salvador,25
2015-08,2015-10,3,Guatemala,82
2015-08,2015-10,3,Honduras,18
2015-08,2015-10,3,India,3
2015-08,2015-11,1,El Salvador,13
2015-08,2015-11,1,Guatemala,6
2015-08,2015-11,1,Honduras,23
2015-08,2015-11,1,Mexico,5
2015-08,2015-11,2,El Salvador,12
2015-08,2015-11,2,Guatemala,40
2015-08,2015-11,2,Honduras,15
2015-08,2015-11,2,India,3
2015-08,2015-11,2,Mexico,5
2015-08,2015-11,3,El Salvador,12
2015-08,2015-11,3,Guatemala,40
2015-08,2015-11,3,Honduras,4
2015-08,2015-11,3,India,7
2015-08,2015-12,1,El Salvador,20
2015-08,2015-12,1,Guatemala,21
2015-08,2015-12,1,Honduras,24
2015-08,2015-12,1,Mexico,1
2015-08,2015-12,1,Other,3
2015-08,2015-12,2,El Salvador,5
2015-08,2015-12,2,Guatemala,16
2015-08,2015-12,2,Honduras,3
2015-08,2015-12,2,Mexico,2
2015-08,2015-12,2,Other,1
2015-08,2015-12,3,El Salvador,8
2015-08,2015-12,3,Guatemala,18
2015-08,2015-12,3,Honduras,8
2015-08,2015-12,3,India,1
2015-08,2015-12,3,Other,1
2015-08,2015-12,3,Venezuela,1
2015-08,2016-01,1,El Salvador,6
2015-08,2016-01,1,Guatemala,3
2015-08,2016-01,1,Honduras,8
2015-08,2016-01,2,El Salvador,5
2015-08,2016-01,2,Guatemala,5
2015-08,2016-01,2,Honduras,7
2015-08,2016-01,2,Mexico,1
2015-08,2016-01,3,El Salvador,1
2015-08,2016-01,3,Guatemala,8
2015-08,2016-01,3,Honduras,5
2015-08,2016-01,3,India,2
2015-08,2016-02,1,Guatemala,2
2015-08,2016-02,1,Honduras,1
2015-08,2016-02,1,Mexico,1
2015-08,2016-02,2,El Salvador,1
2015-08,2016-02,2,Guatemala,1
2015-08,2016-02,2,Honduras,1
2015-08,2016-02,2,Mexico,4
2015-08,2016-02,3,Guatemala,3
2015-08,2016-02,3,Honduras,1
2015-08,2016-02,3,India,1
2015-08,2016-02,3,Mexico,3
2015-08,2016-02,3,Other,1
2015-08,2016-03,1,Guatemala,2
2015-08,2016-03,2,El Salvador,1
2015-08,2016-03,2,India,1
2015-08,2016-03,3,El Salvador,2
2015-08,2016-03,3,Other,1
2015-08,2016-04,1,Guatemala,1
2015-08,2016-04,2,El Salvador,1
2015-08,2016-04,2,Guatemala,1
2015-08,2016-04,2,Honduras,1
2015-08,2016-05,2,El Salvador,1
2015-08,2016-05,2,Guatemala,1
2015-08,2016-05,3,Guatemala,1
2015-08,2016-08,3,El Salvador,1
2015-08,2016-12,1,Guatemala,1
2015-08,2016-12,2,Mexico,1
2015-08,2017-04,1,El Salvador,1
2015-09,2015-09,1,Ecuador,4
2015-09,2015-09,1,El Salvador,291
2015-09,2015-09,1,Guatemala,211
2015-09,2015-09,1,Honduras,124
2015-09,2015-09,1,Mexico,27
2015-09,2015-09,1,Nicaragua,2
2015-09,2015-09,1,Other,4
2015-09,2015-09,2,Cuba,1
2015-09,2015-09,2,Ecuador,1
2015-09,2015-09,2,El Salvador,49
2015-09,2015-09,2,Guatemala,64
2015-09,2015-09,2,Honduras,16
2015-09,2015-09,2,Mexico,3
2015-09,2015-09,2,Other,1
2015-09,2015-09,3,El Salvador,1
2015-09,2015-09,3,Guatemala,2
2015-09,2015-09,3,Mexico,1
2015-09,2015-09,3,Other,1
2015-09,2015-10,1,Ecuador,4
2015-09,2015-10,1,El Salvador,625
2015-09,2015-10,1,Guatemala,352
2015-09,2015-10,1,Honduras,305
2015-09,2015-10,1,Mexico,43
2015-09,2015-10,1,Nicaragua,2
2015-09,2015-10,1,Other,12
2015-09,2015-10,2,Ecuador,2
2015-09,2015-10,2,El Salvador,294
2015-09,2015-10,2,Guatemala,384
2015-09,2015-10,2,Honduras,128
2015-09,2015-10,2,India,1
2015-09,2015-10,2,Mexico,16
2015-09,2015-10,2,Nicaragua,1
2015-09,2015-10,2,Other,8
2015-09,2015-10,3,El Salvador,11
2015-09,2015-10,3,Guatemala,47
2015-09,2015-10,3,Honduras,5
2015-09,2015-10,3,India,1
2015-09,2015-10,3,Mexico,1
2015-09,2015-10,3,Other,2
2015-09,2015-11,1,El Salvador,53
2015-09,2015-11,1,Guatemala,27
2015-09,2015-11,1,Honduras,25
2015-09,2015-11,1,Mexico,4
2015-09,2015-11,1,Other,2
2015-09,2015-11,2,El Salvador,60
2015-09,2015-11,2,Guatemala,137
2015-09,2015-11,2,Honduras,43
2015-09,2015-11,2,India,2
2015-09,2015-11,2,Mexico,9
2015-09,2015-11,2,Nicaragua,1
2015-09,2015-11,2,Other,3
2015-09,2015-11,3,Ecuador,3
2015-09,2015-11,3,El Salvador,41
2015-09,2015-11,3,Guatemala,96
2015-09,2015-11,3,Honduras,16
2015-09,2015-11,3,India,8
2015-09,2015-11,3,Mexico,3
2015-09,2015-11,3,Other,3
2015-09,2015-12,1,El Salvador,25
2015-09,2015-12,1,Guatemala,23
2015-09,2015-12,1,Honduras,35
2015-09,2015-12,1,Other,1
2015-09,2015-12,2,Cuba,2
2015-09,2015-12,2,El Salvador,16
2015-09,2015-12,2,Guatemala,37
2015-09,2015-12,2,Honduras,12
2015-09,2015-12,2,India,1
2015-09,2015-12,2,Mexico,1
2015-09,2015-12,2,Other,2
2015-09,2015-12,3,El Salvador,14
2015-09,2015-12,3,Guatemala,54
2015-09,2015-12,3,Honduras,16
2015-09,2015-12,3,India,8
2015-09,2015-12,3,Mexico,1
2015-09,2015-12,3,Other,3
2015-09,2016-01,1,Ecuador,1
2015-09,2016-01,1,El Salvador,7
2015-09,2016-01,1,Guatemala,4
2015-09,2016-01,1,Honduras,10
2015-09,2016-01,2,El Salvador,3
2015-09,2016-01,2,Guatemala,13
2015-09,2016-01,2,Honduras,3
2015-09,2016-01,2,Mexico,1
2015-09,2016-01,3,El Salvador,2
2015-09,2016-01,3,Guatemala,15
2015-09,2016-01,3,Honduras,5
2015-09,2016-01,3,India,2
2015-09,2016-01,3,Mexico,1
2015-09,2016-01,3,Other,2
2015-09,2016-02,1,Guatemala,2
2015-09,2016-02,1,Mexico,1
2015-09,2016-02,2,El Salvador,3
2015-09,2016-02,2,Guatemala,5
2015-09,2016-02,2,Other,1
2015-09,2016-02,3,El Salvador,2
2015-09,2016-02,3,Guatemala,7
2015-09,2016-02,3,Honduras,1
2015-09,2016-02,3,Other,1
2015-09,2016-03,1,El Salvador,1
2015-09,2016-03,1,Guatemala,4
2015-09,2016-03,2,Guatemala,6
2015-09,2016-03,2,Mexico,2
2015-09,2016-03,3,El Salvador,2
2015-09,2016-03,3,Guatemala,2
2015-09,2016-03,3,Honduras,1
2015-09,2016-04,2,Guatemala,5
2015-09,2016-04,2,Mexico,4
2015-09,2016-04,2,Other,1
2015-09,2016-04,3,Guatemala,1
2015-09,2016-05,1,Honduras,1
2015-09,2016-05,2,El Salvador,1
2015-09,2016-05,3,Guatemala,2
2015-09,2016-06,2,Guatemala,1
2015-09,2016-06,2,Honduras,1
2015-09,2016-07,1,El Salvador,1
2015-09,2016-07,1,Guatemala,1
2015-09,2016-07,3,Honduras,1
2015-09,2016-08,3,Guatemala,1
2015-09,2016-10,2,Guatemala,1
2015-09,2016-12,3,Guatemala,1
2015-09,2017-05,2,Guatemala,1
2015-10,2015-10,1,Ecuador,3
2015-10,2015-10,1,El Salvador,421
2015-10,2015-10,1,Guatemala,230
2015-10,2015-10,1,Honduras,202
2015-10,2015-10,1,Mexico,18
2015-10,2015-10,1,Nicaragua,2
2015-10,2015-10,1,Other,3
2015-10,2015-10,2,Cuba,1
2015-10,2015-10,2,Ecuador,2
2015-10,2015-10,2,El Salvador,69
2015-10,2015-10,2,Guatemala,82
2015-10,2015-10,2,Honduras,26
2015-10,2015-10,2,India,1
2015-10,2015-10,2,Mexico,2
2015-10,2015-10,2,Nicaragua,1
2015-10,2015-10,2,Other,1
2015-10,2015-10,3,Guatemala,2
2015-10,2015-11,1,Ecuador,9
2015-10,2015-11,1,El Salvador,609
2015-10,2015-11,1,Guatemala,383
2015-10,2015-11,1,Honduras,313
2015-10,2015-11,1,Mexico,20
2015-10,2015-11,1,Nicaragua,9
2015-10,2015-11,1,Other,3
2015-10,2015-11,2,Cuba,1
2015-10,2015-11,2,Ecuador,2
2015-10,2015-11,2,El Salvador,278
2015-10,2015-11,2,Guatemala,429
2015-10,2015-11,2,Honduras,97
2015-10,2015-11,2,Mexico,19
2015-10,2015-11,2,Nicaragua,2
2015-10,2015-11,2,Other,5
2015-10,2015-11,3,El Salvador,23
2015-10,2015-11,3,Guatemala,45
2015-10,2015-11,3,Honduras,7
2015-10,2015-11,3,India,1
2015-10,2015-11,3,Mexico,3
2015-10,2015-12,1,El Salvador,88
2015-10,2015-12,1,Guatemala,47
2015-10,2015-12,1,Honduras,50
2015-10,2015-12,1,Mexico,5
2015-10,2015-12,1,Nicaragua,1
2015-10,2015-12,1,Other,3
2015-10,2015-12,2,Ecuador,2
2015-10,2015-12,2,El Salvador,91
2015-10,2015-12,2,Guatemala,193
2015-10,2015-12,2,Honduras,60
2015-10,2015-12,2,India,1
2015-10,2015-12,2,Mexico,7
2015-10,2015-12,2,Nicaragua,1
2015-10,2015-12,3,El Salvador,44
2015-10,2015-12,3,Guatemala,100
2015-10,2015-12,3,Honduras,23
2015-10,2015-12,3,India,3
2015-10,2015-12,3,Other,2
2015-10,2016-01,1,El Salvador,26
2015-10,2016-01,1,Guatemala,15
2015-10,2016-01,1,Honduras,19
2015-10,2016-01,1,Mexico,2
2015-10,2016-01,2,El Salvador,6
2015-10,2016-01,2,Guatemala,30
2015-10,2016-01,2,Honduras,12
2015-10,2016-01,2,Mexico,2
2015-10,2016-01,2,Other,1
2015-10,2016-01,3,El Salvador,13
2015-10,2016-01,3,Guatemala,36
2015-10,2016-01,3,Honduras,15
2015-10,2016-01,3,India,5
2015-10,2016-01,3,Mexico,1
2015-10,2016-01,3,Other,2
2015-10,2016-02,1,El Salvador,6
2015-10,2016-02,1,Guatemala,5
2015-10,2016-02,1,Honduras,7
2015-10,2016-02,1,Other,1
2015-10,2016-02,2,Ecuador,2
2015-10,2016-02,2,El Salvador,4
2015-10,2016-02,2,Guatemala,9
2015-10,2016-02,2,Honduras,4
2015-10,2016-02,2,Other,1
2015-10,2016-02,3,El Salvador,4
2015-10,2016-02,3,Guatemala,11
2015-10,2016-02,3,Honduras,3
2015-10,2016-02,3,Mexico,1
2015-10,2016-03,1,El Salvador,5
2015-10,2016-03,1,Guatemala,4
2015-10,2016-03,1,Honduras,3
2015-10,2016-03,2,El Salvador,1
2015-10,2016-03,2,Guatemala,8
2015-10,2016-03,2,Honduras,2
2015-10,2016-03,2,Other,2
2015-10,2016-03,3,El Salvador,5
2015-10,2016-03,3,Guatemala,4
2015-10,2016-03,3,India,1
2015-10,2016-04,1,El Salvador,1
2015-10,2016-04,1,Honduras,1
2015-10,2016-04,1,Mexico,1
2015-10,2016-04,2,El Salvador,4
2015-10,2016-04,2,Guatemala,3
2015-10,2016-04,2,Honduras,2
2015-10,2016-04,3,El Salvador,2
2015-10,2016-04,3,Guatemala,4
2015-10,2016-04,3,Honduras,2
2015-10,2016-04,3,India,1
2015-10,2016-05,1,El Salvador,1
2015-10,2016-05,1,Honduras,2
2015-10,2016-05,2,Guatemala,2
2015-10,2016-05,2,Honduras,2
2015-10,2016-05,3,El Salvador,2
2015-10,2016-05,3,Guatemala,5
2015-10,2016-06,1,El Salvador,1
2015-10,2016-06,1,Guatemala,1
2015-10,2016-06,1,Mexico,1
2015-10,2016-06,2,Guatemala,2
2015-10,2016-06,3,Guatemala,1
2015-10,2016-07,1,Honduras,1
2015-10,2016-08,2,Guatemala,1
2015-10,2016-08,3,Guatemala,1
2015-10,2016-09,3,Honduras,1
2015-10,2016-10,3,Honduras,1
2015-10,2016-11,3,Guatemala,1
2015-10,2017-04,1,Guatemala,1
2015-10,2017-04,2,Guatemala,1
2015-11,2015-11,1,Cuba,2
2015-11,2015-11,1,Ecuador,4
2015-11,2015-11,1,El Salvador,323
2015-11,2015-11,1,Guatemala,283
2015-11,2015-11,1,Honduras,139
2015-11,2015-11,1,Mexico,39
2015-11,2015-11,1,Nicaragua,1
2015-11,2015-11,1,Other,1
2015-11,2015-11,2,Cuba,2
2015-11,2015-11,2,El Salvador,42
2015-11,2015-11,2,Guatemala,63
2015-11,2015-11,2,Honduras,12
2015-11,2015-11,2,India,1
2015-11,2015-11,2,Mexico,4
2015-11,2015-11,2,Other,4
2015-11,2015-11,3,Guatemala,3
2015-11,2015-12,1,Cuba,1
2015-11,2015-12,1,Ecuador,1
2015-11,2015-12,1,El Salvador,752
2015-11,2015-12,1,Guatemala,737
2015-11,2015-12,1,Honduras,466
2015-11,2015-12,1,Mexico,42
2015-11,2015-12,1,Nicaragua,10
2015-11,2015-12,1,Other,10
2015-11,2015-12,2,Cuba,1
2015-11,2015-12,2,Ecuador,4
2015-11,2015-12,2,El Salvador,328
2015-11,2015-12,2,Guatemala,703
2015-11,2015-12,2,Honduras,143
2015-11,2015-12,2,Mexico,25
2015-11,2015-12,2,Nicaragua,2
2015-11,2015-12,2,Other,11
2015-11,2015-12,3,Ecuador,1
2015-11,2015-12,3,El Salvador,22
2015-11,2015-12,3,Guatemala,71
2015-11,2015-12,3,Honduras,9
2015-11,2015-12,3,India,2
2015-11,2015-12,3,Mexico,3
2015-11,2015-12,4,Guatemala,1
2015-11,2016-01,1,El Salvador,41
2015-11,2016-01,1,Guatemala,47
2015-11,2016-01,1,Honduras,30
2015-11,2016-01,1,Mexico,2
2015-11,2016-01,1,Other,1
2015-11,2016-01,2,Ecuador,1
2015-11,2016-01,2,El Salvador,56
2015-11,2016-01,2,Guatemala,202
2015-11,2016-01,2,Honduras,49
2015-11,2016-01,2,India,2
2015-11,2016-01,2,Mexico,2
2015-11,2016-01,2,Other,3
2015-11,2016-01,3,El Salvador,32
2015-11,2016-01,3,Guatemala,121
2015-11,2016-01,3,Honduras,23
2015-11,2016-01,3,India,7
2015-11,2016-01,3,Mexico,1
2015-11,2016-01,3,Other,6
2015-11,2016-02,1,El Salvador,16
2015-11,2016-02,1,Guatemala,15
2015-11,2016-02,1,Honduras,12
2015-11,2016-02,1,Mexico,1
2015-11,2016-02,2,El Salvador,22
2015-11,2016-02,2,Guatemala,70
2015-11,2016-02,2,Honduras,13
2015-11,2016-02,2,Mexico,4
2015-11,2016-02,2,Nicaragua,1
2015-11,2016-02,2,Other,1
2015-11,2016-02,3,El Salvador,17
2015-11,2016-02,3,Guatemala,56
2015-11,2016-02,3,Honduras,7
2015-11,2016-02,3,India,2
2015-11,2016-02,3,Mexico,1
2015-11,2016-02,4,Honduras,1
2015-11,2016-03,1,El Salvador,9
2015-11,2016-03,1,Guatemala,4
2015-11,2016-03,1,Honduras,9
2015-11,2016-03,1,Mexico,3
2015-11,2016-03,1,Other,2
2015-11,2016-03,2,El Salvador,4
2015-11,2016-03,2,Guatemala,17
2015-11,2016-03,2,Honduras,7
2015-11,2016-03,2,India,1
2015-11,2016-03,3,El Salvador,8
2015-11,2016-03,3,Guatemala,19
2015-11,2016-03,3,Honduras,9
2015-11,2016-03,3,India,5
2015-11,2016-03,3,Mexico,1
2015-11,2016-04,1,El Salvador,7
2015-11,2016-04,1,Guatemala,8
2015-11,2016-04,1,Honduras,1
2015-11,2016-04,1,Mexico,1
2015-11,2016-04,2,El Salvador,2
2015-11,2016-04,2,Guatemala,8
2015-11,2016-04,2,Honduras,2
2015-11,2016-04,3,Guatemala,7
2015-11,2016-04,3,Honduras,2
2015-11,2016-04,3,India,2
2015-11,2016-05,1,El Salvador,2
2015-11,2016-05,1,Guatemala,2
2015-11,2016-05,1,Honduras,2
2015-11,2016-05,1,Other,1
2015-11,2016-05,2,El Salvador,3
2015-11,2016-05,2,Guatemala,4
2015-11,2016-05,2,Honduras,1
2015-11,2016-05,2,India,1
2015-11,2016-05,3,El Salvador,3
2015-11,2016-05,3,Guatemala,2
2015-11,2016-05,3,India,1
2015-11,2016-06,1,Honduras,1
2015-11,2016-06,2,Honduras,5
2015-11,2016-06,3,Mexico,1
2015-11,2016-07,1,Honduras,2
2015-11,2016-07,2,Guatemala,4
2015-11,2016-07,2,Mexico,1
2015-11,2016-07,3,El Salvador,1
2015-11,2016-07,3,Guatemala,1
2015-11,2016-08,1,Honduras,1
2015-11,2016-08,3,Honduras,1
2015-11,2016-09,2,El Salvador,1
2015-11,2016-09,3,El Salvador,1
2015-11,2016-10,1,Honduras,1
2015-11,2016-11,1,Guatemala,1
2015-11,2016-11,3,Guatemala,2
2015-11,2016-12,3,El Salvador,1
2015-11,2017-01,1,Guatemala,1
2015-11,2017-02,1,El Salvador,1
2015-11,2017-02,3,Guatemala,1
2015-11,2017-04,3,Guatemala,1
2015-11,2018-08,3,Mexico,1
2015-12,2015-12,1,Ecuador,2
2015-12,2015-12,1,El Salvador,545
2015-12,2015-12,1,Guatemala,552
2015-12,2015-12,1,Honduras,335
2015-12,2015-12,1,Mexico,62
2015-12,2015-12,1,Nicaragua,7
2015-12,2015-12,1,Other,11
2015-12,2015-12,2,Cuba,1
2015-12,2015-12,2,El Salvador,88
2015-12,2015-12,2,Guatemala,123
2015-12,2015-12,2,Honduras,34
2015-12,2015-12,2,India,1
2015-12,2015-12,2,Mexico,4
2015-12,2015-12,2,Other,1
2015-12,2015-12,3,Cuba,1
2015-12,2015-12,3,El Salvador,1
2015-12,2015-12,3,Guatemala,3
2015-12,2015-12,3,Other,1
2015-12,2016-01,1,Ecuador,9
2015-12,2016-01,1,El Salvador,663
2015-12,2016-01,1,Guatemala,632
2015-12,2016-01,1,Honduras,436
2015-12,2016-01,1,Mexico,39
2015-12,2016-01,1,Nicaragua,11
2015-12,2016-01,1,Other,19
2015-12,2016-01,2,El Salvador,330
2015-12,2016-01,2,Guatemala,799
2015-12,2016-01,2,Honduras,149
2015-12,2016-01,2,India,2
2015-12,2016-01,2,Mexico,29
2015-12,2016-01,2,Other,9
2015-12,2016-01,3,Cuba,1
2015-12,2016-01,3,El Salvador,26
2015-12,2016-01,3,Guatemala,87
2015-12,2016-01,3,Honduras,11
2015-12,2016-01,3,Mexico,3
2015-12,2016-01,3,Other,7
2015-12,2016-01,4,El Salvador,1
2015-12,2016-02,1,El Salvador,32
2015-12,2016-02,1,Guatemala,40
2015-12,2016-02,1,Honduras,20
2015-12,2016-02,1,Mexico,4
2015-12,2016-02,1,Nicaragua,3
2015-12,2016-02,1,Other,1
2015-12,2016-02,2,El Salvador,117
2015-12,2016-02,2,Guatemala,405
2015-12,2016-02,2,Honduras,76
2015-12,2016-02,2,Mexico,7
2015-12,2016-02,2,Other,3
2015-12,2016-02,3,El Salvador,44
2015-12,2016-02,3,Guatemala,115
2015-12,2016-02,3,Honduras,14
2015-12,2016-02,3,India,5
2015-12,2016-02,3,Mexico,11
2015-12,2016-02,3,Other,14
2015-12,2016-03,1,Ecuador,1
2015-12,2016-03,1,El Salvador,20
2015-12,2016-03,1,Guatemala,23
2015-12,2016-03,1,Honduras,21
2015-12,2016-03,1,Mexico,9
2015-12,2016-03,1,Other,3
2015-12,2016-03,2,El Salvador,21
2015-12,2016-03,2,Guatemala,101
2015-12,2016-03,2,Honduras,15
2015-12,2016-03,2,Mexico,6
2015-12,2016-03,3,El Salvador,27
2015-12,2016-03,3,Guatemala,75
2015-12,2016-03,3,Honduras,19
2015-12,2016-03,3,India,5
2015-12,2016-03,3,Mexico,2
2015-12,2016-03,3,Other,3
2015-12,2016-04,1,El Salvador,9
2015-12,2016-04,1,Guatemala,9
2015-12,2016-04,1,Honduras,10
2015-12,2016-04,1,Mexico,1
2015-12,2016-04,1,Nicaragua,1
2015-12,2016-04,2,Ecuador,1
2015-12,2016-04,2,El Salvador,6
2015-12,2016-04,2,Guatemala,28
2015-12,2016-04,2,Honduras,2
2015-12,2016-04,2,Mexico,1
2015-12,2016-04,3,El Salvador,10
2015-12,2016-04,3,Guatemala,37
2015-12,2016-04,3,Honduras,10
2015-12,2016-04,3,India,2
2015-12,2016-04,3,Mexico,1
2015-12,2016-04,3,Other,2
2015-12,2016-05,1,El Salvador,2
2015-12,2016-05,1,Guatemala,4
2015-12,2016-05,1,Honduras,4
2015-12,2016-05,2,El Salvador,4
2015-12,2016-05,2,Guatemala,13
2015-12,2016-05,2,Honduras,5
2015-12,2016-05,2,Other,1
2015-12,2016-05,3,El Salvador,5
2015-12,2016-05,3,Guatemala,10
2015-12,2016-05,3,Honduras,4
2015-12,2016-05,3,Other,1
2015-12,2016-06,1,El Salvador,1
2015-12,2016-06,1,Guatemala,1
2015-12,2016-06,2,El Salvador,4
2015-12,2016-06,2,Guatemala,8
2015-12,2016-06,2,Honduras,1
2015-12,2016-06,2,India,2
2015-12,2016-06,3,Ecuador,1
2015-12,2016-06,3,El Salvador,1
2015-12,2016-06,3,Guatemala,14
2015-12,2016-06,3,Honduras,1
2015-12,2016-06,3,India,2
2015-12,2016-07,1,Guatemala,1
2015-12,2016-07,1,Mexico,1
2015-12,2016-07,2,Guatemala,3
2015-12,2016-07,2,Honduras,2
2015-12,2016-07,3,El Salvador,2
2015-12,2016-07,3,Guatemala,5
2015-12,2016-07,3,Nicaragua,1
2015-12,2016-08,1,El Salvador,1
2015-12,2016-08,1,Honduras,1
2015-12,2016-08,1,Mexico,1
2015-12,2016-08,2,El Salvador,1
2015-12,2016-08,2,Guatemala,3
2015-12,2016-08,3,Honduras,1
2015-12,2016-09,1,Guatemala,1
2015-12,2016-09,2,Guatemala,4
2015-12,2016-09,3,Guatemala,2
2015-12,2016-10,1,Guatemala,1
2015-12,2016-10,2,Guatemala,2
2015-12,2016-10,2,Honduras,1
2015-12,2016-10,3,Mexico,2
2015-12,2016-11,2,El Salvador,2
2015-12,2016-11,2,Guatemala,2
2015-12,2016-11,3,El Salvador,1
2015-12,2016-11,3,Guatemala,2
2015-12,2016-11,3,Honduras,1
2015-12,2016-12,2,Honduras,1
2015-12,2017-01,1,Honduras,2
2015-12,2017-01,3,Guatemala,1
2015-12,2017-02,2,Guatemala,1
2015-12,2017-03,3,Guatemala,1
2015-12,2017-04,2,Guatemala,1
2015-12,2017-04,3,Guatemala,1
2016-01,2016-01,1,Colombia,2
2016-01,2016-01,1,Ecuador,7
2016-01,2016-01,1,El Salvador,180
2016-01,2016-01,1,Guatemala,222
2016-01,2016-01,1,Honduras,80
2016-01,2016-01,1,Mexico,14
2016-01,2016-01,1,Nicaragua,2
2016-01,2016-01,1,Other,4
2016-01,2016-01,2,Cuba,1
2016-01,2016-01,2,Ecuador,1
2016-01,2016-01,2,El Salvador,25
2016-01,2016-01,2,Guatemala,78
2016-01,2016-01,2,Honduras,6
2016-01,2016-01,2,Mexico,5
2016-01,2016-01,3,Guatemala,6
2016-01,2016-01,3,Mexico,2
2016-01,2016-01,3,Venezuela,1
2016-01,2016-02,1,Ecuador,5
2016-01,2016-02,1,El Salvador,314
2016-01,2016-02,1,Guatemala,182
2016-01,2016-02,1,Honduras,142
2016-01,2016-02,1,Mexico,21
2016-01,2016-02,1,Nicaragua,4
2016-01,2016-02,1,Other,7
2016-01,2016-02,2,Cuba,2
2016-01,2016-02,2,Ecuador,3
2016-01,2016-02,2,El Salvador,174
2016-01,2016-02,2,Guatemala,366
2016-01,2016-02,2,Honduras,74
2016-01,2016-02,2,India,3
2016-01,2016-02,2,Mexico,8
2016-01,2016-02,2,Nicaragua,2
2016-01,2016-02,2,Other,4
2016-01,2016-02,3,El Salvador,9
2016-01,2016-02,3,Guatemala,48
2016-01,2016-02,3,Honduras,4
2016-01,2016-02,3,India,2
2016-01,2016-02,3,Nicaragua,1
2016-01,2016-02,3,Other,1
2016-01,2016-03,1,Ecuador,2
2016-01,2016-03,1,El Salvador,20
2016-01,2016-03,1,Guatemala,22
2016-01,2016-03,1,Honduras,20
2016-01,2016-03,1,Mexico,5
2016-01,2016-03,1,Other,2
2016-01,2016-03,2,El Salvador,31
2016-01,2016-03,2,Guatemala,101
2016-01,2016-03,2,Honduras,13
2016-01,2016-03,2,India,1
2016-01,2016-03,2,Mexico,9
2016-01,2016-03,2,Other,7
2016-01,2016-03,3,El Salvador,23
2016-01,2016-03,3,Guatemala,52
2016-01,2016-03,3,Honduras,4
2016-01,2016-03,3,India,7
2016-01,2016-03,3,Mexico,7
2016-01,2016-03,3,Other,8
2016-01,2016-04,1,El Salvador,5
2016-01,2016-04,1,Guatemala,3
2016-01,2016-04,1,Honduras,7
2016-01,2016-04,1,Mexico,3
2016-01,2016-04,2,Ecuador,1
2016-01,2016-04,2,El Salvador,4
2016-01,2016-04,2,Guatemala,14
2016-01,2016-04,2,Honduras,6
2016-01,2016-04,2,Mexico,3
2016-01,2016-04,3,El Salvador,8
2016-01,2016-04,3,Guatemala,28
2016-01,2016-04,3,Honduras,3
2016-01,2016-04,3,India,1
2016-01,2016-04,3,Other,4
2016-01,2016-05,1,El Salvador,1
2016-01,2016-05,1,Guatemala,3
2016-01,2016-05,1,Honduras,4
2016-01,2016-05,1,Other,5
2016-01,2016-05,2,El Salvador,3
2016-01,2016-05,2,Guatemala,7
2016-01,2016-05,2,Other,1
2016-01,2016-05,3,El Salvador,5
2016-01,2016-05,3,Guatemala,9
2016-01,2016-05,3,Honduras,7
2016-01,2016-05,3,India,3
2016-01,2016-05,3,Other,1
2016-01,2016-06,1,El Salvador,1
2016-01,2016-06,1,Guatemala,1
2016-01,2016-06,1,Honduras,2
2016-01,2016-06,1,Mexico,1
2016-01,2016-06,2,El Salvador,2
2016-01,2016-06,2,Guatemala,5
2016-01,2016-06,2,Honduras,2
2016-01,2016-06,2,India,1
2016-01,2016-06,3,El Salvador,2
2016-01,2016-06,3,Guatemala,2
2016-01,2016-06,3,Honduras,1
2016-01,2016-07,1,Guatemala,1
2016-01,2016-07,2,El Salvador,1
2016-01,2016-07,2,Guatemala,3
2016-01,2016-07,2,Honduras,2
2016-01,2016-07,3,Guatemala,1
2016-01,2016-07,3,Mexico,1
2016-01,2016-08,1,El Salvador,1
2016-01,2016-08,1,Mexico,1
2016-01,2016-08,2,Guatemala,3
2016-01,2016-09,2,Guatemala,1
2016-01,2016-09,3,El Salvador,1
2016-01,2016-09,3,Guatemala,2
2016-01,2016-10,1,Guatemala,2
2016-01,2016-11,3,El Salvador,1
2016-01,2016-12,1,El Salvador,1
2016-01,2016-12,3,El Salvador,1
2016-01,2017-01,2,Honduras,1
2016-01,2017-01,3,Guatemala,1
2016-01,2017-02,2,Guatemala,1
2016-01,2017-02,3,Guatemala,1
2016-01,2017-03,3,Honduras,1
2016-01,2017-09,2,Other,1
2016-02,2016-02,1,Colombia,1
2016-02,2016-02,1,Ecuador,1
2016-02,2016-02,1,El Salvador,229
2016-02,2016-02,1,Guatemala,161
2016-02,2016-02,1,Honduras,110
2016-02,2016-02,1,Mexico,23
2016-02,2016-02,1,Nicaragua,1
2016-02,2016-02,1,Other,3
2016-02,2016-02,2,Colombia,1
2016-02,2016-02,2,Cuba,1
2016-02,2016-02,2,El Salvador,47
2016-02,2016-02,2,Guatemala,59
2016-02,2016-02,2,Honduras,15
2016-02,2016-02,2,Mexico,6
2016-02,2016-02,3,Cuba,1
2016-02,2016-02,3,El Salvador,1
2016-02,2016-02,3,Guatemala,2
2016-02,2016-02,3,Honduras,1
2016-02,2016-03,1,Ecuador,2
2016-02,2016-03,1,El Salvador,302
2016-02,2016-03,1,Guatemala,169
2016-02,2016-03,1,Honduras,160
2016-02,2016-03,1,Mexico,27
2016-02,2016-03,1,Other,4
2016-02,2016-03,2,Ecuador,4
2016-02,2016-03,2,El Salvador,200
2016-02,2016-03,2,Guatemala,287
2016-02,2016-03,2,Honduras,82
2016-02,2016-03,2,India,3
2016-02,2016-03,2,Mexico,20
2016-02,2016-03,2,Nicaragua,1
2016-02,2016-03,2,Other,6
2016-02,2016-03,3,Cuba,2
2016-02,2016-03,3,El Salvador,21
2016-02,2016-03,3,Guatemala,39
2016-02,2016-03,3,Honduras,8
2016-02,2016-03,3,India,3
2016-02,2016-03,3,Mexico,2
2016-02,2016-03,3,Other,3
2016-02,2016-04,1,El Salvador,23
2016-02,2016-04,1,Guatemala,19
2016-02,2016-04,1,Honduras,20
2016-02,2016-04,1,Mexico,3
2016-02,2016-04,1,Nicaragua,2
2016-02,2016-04,1,Other,4
2016-02,2016-04,2,El Salvador,32
2016-02,2016-04,2,Guatemala,59
2016-02,2016-04,2,Honduras,25
2016-02,2016-04,2,India,1
2016-02,2016-04,2,Mexico,10
2016-02,2016-04,2,Other,2
2016-02,2016-04,3,El Salvador,34
2016-02,2016-04,3,Guatemala,25
2016-02,2016-04,3,Honduras,16
2016-02,2016-04,3,India,2
2016-02,2016-04,3,Mexico,3
2016-02,2016-04,3,Other,3
2016-02,2016-05,1,El Salvador,10
2016-02,2016-05,1,Guatemala,6
2016-02,2016-05,1,Honduras,6
2016-02,2016-05,1,Mexico,2
2016-02,2016-05,1,Other,1
2016-02,2016-05,2,Ecuador,1
2016-02,2016-05,2,El Salvador,6
2016-02,2016-05,2,Guatemala,21
2016-02,2016-05,2,Honduras,8
2016-02,2016-05,2,Mexico,2
2016-02,2016-05,3,Cuba,2
2016-02,2016-05,3,El Salvador,12
2016-02,2016-05,3,Guatemala,15
2016-02,2016-05,3,Honduras,8
2016-02,2016-05,3,India,5
2016-02,2016-05,3,Other,3
2016-02,2016-06,1,El Salvador,4
2016-02,2016-06,1,Guatemala,1
2016-02,2016-06,1,Honduras,2
2016-02,2016-06,2,El Salvador,1
2016-02,2016-06,2,Guatemala,4
2016-02,2016-06,2,Honduras,5
2016-02,2016-06,2,Mexico,2
2016-02,2016-06,2,Other,1
2016-02,2016-06,3,El Salvador,4
2016-02,2016-06,3,Guatemala,11
2016-02,2016-06,3,Honduras,2
2016-02,2016-06,3,Other,1
2016-02,2016-07,1,El Salvador,3
2016-02,2016-07,2,El Salvador,3
2016-02,2016-07,2,Guatemala,4
2016-02,2016-07,2,Honduras,2
2016-02,2016-07,3,El Salvador,3
2016-02,2016-07,3,Guatemala,4
2016-02,2016-07,3,Honduras,1
2016-02,2016-08,1,Guatemala,3
2016-02,2016-08,1,Mexico,1
2016-02,2016-08,2,Guatemala,5
2016-02,2016-08,2,Honduras,3
2016-02,2016-08,3,Guatemala,2
2016-02,2016-08,3,Honduras,1
2016-02,2016-08,3,India,1
2016-02,2016-09,1,Guatemala,2
2016-02,2016-09,2,Guatemala,1
2016-02,2016-09,3,El Salvador,1
2016-02,2016-09,3,Guatemala,2
2016-02,2016-09,3,Honduras,1
2016-02,2016-10,2,El Salvador,1
2016-02,2016-10,2,Guatemala,1
2016-02,2016-10,3,Guatemala,1
2016-02,2016-10,3,Honduras,1
2016-02,2016-11,2,Guatemala,1
2016-02,2017-02,3,India,1
2016-02,2017-04,2,Honduras,1
2016-02,2017-05,3,Other,1
2016-02,2018-04,1,Honduras,1
2016-02,2018-06,2,Guatemala,1
2016-03,2016-03,1,Colombia,1
2016-03,2016-03,1,Ecuador,5
2016-03,2016-03,1,El Salvador,310
2016-03,2016-03,1,Guatemala,193
2016-03,2016-03,1,Honduras,161
2016-03,2016-03,1,Mexico,26
2016-03,2016-03,1,Nicaragua,4
2016-03,2016-03,1,Other,9
2016-03,2016-03,2,Cuba,3
2016-03,2016-03,2,Ecuador,1
2016-03,2016-03,2,El Salvador,96
2016-03,2016-03,2,Guatemala,118
2016-03,2016-03,2,Honduras,36
2016-03,2016-03,2,India,1
2016-03,2016-03,2,Mexico,6
2016-03,2016-03,2,Other,2
2016-03,2016-03,3,Cuba,1
2016-03,2016-03,3,Guatemala,4
2016-03,2016-04,1,Ecuador,6
2016-03,2016-04,1,El Salvador,486
2016-03,2016-04,1,Guatemala,229
2016-03,2016-04,1,Honduras,232
2016-03,2016-04,1,India,1
2016-03,2016-04,1,Mexico,26
2016-03,2016-04,1,Nicaragua,1
2016-03,2016-04,1,Other,6
2016-03,2016-04,2,Cuba,1
2016-03,2016-04,2,Ecuador,1
2016-03,2016-04,2,El Salvador,232
2016-03,2016-04,2,Guatemala,327
2016-03,2016-04,2,Honduras,96
2016-03,2016-04,2,India,4
2016-03,2016-04,2,Mexico,10
2016-03,2016-04,2,Nicaragua,1
2016-03,2016-04,2,Other,3
2016-03,2016-04,3,El Salvador,24
2016-03,2016-04,3,Guatemala,48
2016-03,2016-04,3,Honduras,6
2016-03,2016-04,3,Mexico,3
2016-03,2016-04,3,Other,1
2016-03,2016-05,1,Colombia,1
2016-03,2016-05,1,El Salvador,57
2016-03,2016-05,1,Guatemala,42
2016-03,2016-05,1,Honduras,50
2016-03,2016-05,1,Mexico,5
2016-03,2016-05,1,Nicaragua,1
2016-03,2016-05,2,Ecuador,1
2016-03,2016-05,2,El Salvador,72
2016-03,2016-05,2,Guatemala,95
2016-03,2016-05,2,Honduras,30
2016-03,2016-05,2,Mexico,8
2016-03,2016-05,2,Nicaragua,1
2016-03,2016-05,2,Other,3
2016-03,2016-05,3,El Salvador,34
2016-03,2016-05,3,Guatemala,40
2016-03,2016-05,3,Honduras,21
2016-03,2016-05,3,India,3
2016-03,2016-05,3,Mexico,5
2016-03,2016-05,3,Nicaragua,1
2016-03,2016-05,3,Other,5
2016-03,2016-06,1,El Salvador,14
2016-03,2016-06,1,Guatemala,16
2016-03,2016-06,1,Honduras,19
2016-03,2016-06,2,El Salvador,12
2016-03,2016-06,2,Guatemala,25
2016-03,2016-06,2,Honduras,10
2016-03,2016-06,2,Mexico,1
2016-03,2016-06,2,Other,1
2016-03,2016-06,3,El Salvador,13
2016-03,2016-06,3,Guatemala,22
2016-03,2016-06,3,Honduras,7
2016-03,2016-06,3,India,3
2016-03,2016-06,3,Mexico,2
2016-03,2016-06,3,Other,3
2016-03,2016-07,1,El Salvador,3
2016-03,2016-07,1,Guatemala,5
2016-03,2016-07,1,Honduras,1
2016-03,2016-07,1,Other,1
2016-03,2016-07,2,Ecuador,1
2016-03,2016-07,2,El Salvador,6
2016-03,2016-07,2,Guatemala,10
2016-03,2016-07,2,Honduras,8
2016-03,2016-07,2,India,1
2016-03,2016-07,2,Other,1
2016-03,2016-07,3,El Salvador,3
2016-03,2016-07,3,Guatemala,15
2016-03,2016-07,3,Honduras,6
2016-03,2016-07,3,India,2
2016-03,2016-08,1,El Salvador,1
2016-03,2016-08,1,Guatemala,4
2016-03,2016-08,1,Honduras,1
2016-03,2016-08,1,Mexico,1
2016-03,2016-08,1,Other,1
2016-03,2016-08,2,El Salvador,2
2016-03,2016-08,2,Guatemala,5
2016-03,2016-08,2,Honduras,4
2016-03,2016-08,2,Mexico,1
2016-03,2016-08,3,El Salvador,5
2016-03,2016-08,3,Guatemala,7
2016-03,2016-08,3,Honduras,2
2016-03,2016-08,3,India,1
2016-03,2016-08,3,Other,1
2016-03,2016-09,1,El Salvador,1
2016-03,2016-09,1,Guatemala,1
2016-03,2016-09,1,Honduras,1
2016-03,2016-09,1,Mexico,2
2016-03,2016-09,2,Guatemala,5
2016-03,2016-09,2,Honduras,1
2016-03,2016-09,2,India,1
2016-03,2016-09,2,Mexico,1
2016-03,2016-09,3,El Salvador,1
2016-03,2016-09,3,Guatemala,3
2016-03,2016-09,3,Honduras,2
2016-03,2016-09,3,India,2
2016-03,2016-10,1,El Salvador,1
2016-03,2016-10,2,El Salvador,1
2016-03,2016-10,2,Guatemala,1
2016-03,2016-10,3,El Salvador,1
2016-03,2016-10,3,Guatemala,2
2016-03,2016-10,3,Honduras,2
2016-03,2016-10,3,Mexico,1
2016-03,2016-10,3,Nicaragua,1
2016-03,2016-11,1,El Salvador,1
2016-03,2016-11,1,Honduras,3
2016-03,2016-11,2,Guatemala,1
2016-03,2016-11,2,Honduras,1
2016-03,2016-11,3,Guatemala,1
2016-03,2016-11,3,Honduras,2
2016-03,2016-12,1,El Salvador,1
2016-03,2016-12,1,Honduras,3
2016-03,2016-12,2,Guatemala,1
2016-03,2016-12,2,Honduras,2
2016-03,2017-01,2,Guatemala,1
2016-03,2017-01,3,Guatemala,1
2016-03,2017-02,1,Mexico,1
2016-03,2017-02,2,Mexico,1
2016-03,2017-03,2,Guatemala,1
2016-03,2017-03,2,Honduras,3
2016-03,2017-03,3,Mexico,1
2016-03,2017-04,1,Guatemala,1
2016-03,2017-05,3,Guatemala,1
2016-03,2017-09,1,El Salvador,1
2016-04,2016-04,1,Ecuador,5
2016-04,2016-04,1,El Salvador,360
2016-04,2016-04,1,Guatemala,182
2016-04,2016-04,1,Honduras,134
2016-04,2016-04,1,Mexico,20
2016-04,2016-04,1,Nicaragua,2
2016-04,2016-04,1,Other,3
2016-04,2016-04,2,Cuba,2
2016-04,2016-04,2,El Salvador,111
2016-04,2016-04,2,Guatemala,84
2016-04,2016-04,2,Honduras,35
2016-04,2016-04,2,Mexico,6
2016-04,2016-04,2,Other,1
2016-04,2016-04,3,El Salvador,2
2016-04,2016-04,3,Guatemala,4
2016-04,2016-05,1,Ecuador,6
2016-04,2016-05,1,El Salvador,654
2016-04,2016-05,1,Guatemala,336
2016-04,2016-05,1,Honduras,330
2016-04,2016-05,1,Mexico,27
2016-04,2016-05,1,Nicaragua,2
2016-04,2016-05,1,Other,6
2016-04,2016-05,2,Cuba,1
2016-04,2016-05,2,Ecuador,4
2016-04,2016-05,2,El Salvador,331
2016-04,2016-05,2,Guatemala,401
2016-04,2016-05,2,Honduras,143
2016-04,2016-05,2,India,4
2016-04,2016-05,2,Mexico,20
2016-04,2016-05,2,Nicaragua,1
2016-04,2016-05,2,Other,4
2016-04,2016-05,3,El Salvador,37
2016-04,2016-05,3,Guatemala,36
2016-04,2016-05,3,Honduras,18
2016-04,2016-05,3,India,1
2016-04,2016-05,3,Mexico,3
2016-04,2016-05,3,Nicaragua,1
2016-04,2016-05,3,Other,2
2016-04,2016-06,1,Ecuador,3
2016-04,2016-06,1,El Salvador,91
2016-04,2016-06,1,Guatemala,33
2016-04,2016-06,1,Honduras,66
2016-04,2016-06,1,Mexico,7
2016-04,2016-06,1,Other,4
2016-04,2016-06,2,Ecuador,1
2016-04,2016-06,2,El Salvador,95
2016-04,2016-06,2,Guatemala,142
2016-04,2016-06,2,Honduras,51
2016-04,2016-06,2,India,3
2016-04,2016-06,2,Mexico,4
2016-04,2016-06,2,Other,5
2016-04,2016-06,3,Afghanistan,1
2016-04,2016-06,3,Ecuador,1
2016-04,2016-06,3,El Salvador,35
2016-04,2016-06,3,Guatemala,67
2016-04,2016-06,3,Honduras,26
2016-04,2016-06,3,India,7
2016-04,2016-06,3,Other,6
2016-04,2016-07,1,Ecuador,1
2016-04,2016-07,1,El Salvador,17
2016-04,2016-07,1,Guatemala,18
2016-04,2016-07,1,Honduras,27
2016-04,2016-07,1,Mexico,7
2016-04,2016-07,2,El Salvador,25
2016-04,2016-07,2,Guatemala,40
2016-04,2016-07,2,Honduras,22
2016-04,2016-07,2,India,3
2016-04,2016-07,2,Mexico,5
2016-04,2016-07,2,Other,1
2016-04,2016-07,3,El Salvador,28
2016-04,2016-07,3,Guatemala,42
2016-04,2016-07,3,Honduras,9
2016-04,2016-07,3,India,5
2016-04,2016-07,3,Mexico,2
2016-04,2016-07,3,Other,2
2016-04,2016-08,1,El Salvador,17
2016-04,2016-08,1,Guatemala,16
2016-04,2016-08,1,Honduras,6
2016-04,2016-08,1,Mexico,2
2016-04,2016-08,2,El Salvador,6
2016-04,2016-08,2,Guatemala,18
2016-04,2016-08,2,Honduras,8
2016-04,2016-08,2,India,1
2016-04,2016-08,2,Mexico,3
2016-04,2016-08,3,El Salvador,6
2016-04,2016-08,3,Guatemala,28
2016-04,2016-08,3,Honduras,7
2016-04,2016-08,3,India,6
2016-04,2016-08,3,Other,1
2016-04,2016-09,1,El Salvador,2
2016-04,2016-09,1,Guatemala,3
2016-04,2016-09,1,Honduras,4
2016-04,2016-09,1,Mexico,2
2016-04,2016-09,2,El Salvador,3
2016-04,2016-09,2,Guatemala,6
2016-04,2016-09,2,Honduras,4
2016-04,2016-09,2,Mexico,1
2016-04,2016-09,3,El Salvador,2
2016-04,2016-09,3,Guatemala,12
2016-04,2016-09,3,Honduras,5
2016-04,2016-09,3,India,3
2016-04,2016-09,3,Other,1
2016-04,2016-10,1,El Salvador,1
2016-04,2016-10,1,Guatemala,3
2016-04,2016-10,1,Honduras,3
2016-04,2016-10,2,El Salvador,1
2016-04,2016-10,2,Guatemala,5
2016-04,2016-10,2,Honduras,3
2016-04,2016-10,3,Guatemala,3
2016-04,2016-10,3,Honduras,4
2016-04,2016-11,1,El Salvador,1
2016-04,2016-11,1,Guatemala,3
2016-04,2016-11,1,Honduras,1
2016-04,2016-11,1,Mexico,2
2016-04,2016-11,2,El Salvador,4
2016-04,2016-11,2,Guatemala,3
2016-04,2016-11,2,Mexico,3
2016-04,2016-11,3,Guatemala,2
2016-04,2016-11,3,Honduras,1
2016-04,2016-11,3,India,1
2016-04,2016-11,3,Other,2
2016-04,2016-12,1,El Salvador,3
2016-04,2016-12,2,El Salvador,1
2016-04,2016-12,2,Guatemala,2
2016-04,2016-12,2,Honduras,2
2016-04,2016-12,3,El Salvador,1
2016-04,2016-12,3,Guatemala,1
2016-04,2016-12,3,Honduras,1
2016-04,2016-12,3,India,1
2016-04,2017-01,2,Guatemala,2
2016-04,2017-01,3,El Salvador,2
2016-04,2017-01,3,Guatemala,3
2016-04,2017-02,2,Guatemala,1
2016-04,2017-02,2,Mexico,1
2016-04,2017-02,3,Guatemala,1
2016-04,2017-02,3,Honduras,1
2016-04,2017-03,2,Guatemala,2
2016-04,2017-03,2,Other,1
2016-04,2017-03,3,Guatemala,1
2016-04,2017-04,1,Honduras,1
2016-04,2017-08,1,Mexico,1
2016-04,2017-12,3,Honduras,1
2016-05,2016-05,1,Ecuador,6
2016-05,2016-05,1,El Salvador,399
2016-05,2016-05,1,Guatemala,207
2016-05,2016-05,1,Honduras,177
2016-05,2016-05,1,India,1
2016-05,2016-05,1,Mexico,24
2016-05,2016-05,1,Nicaragua,1
2016-05,2016-05,1,Other,2
2016-05,2016-05,2,Cuba,1
2016-05,2016-05,2,Ecuador,1
2016-05,2016-05,2,El Salvador,81
2016-05,2016-05,2,Guatemala,81
2016-05,2016-05,2,Honduras,38
2016-05,2016-05,2,Mexico,4
2016-05,2016-05,2,Other,1
2016-05,2016-05,3,Cuba,1
2016-05,2016-05,3,El Salvador,1
2016-05,2016-05,3,Honduras,1
2016-05,2016-06,1,Ecuador,6
2016-05,2016-06,1,El Salvador,678
2016-05,2016-06,1,Guatemala,403
2016-05,2016-06,1,Honduras,372
2016-05,2016-06,1,Mexico,28
2016-05,2016-06,1,Nicaragua,6
2016-05,2016-06,1,Other,8
2016-05,2016-06,2,Colombia,1
2016-05,2016-06,2,Cuba,1
2016-05,2016-06,2,Ecuador,3
2016-05,2016-06,2,El Salvador,373
2016-05,2016-06,2,Guatemala,468
2016-05,2016-06,2,Honduras,177
2016-05,2016-06,2,India,1
2016-05,2016-06,2,Mexico,13
2016-05,2016-06,2,Nicaragua,3
2016-05,2016-06,2,Other,9
2016-05,2016-06,3,Cuba,1
2016-05,2016-06,3,Ecuador,1
2016-05,2016-06,3,El Salvador,37
2016-05,2016-06,3,Guatemala,32
2016-05,2016-06,3,Honduras,20
2016-05,2016-06,3,India,1
2016-05,2016-06,3,Mexico,2
2016-05,2016-06,3,Nicaragua,2
2016-05,2016-06,3,Other,2
2016-05,2016-07,1,El Salvador,94
2016-05,2016-07,1,Guatemala,70
2016-05,2016-07,1,Honduras,58
2016-05,2016-07,1,Mexico,6
2016-05,2016-07,1,Other,6
2016-05,2016-07,2,Ecuador,2
2016-05,2016-07,2,El Salvador,140
2016-05,2016-07,2,Guatemala,245
2016-05,2016-07,2,Honduras,79
2016-05,2016-07,2,India,2
2016-05,2016-07,2,Mexico,11
2016-05,2016-07,2,Nicaragua,2
2016-05,2016-07,2,Other,7
2016-05,2016-07,3,Cuba,1
2016-05,2016-07,3,Ecuador,1
2016-05,2016-07,3,El Salvador,58
2016-05,2016-07,3,Guatemala,87
2016-05,2016-07,3,Honduras,25
2016-05,2016-07,3,India,3
2016-05,2016-07,3,Mexico,2
2016-05,2016-07,3,Other,2
2016-05,2016-08,1,El Salvador,42
2016-05,2016-08,1,Guatemala,18
2016-05,2016-08,1,Honduras,33
2016-05,2016-08,1,Mexico,5
2016-05,2016-08,1,Nicaragua,2
2016-05,2016-08,1,Other,1
2016-05,2016-08,2,Ecuador,1
2016-05,2016-08,2,El Salvador,36
2016-05,2016-08,2,Guatemala,69
2016-05,2016-08,2,Honduras,30
2016-05,2016-08,2,India,3
2016-05,2016-08,2,Mexico,3
2016-05,2016-08,2,Other,2
2016-05,2016-08,3,Ecuador,1
2016-05,2016-08,3,El Salvador,27
2016-05,2016-08,3,Guatemala,48
2016-05,2016-08,3,Honduras,11
2016-05,2016-08,3,India,3
2016-05,2016-08,3,Mexico,3
2016-05,2016-08,3,Other,8
2016-05,2016-09,1,Ecuador,1
2016-05,2016-09,1,El Salvador,9
2016-05,2016-09,1,Guatemala,7
2016-05,2016-09,1,Honduras,12
2016-05,2016-09,1,Mexico,1
2016-05,2016-09,1,Nicaragua,1
2016-05,2016-09,2,El Salvador,16
2016-05,2016-09,2,Guatemala,31
2016-05,2016-09,2,Honduras,11
2016-05,2016-09,2,India,1
2016-05,2016-09,2,Mexico,4
2016-05,2016-09,2,Nicaragua,1
2016-05,2016-09,2,Other,1
2016-05,2016-09,3,El Salvador,11
2016-05,2016-09,3,Guatemala,15
2016-05,2016-09,3,Honduras,9
2016-05,2016-09,3,India,6
2016-05,2016-09,3,Other,8
2016-05,2016-10,1,El Salvador,6
2016-05,2016-10,1,Guatemala,4
2016-05,2016-10,1,Honduras,7
2016-05,2016-10,1,Nicaragua,3
2016-05,2016-10,2,El Salvador,6
2016-05,2016-10,2,Guatemala,13
2016-05,2016-10,2,Honduras,5
2016-05,2016-10,3,El Salvador,3
2016-05,2016-10,3,Guatemala,8
2016-05,2016-10,3,Honduras,8
2016-05,2016-10,3,India,1
2016-05,2016-10,3,Other,3
2016-05,2016-10,4,Guatemala,1
2016-05,2016-11,1,El Salvador,8
2016-05,2016-11,1,Guatemala,2
2016-05,2016-11,1,Honduras,3
2016-05,2016-11,1,Mexico,1
2016-05,2016-11,2,El Salvador,1
2016-05,2016-11,2,Guatemala,5
2016-05,2016-11,2,Honduras,5
2016-05,2016-11,2,India,1
2016-05,2016-11,2,Mexico,2
2016-05,2016-11,3,El Salvador,3
2016-05,2016-11,3,Guatemala,5
2016-05,2016-11,3,Honduras,5
2016-05,2016-12,1,El Salvador,5
2016-05,2016-12,1,Guatemala,1
2016-05,2016-12,1,Honduras,3
2016-05,2016-12,1,Other,1
2016-05,2016-12,2,El Salvador,1
2016-05,2016-12,2,Guatemala,4
2016-05,2016-12,2,Honduras,5
2016-05,2016-12,3,El Salvador,1
2016-05,2016-12,3,Guatemala,4
2016-05,2016-12,3,Honduras,2
2016-05,2016-12,3,India,1
2016-05,2017-01,1,Honduras,2
2016-05,2017-01,2,Guatemala,2
2016-05,2017-01,2,Honduras,1
2016-05,2017-01,3,El Salvador,1
2016-05,2017-01,3,Guatemala,3
2016-05,2017-02,1,El Salvador,2
2016-05,2017-02,1,Guatemala,1
2016-05,2017-02,1,Honduras,1
2016-05,2017-02,2,Guatemala,3
2016-05,2017-02,2,Honduras,1
2016-05,2017-02,3,El Salvador,1
2016-05,2017-03,1,El Salvador,1
2016-05,2017-03,1,Guatemala,1
2016-05,2017-03,3,Guatemala,2
2016-05,2017-03,3,Honduras,1
2016-05,2017-04,2,Guatemala,2
2016-05,2017-06,2,El Salvador,1
2016-05,2017-06,2,Guatemala,1
2016-05,2017-07,2,Guatemala,1
2016-05,2017-08,3,Honduras,1
2016-06,2016-06,1,Cuba,2
2016-06,2016-06,1,Ecuador,3
2016-06,2016-06,1,El Salvador,250
2016-06,2016-06,1,Guatemala,166
2016-06,2016-06,1,Honduras,137
2016-06,2016-06,1,Mexico,14
2016-06,2016-06,1,Other,1
2016-06,2016-06,2,Cuba,1
2016-06,2016-06,2,Ecuador,1
2016-06,2016-06,2,El Salvador,41
2016-06,2016-06,2,Guatemala,48
2016-06,2016-06,2,Honduras,18
2016-06,2016-06,2,Mexico,3
2016-06,2016-06,2,Other,1
2016-06,2016-06,3,El Salvador,1
2016-06,2016-06,3,Guatemala,2
2016-06,2016-07,1,Ecuador,7
2016-06,2016-07,1,El Salvador,619
2016-06,2016-07,1,Guatemala,372
2016-06,2016-07,1,Honduras,375
2016-06,2016-07,1,Mexico,34
2016-06,2016-07,1,Nicaragua,7
2016-06,2016-07,1,Other,6
2016-06,2016-07,2,Cuba,1
2016-06,2016-07,2,Ecuador,4
2016-06,2016-07,2,El Salvador,269
2016-06,2016-07,2,Guatemala,447
2016-06,2016-07,2,Honduras,153
2016-06,2016-07,2,India,1
2016-06,2016-07,2,Mexico,14
2016-06,2016-07,2,Nicaragua,4
2016-06,2016-07,2,Other,7
2016-06,2016-07,3,Ecuador,1
2016-06,2016-07,3,El Salvador,21
2016-06,2016-07,3,Guatemala,37
2016-06,2016-07,3,Honduras,7
2016-06,2016-07,3,Mexico,1
2016-06,2016-07,3,Nicaragua,1
2016-06,2016-07,3,Other,1
2016-06,2016-08,1,Ecuador,1
2016-06,2016-08,1,El Salvador,90
2016-06,2016-08,1,Guatemala,63
2016-06,2016-08,1,Honduras,67
2016-06,2016-08,1,Mexico,6
2016-06,2016-08,1,Nicaragua,1
2016-06,2016-08,1,Other,7
2016-06,2016-08,2,Ecuador,3
2016-06,2016-08,2,El Salvador,122
2016-06,2016-08,2,Guatemala,199
2016-06,2016-08,2,Honduras,87
2016-06,2016-08,2,Mexico,14
2016-06,2016-08,2,Nicaragua,3
2016-06,2016-08,2,Other,2
2016-06,2016-08,3,El Salvador,38
2016-06,2016-08,3,Guatemala,88
2016-06,2016-08,3,Honduras,24
2016-06,2016-08,3,India,2
2016-06,2016-08,3,Mexico,5
2016-06,2016-08,3,Other,4
2016-06,2016-09,1,Cuba,1
2016-06,2016-09,1,Ecuador,2
2016-06,2016-09,1,El Salvador,24
2016-06,2016-09,1,Guatemala,21
2016-06,2016-09,1,Honduras,24
2016-06,2016-09,1,Mexico,1
2016-06,2016-09,1,Other,2
2016-06,2016-09,2,El Salvador,28
2016-06,2016-09,2,Guatemala,57
2016-06,2016-09,2,Honduras,19
2016-06,2016-09,2,Mexico,4
2016-06,2016-09,2,Nicaragua,1
2016-06,2016-09,2,Other,1
2016-06,2016-09,3,El Salvador,21
2016-06,2016-09,3,Guatemala,32
2016-06,2016-09,3,Honduras,16
2016-06,2016-09,3,India,2
2016-06,2016-09,3,Mexico,1
2016-06,2016-09,3,Other,1
2016-06,2016-10,1,El Salvador,16
2016-06,2016-10,1,Guatemala,13
2016-06,2016-10,1,Honduras,14
2016-06,2016-10,1,Mexico,3
2016-06,2016-10,1,Other,1
2016-06,2016-10,2,El Salvador,11
2016-06,2016-10,2,Guatemala,24
2016-06,2016-10,2,Honduras,7
2016-06,2016-10,2,Mexico,2
2016-06,2016-10,2,Other,1
2016-06,2016-10,3,El Salvador,7
2016-06,2016-10,3,Guatemala,19
2016-06,2016-10,3,Honduras,12
2016-06,2016-11,1,Ecuador,2
2016-06,2016-11,1,El Salvador,8
2016-06,2016-11,1,Guatemala,9
2016-06,2016-11,1,Honduras,6
2016-06,2016-11,1,Mexico,2
2016-06,2016-11,2,El Salvador,8
2016-06,2016-11,2,Guatemala,14
2016-06,2016-11,2,Honduras,4
2016-06,2016-11,3,Ecuador,1
2016-06,2016-11,3,El Salvador,6
2016-06,2016-11,3,Guatemala,22
2016-06,2016-11,3,Honduras,6
2016-06,2016-11,3,India,2
2016-06,2016-12,1,El Salvador,2
2016-06,2016-12,1,Guatemala,6
2016-06,2016-12,1,Honduras,10
2016-06,2016-12,1,Mexico,1
2016-06,2016-12,2,El Salvador,4
2016-06,2016-12,2,Guatemala,5
2016-06,2016-12,2,Honduras,6
2016-06,2016-12,2,Other,1
2016-06,2016-12,3,El Salvador,1
2016-06,2016-12,3,Guatemala,6
2016-06,2016-12,3,Honduras,2
2016-06,2016-12,4,Guatemala,1
2016-06,2017-01,1,El Salvador,1
2016-06,2017-01,1,Guatemala,2
2016-06,2017-01,1,Honduras,2
2016-06,2017-01,2,Guatemala,10
2016-06,2017-01,2,Honduras,2
2016-06,2017-01,3,El Salvador,1
2016-06,2017-01,3,Guatemala,1
2016-06,2017-01,3,Honduras,1
2016-06,2017-01,4,Guatemala,1
2016-06,2017-02,2,Guatemala,1
2016-06,2017-02,2,Honduras,1
2016-06,2017-02,3,Guatemala,3
2016-06,2017-03,1,Guatemala,2
2016-06,2017-03,1,Honduras,1
2016-06,2017-03,2,Guatemala,2
2016-06,2017-03,2,Honduras,1
2016-06,2017-03,3,Guatemala,2
2016-06,2017-03,3,Honduras,2
2016-06,2017-04,1,El Salvador,1
2016-06,2017-04,2,Honduras,1
2016-06,2017-04,3,Honduras,1
2016-06,2017-05,2,El Salvador,1
2016-06,2017-05,3,Guatemala,1
2016-06,2017-06,2,Guatemala,1
2016-06,2017-06,3,Guatemala,1
2016-06,2017-09,1,Honduras,1
2016-06,2017-09,2,El Salvador,1
2016-06,2017-12,1,El Salvador,1
2016-07,2016-07,1,Colombia,2
2016-07,2016-07,1,Ecuador,2
2016-07,2016-07,1,El Salvador,274
2016-07,2016-07,1,Guatemala,165
2016-07,2016-07,1,Honduras,179
2016-07,2016-07,1,Mexico,16
2016-07,2016-07,1,Nicaragua,4
2016-07,2016-07,1,Other,2
2016-07,2016-07,2,Cuba,1
2016-07,2016-07,2,El Salvador,55
2016-07,2016-07,2,Guatemala,42
2016-07,2016-07,2,Honduras,25
2016-07,2016-07,2,Mexico,2
2016-07,2016-07,2,Nicaragua,1
2016-07,2016-07,3,Guatemala,2
2016-07,2016-08,1,Ecuador,1
2016-07,2016-08,1,El Salvador,643
2016-07,2016-08,1,Guatemala,402
2016-07,2016-08,1,Honduras,448
2016-07,2016-08,1,Mexico,39
2016-07,2016-08,1,Nicaragua,8
2016-07,2016-08,1,Other,10
2016-07,2016-08,2,Colombia,1
2016-07,2016-08,2,Cuba,2
2016-07,2016-08,2,Ecuador,6
2016-07,2016-08,2,El Salvador,367
2016-07,2016-08,2,Guatemala,481
2016-07,2016-08,2,Honduras,173
2016-07,2016-08,2,Mexico,17
2016-07,2016-08,2,Nicaragua,2
2016-07,2016-08,2,Other,4
2016-07,2016-08,3,Cuba,1
2016-07,2016-08,3,El Salvador,36
2016-07,2016-08,3,Guatemala,56
2016-07,2016-08,3,Honduras,11
2016-07,2016-08,3,India,1
2016-07,2016-08,3,Mexico,3
2016-07,2016-08,3,Other,2
2016-07,2016-09,1,El Salvador,81
2016-07,2016-09,1,Guatemala,71
2016-07,2016-09,1,Honduras,95
2016-07,2016-09,1,Mexico,4
2016-07,2016-09,1,Nicaragua,1
2016-07,2016-09,1,Other,7
2016-07,2016-09,2,El Salvador,119
2016-07,2016-09,2,Guatemala,201
2016-07,2016-09,2,Honduras,99
2016-07,2016-09,2,India,2
2016-07,2016-09,2,Mexico,10
2016-07,2016-09,2,Nicaragua,2
2016-07,2016-09,2,Other,1
2016-07,2016-09,3,El Salvador,35
2016-07,2016-09,3,Guatemala,86
2016-07,2016-09,3,Honduras,28
2016-07,2016-09,3,Mexico,3
2016-07,2016-09,3,Nicaragua,1
2016-07,2016-09,3,Other,1
2016-07,2016-09,4,India,1
2016-07,2016-10,1,El Salvador,34
2016-07,2016-10,1,Guatemala,17
2016-07,2016-10,1,Honduras,24
2016-07,2016-10,1,Mexico,4
2016-07,2016-10,1,Nicaragua,2
2016-07,2016-10,1,Other,1
2016-07,2016-10,2,El Salvador,29
2016-07,2016-10,2,Guatemala,56
2016-07,2016-10,2,Honduras,20
2016-07,2016-10,2,India,1
2016-07,2016-10,2,Mexico,9
2016-07,2016-10,2,Nicaragua,1
2016-07,2016-10,2,Other,1
2016-07,2016-10,3,El Salvador,25
2016-07,2016-10,3,Guatemala,44
2016-07,2016-10,3,Honduras,18
2016-07,2016-10,3,India,3
2016-07,2016-10,3,Mexico,2
2016-07,2016-10,3,Other,3
2016-07,2016-10,4,Honduras,1
2016-07,2016-11,1,El Salvador,18
2016-07,2016-11,1,Guatemala,15
2016-07,2016-11,1,Honduras,16
2016-07,2016-11,1,Mexico,2
2016-07,2016-11,2,El Salvador,15
2016-07,2016-11,2,Guatemala,31
2016-07,2016-11,2,Honduras,15
2016-07,2016-11,2,Mexico,2
2016-07,2016-11,2,Other,3
2016-07,2016-11,3,Ecuador,1
2016-07,2016-11,3,El Salvador,13
2016-07,2016-11,3,Guatemala,35
2016-07,2016-11,3,Honduras,18
2016-07,2016-11,3,Mexico,3
2016-07,2016-11,3,Other,2
2016-07,2016-12,1,El Salvador,15
2016-07,2016-12,1,Guatemala,3
2016-07,2016-12,1,Honduras,13
2016-07,2016-12,1,Venezuela,2
2016-07,2016-12,2,El Salvador,13
2016-07,2016-12,2,Guatemala,24
2016-07,2016-12,2,Honduras,11
2016-07,2016-12,3,El Salvador,4
2016-07,2016-12,3,Guatemala,13
2016-07,2016-12,3,Honduras,6
2016-07,2016-12,3,Other,1
2016-07,2017-01,1,El Salvador,7
2016-07,2017-01,1,Honduras,2
2016-07,2017-01,1,Mexico,1
2016-07,2017-01,2,El Salvador,2
2016-07,2017-01,2,Guatemala,5
2016-07,2017-01,2,Honduras,5
2016-07,2017-01,2,Mexico,1
2016-07,2017-01,3,Guatemala,8
2016-07,2017-01,3,Honduras,7
2016-07,2017-01,3,Mexico,1
2016-07,2017-02,1,El Salvador,5
2016-07,2017-02,1,Guatemala,2
2016-07,2017-02,1,Honduras,2
2016-07,2017-02,2,Guatemala,6
2016-07,2017-02,2,Honduras,1
2016-07,2017-02,2,Mexico,1
2016-07,2017-02,2,Other,1
2016-07,2017-02,3,Guatemala,4
2016-07,2017-02,3,Honduras,2
2016-07,2017-02,3,Other,1
2016-07,2017-03,1,Honduras,2
2016-07,2017-03,2,El Salvador,1
2016-07,2017-03,2,Guatemala,2
2016-07,2017-03,2,Honduras,3
2016-07,2017-03,3,Guatemala,1
2016-07,2017-04,1,El Salvador,1
2016-07,2017-04,1,Guatemala,4
2016-07,2017-04,2,El Salvador,1
2016-07,2017-04,2,Guatemala,3
2016-07,2017-04,2,Honduras,1
2016-07,2017-04,3,Guatemala,1
2016-07,2017-05,1,Guatemala,2
2016-07,2017-05,1,Honduras,1
2016-07,2017-05,2,El Salvador,1
2016-07,2017-05,2,Guatemala,1
2016-07,2017-05,3,Guatemala,3
2016-07,2017-05,3,Honduras,1
2016-07,2017-06,1,El Salvador,1
2016-07,2017-06,2,Honduras,1
2016-07,2017-07,2,Guatemala,3
2016-07,2017-07,2,Honduras,1
2016-07,2017-07,3,Guatemala,1
2016-07,2017-07,4,Guatemala,1
2016-07,2018-04,2,Guatemala,2
2016-07,2018-10,1,Honduras,1
2016-08,2016-08,1,Cuba,3
2016-08,2016-08,1,El Salvador,290
2016-08,2016-08,1,Guatemala,206
2016-08,2016-08,1,Honduras,191
2016-08,2016-08,1,Mexico,20
2016-08,2016-08,1,Nicaragua,3
2016-08,2016-08,1,Other,10
2016-08,2016-08,2,Ecuador,1
2016-08,2016-08,2,El Salvador,48
2016-08,2016-08,2,Guatemala,69
2016-08,2016-08,2,Honduras,25
2016-08,2016-08,2,Mexico,4
2016-08,2016-08,3,Cuba,1
2016-08,2016-08,3,Guatemala,4
2016-08,2016-09,1,Colombia,1
2016-08,2016-09,1,Cuba,1
2016-08,2016-09,1,Ecuador,2
2016-08,2016-09,1,El Salvador,707
2016-08,2016-09,1,Guatemala,515
2016-08,2016-09,1,Honduras,489
2016-08,2016-09,1,Mexico,44
2016-08,2016-09,1,Nicaragua,6
2016-08,2016-09,1,Other,4
2016-08,2016-09,2,Cuba,2
2016-08,2016-09,2,El Salvador,369
2016-08,2016-09,2,Guatemala,535
2016-08,2016-09,2,Honduras,198
2016-08,2016-09,2,India,2
2016-08,2016-09,2,Mexico,17
2016-08,2016-09,2,Nicaragua,2
2016-08,2016-09,2,Other,8
2016-08,2016-09,3,Cuba,1
2016-08,2016-09,3,El Salvador,22
2016-08,2016-09,3,Guatemala,40
2016-08,2016-09,3,Honduras,10
2016-08,2016-09,3,Mexico,3
2016-08,2016-09,3,Other,2
2016-08,2016-09,3,Venezuela,1
2016-08,2016-10,1,El Salvador,118
2016-08,2016-10,1,Guatemala,95
2016-08,2016-10,1,Honduras,94
2016-08,2016-10,1,Mexico,15
2016-08,2016-10,1,Nicaragua,3
2016-08,2016-10,1,Other,1
2016-08,2016-10,2,El Salvador,168
2016-08,2016-10,2,Guatemala,328
2016-08,2016-10,2,Honduras,105
2016-08,2016-10,2,India,2
2016-08,2016-10,2,Mexico,11
2016-08,2016-10,2,Other,8
2016-08,2016-10,3,El Salvador,50
2016-08,2016-10,3,Guatemala,85
2016-08,2016-10,3,Honduras,23
2016-08,2016-10,3,India,2
2016-08,2016-10,3,Mexico,2
2016-08,2016-10,3,Other,5
2016-08,2016-10,4,El Salvador,1
2016-08,2016-11,1,El Salvador,31
2016-08,2016-11,1,Guatemala,26
2016-08,2016-11,1,Honduras,23
2016-08,2016-11,1,Mexico,4
2016-08,2016-11,1,Nicaragua,1
2016-08,2016-11,1,Other,1
2016-08,2016-11,2,Ecuador,1
2016-08,2016-11,2,El Salvador,48
2016-08,2016-11,2,Guatemala,119
2016-08,2016-11,2,Honduras,45
2016-08,2016-11,2,Mexico,9
2016-08,2016-11,2,Other,2
2016-08,2016-11,3,El Salvador,21
2016-08,2016-11,3,Guatemala,61
2016-08,2016-11,3,Honduras,19
2016-08,2016-11,3,Mexico,4
2016-08,2016-11,3,Other,2
2016-08,2016-11,4,Guatemala,1
2016-08,2016-12,1,El Salvador,13
2016-08,2016-12,1,Guatemala,14
2016-08,2016-12,1,Honduras,26
2016-08,2016-12,1,Mexico,6
2016-08,2016-12,1,Other,1
2016-08,2016-12,2,Ecuador,1
2016-08,2016-12,2,El Salvador,17
2016-08,2016-12,2,Guatemala,44
2016-08,2016-12,2,Honduras,11
2016-08,2016-12,2,Mexico,2
2016-08,2016-12,3,El Salvador,12
2016-08,2016-12,3,Guatemala,28
2016-08,2016-12,3,Honduras,12
2016-08,2016-12,3,India,1
2016-08,2016-12,3,Mexico,1
2016-08,2016-12,3,Other,2
2016-08,2016-12,4,Guatemala,2
2016-08,2017-01,1,El Salvador,4
2016-08,2017-01,1,Guatemala,9
2016-08,2017-01,1,Honduras,3
2016-08,2017-01,2,El Salvador,6
2016-08,2017-01,2,Guatemala,25
2016-08,2017-01,2,Honduras,5
2016-08,2017-01,2,Other,2
2016-08,2017-01,3,El Salvador,6
2016-08,2017-01,3,Guatemala,13
2016-08,2017-01,3,Honduras,5
2016-08,2017-01,3,Other,3
2016-08,2017-02,1,El Salvador,5
2016-08,2017-02,1,Guatemala,7
2016-08,2017-02,1,Honduras,3
2016-08,2017-02,1,Nicaragua,1
2016-08,2017-02,2,El Salvador,2
2016-08,2017-02,2,Guatemala,11
2016-08,2017-02,2,Honduras,4
2016-08,2017-02,2,Mexico,1
2016-08,2017-02,3,El Salvador,2
2016-08,2017-02,3,Guatemala,11
2016-08,2017-02,3,Honduras,3
2016-08,2017-03,1,El Salvador,2
2016-08,2017-03,1,Honduras,1
2016-08,2017-03,1,Mexico,2
2016-08,2017-03,2,Ecuador,1
2016-08,2017-03,2,El Salvador,1
2016-08,2017-03,2,Guatemala,10
2016-08,2017-03,2,Honduras,3
2016-08,2017-03,2,Mexico,4
2016-08,2017-03,3,El Salvador,6
2016-08,2017-03,3,Guatemala,8
2016-08,2017-03,3,Honduras,3
2016-08,2017-04,1,El Salvador,2
2016-08,2017-04,1,Guatemala,1
2016-08,2017-04,1,Honduras,5
2016-08,2017-04,2,Guatemala,4
2016-08,2017-04,2,Honduras,1
2016-08,2017-04,3,Guatemala,2
2016-08,2017-04,3,Honduras,1
2016-08,2017-05,1,Guatemala,2
2016-08,2017-05,1,Honduras,1
2016-08,2017-05,2,Guatemala,4
2016-08,2017-05,2,Honduras,1
2016-08,2017-05,3,Guatemala,2
2016-08,2017-06,1,El Salvador,3
2016-08,2017-06,1,Guatemala,2
2016-08,2017-06,1,Honduras,3
2016-08,2017-06,1,Mexico,2
2016-08,2017-06,2,El Salvador,3
2016-08,2017-06,2,Mexico,1
2016-08,2017-06,3,Guatemala,3
2016-08,2017-07,1,El Salvador,1
2016-08,2017-07,1,Honduras,1
2016-08,2017-08,3,Honduras,1
2016-08,2017-09,1,Honduras,1
2016-08,2017-09,2,Guatemala,2
2016-08,2017-11,1,El Salvador,1
2016-08,2018-01,2,Honduras,1
2016-08,2019-01,1,Guatemala,1
2016-08,2019-02,2,Guatemala,1
2016-08,2019-04,2,Guatemala,1
2016-08,2019-05,2,Honduras,1
2016-09,2016-09,1,Colombia,1
2016-09,2016-09,1,Cuba,1
2016-09,2016-09,1,Ecuador,1
2016-09,2016-09,1,El Salvador,235
2016-09,2016-09,1,Guatemala,156
2016-09,2016-09,1,Honduras,195
2016-09,2016-09,1,India,1
2016-09,2016-09,1,Mexico,19
2016-09,2016-09,1,Nicaragua,4
2016-09,2016-09,1,Other,7
2016-09,2016-09,2,Cuba,2
2016-09,2016-09,2,El Salvador,47
2016-09,2016-09,2,Guatemala,53
2016-09,2016-09,2,Honduras,28
2016-09,2016-09,2,India,2
2016-09,2016-09,2,Other,2
2016-09,2016-09,3,Cuba,1
2016-09,2016-09,3,El Salvador,2
2016-09,2016-09,3,Guatemala,1
2016-09,2016-09,3,India,1
2016-09,2016-09,3,Nicaragua,1
2016-09,2016-09,3,Other,1
2016-09,2016-09,4,El Salvador,1
2016-09,2016-10,1,Cuba,1
2016-09,2016-10,1,Ecuador,2
2016-09,2016-10,1,El Salvador,767
2016-09,2016-10,1,Guatemala,592
2016-09,2016-10,1,Honduras,514
2016-09,2016-10,1,India,1
2016-09,2016-10,1,Mexico,65
2016-09,2016-10,1,Nicaragua,13
2016-09,2016-10,1,Other,16
2016-09,2016-10,2,Cuba,3
2016-09,2016-10,2,Ecuador,3
2016-09,2016-10,2,El Salvador,378
2016-09,2016-10,2,Guatemala,558
2016-09,2016-10,2,Honduras,191
2016-09,2016-10,2,India,4
2016-09,2016-10,2,Mexico,17
2016-09,2016-10,2,Nicaragua,1
2016-09,2016-10,2,Other,10
2016-09,2016-10,2,Venezuela,1
2016-09,2016-10,3,Cuba,1
2016-09,2016-10,3,El Salvador,18
2016-09,2016-10,3,Guatemala,37
2016-09,2016-10,3,Honduras,8
2016-09,2016-10,3,India,4
2016-09,2016-10,3,Mexico,1
2016-09,2016-10,3,Other,2
2016-09,2016-10,4,Guatemala,1
2016-09,2016-11,1,El Salvador,84
2016-09,2016-11,1,Guatemala,55
2016-09,2016-11,1,Honduras,85
2016-09,2016-11,1,Mexico,11
2016-09,2016-11,1,Other,6
2016-09,2016-11,2,El Salvador,217
2016-09,2016-11,2,Guatemala,342
2016-09,2016-11,2,Honduras,117
2016-09,2016-11,2,India,1
2016-09,2016-11,2,Mexico,12
2016-09,2016-11,2,Other,2
2016-09,2016-11,3,El Salvador,69
2016-09,2016-11,3,Guatemala,84
2016-09,2016-11,3,Honduras,31
2016-09,2016-11,3,India,10
2016-09,2016-11,3,Mexico,3
2016-09,2016-11,3,Other,6
2016-09,2016-12,1,El Salvador,26
2016-09,2016-12,1,Guatemala,26
2016-09,2016-12,1,Honduras,22
2016-09,2016-12,1,Mexico,13
2016-09,2016-12,1,Nicaragua,3
2016-09,2016-12,1,Other,3
2016-09,2016-12,2,Ecuador,1
2016-09,2016-12,2,El Salvador,37
2016-09,2016-12,2,Guatemala,104
2016-09,2016-12,2,Honduras,55
2016-09,2016-12,2,Mexico,7
2016-09,2016-12,2,Nicaragua,2
2016-09,2016-12,2,Other,2
2016-09,2016-12,3,El Salvador,18
2016-09,2016-12,3,Guatemala,44
2016-09,2016-12,3,Honduras,20
2016-09,2016-12,3,India,5
2016-09,2016-12,3,Mexico,5
2016-09,2016-12,3,Nicaragua,1
2016-09,2016-12,3,Other,1
2016-09,2016-12,4,Guatemala,1
2016-09,2017-01,1,El Salvador,9
2016-09,2017-01,1,Guatemala,5
2016-09,2017-01,1,Honduras,13
2016-09,2017-01,1,Mexico,6
2016-09,2017-01,2,El Salvador,11
2016-09,2017-01,2,Guatemala,39
2016-09,2017-01,2,Honduras,15
2016-09,2017-01,2,Nicaragua,1
2016-09,2017-01,3,El Salvador,6
2016-09,2017-01,3,Guatemala,27
2016-09,2017-01,3,Honduras,3
2016-09,2017-02,1,El Salvador,7
2016-09,2017-02,1,Guatemala,7
2016-09,2017-02,1,Honduras,11
2016-09,2017-02,1,Mexico,3
2016-09,2017-02,2,El Salvador,4
2016-09,2017-02,2,Guatemala,22
2016-09,2017-02,2,Honduras,7
2016-09,2017-02,2,India,1
2016-09,2017-02,3,El Salvador,2
2016-09,2017-02,3,Guatemala,16
2016-09,2017-02,3,Honduras,4
2016-09,2017-03,1,El Salvador,6
2016-09,2017-03,1,Guatemala,7
2016-09,2017-03,1,Honduras,8
2016-09,2017-03,1,Mexico,2
2016-09,2017-03,2,El Salvador,2
2016-09,2017-03,2,Guatemala,10
2016-09,2017-03,2,Honduras,4
2016-09,2017-03,2,Mexico,1
2016-09,2017-03,3,El Salvador,1
2016-09,2017-03,3,Guatemala,14
2016-09,2017-03,3,Honduras,2
2016-09,2017-03,3,India,2
2016-09,2017-03,3,Mexico,2
2016-09,2017-04,1,El Salvador,1
2016-09,2017-04,1,Guatemala,2
2016-09,2017-04,1,Honduras,1
2016-09,2017-04,1,Mexico,2
2016-09,2017-04,2,Guatemala,6
2016-09,2017-04,2,Honduras,3
2016-09,2017-04,3,El Salvador,2
2016-09,2017-04,3,Guatemala,6
2016-09,2017-04,3,Honduras,2
2016-09,2017-05,1,El Salvador,1
2016-09,2017-05,1,Guatemala,2
2016-09,2017-05,1,Honduras,3
2016-09,2017-05,2,Guatemala,5
2016-09,2017-05,2,Honduras,1
2016-09,2017-05,3,Guatemala,3
2016-09,2017-05,3,Honduras,1
2016-09,2017-06,1,El Salvador,1
2016-09,2017-06,1,Guatemala,1
2016-09,2017-06,1,Honduras,2
2016-09,2017-06,1,Mexico,1
2016-09,2017-06,1,Other,1
2016-09,2017-06,2,Guatemala,1
2016-09,2017-06,2,Honduras,1
2016-09,2017-06,3,El Salvador,1
2016-09,2017-06,3,Guatemala,2
2016-09,2017-06,3,Honduras,1
2016-09,2017-07,1,Honduras,1
2016-09,2017-07,3,El Salvador,2
2016-09,2017-07,3,Guatemala,1
2016-09,2017-07,3,Honduras,2
2016-09,2017-11,2,Honduras,1
2016-09,2017-12,2,Honduras,1
2016-09,2018-03,3,Guatemala,1
2016-09,2019-01,2,El Salvador,1
2016-09,2019-02,1,Honduras,1
2016-09,2019-02,2,Guatemala,1
2016-10,2016-10,1,Ecuador,3
2016-10,2016-10,1,El Salvador,403
2016-10,2016-10,1,Guatemala,310
2016-10,2016-10,1,Honduras,251
2016-10,2016-10,1,Mexico,16
2016-10,2016-10,1,Nicaragua,11
2016-10,2016-10,1,Other,6
2016-10,2016-10,2,Ecuador,1
2016-10,2016-10,2,El Salvador,73
2016-10,2016-10,2,Guatemala,58
2016-10,2016-10,2,Honduras,29
2016-10,2016-10,2,Mexico,2
2016-10,2016-10,2,Nicaragua,2
2016-10,2016-10,2,Other,1
2016-10,2016-10,3,El Salvador,2
2016-10,2016-10,3,Guatemala,3
2016-10,2016-10,3,Honduras,2
2016-10,2016-11,1,Ecuador,5
2016-10,2016-11,1,El Salvador,788
2016-10,2016-11,1,Guatemala,758
2016-10,2016-11,1,Honduras,590
2016-10,2016-11,1,Mexico,31
2016-10,2016-11,1,Nicaragua,19
2016-10,2016-11,1,Other,3
2016-10,2016-11,2,Cuba,1
2016-10,2016-11,2,Ecuador,2
2016-10,2016-11,2,El Salvador,436
2016-10,2016-11,2,Guatemala,589
2016-10,2016-11,2,Honduras,234
2016-10,2016-11,2,India,2
2016-10,2016-11,2,Mexico,11
2016-10,2016-11,2,Nicaragua,7
2016-10,2016-11,2,Other,5
2016-10,2016-11,3,El Salvador,32
2016-10,2016-11,3,Guatemala,55
2016-10,2016-11,3,Honduras,29
2016-10,2016-11,3,India,5
2016-10,2016-11,3,Mexico,4
2016-10,2016-11,3,Other,2
2016-10,2016-11,4,El Salvador,2
2016-10,2016-12,1,Ecuador,2
2016-10,2016-12,1,El Salvador,104
2016-10,2016-12,1,Guatemala,95
2016-10,2016-12,1,Honduras,93
2016-10,2016-12,1,Mexico,9
2016-10,2016-12,1,Nicaragua,6
2016-10,2016-12,1,Other,6
2016-10,2016-12,2,Cuba,1
2016-10,2016-12,2,Ecuador,1
2016-10,2016-12,2,El Salvador,244
2016-10,2016-12,2,Guatemala,487
2016-10,2016-12,2,Honduras,158
2016-10,2016-12,2,Mexico,7
2016-10,2016-12,2,Nicaragua,4
2016-10,2016-12,2,Other,3
2016-10,2016-12,3,Cuba,1
2016-10,2016-12,3,El Salvador,58
2016-10,2016-12,3,Guatemala,96
2016-10,2016-12,3,Honduras,38
2016-10,2016-12,3,India,2
2016-10,2016-12,3,Mexico,2
2016-10,2016-12,3,Nicaragua,2
2016-10,2016-12,3,Other,1
2016-10,2016-12,4,El Salvador,1
2016-10,2016-12,4,Guatemala,5
2016-10,2016-12,4,India,1
2016-10,2017-01,1,Ecuador,1
2016-10,2017-01,1,El Salvador,12
2016-10,2017-01,1,Guatemala,27
2016-10,2017-01,1,Honduras,24
2016-10,2017-01,1,Mexico,5
2016-10,2017-01,1,Other,2
2016-10,2017-01,2,El Salvador,68
2016-10,2017-01,2,Guatemala,154
2016-10,2017-01,2,Honduras,57
2016-10,2017-01,2,Mexico,3
2016-10,2017-01,2,Nicaragua,1
2016-10,2017-01,3,El Salvador,28
2016-10,2017-01,3,Guatemala,61
2016-10,2017-01,3,Honduras,14
2016-10,2017-01,3,India,2
2016-10,2017-01,3,Mexico,2
2016-10,2017-01,3,Nicaragua,1
2016-10,2017-01,3,Other,2
2016-10,2017-01,4,Ecuador,1
2016-10,2017-01,4,El Salvador,1
2016-10,2017-02,1,El Salvador,12
2016-10,2017-02,1,Guatemala,23
2016-10,2017-02,1,Honduras,9
2016-10,2017-02,1,Mexico,2
2016-10,2017-02,1,Other,2
2016-10,2017-02,2,El Salvador,11
2016-10,2017-02,2,Guatemala,25
2016-10,2017-02,2,Honduras,14
2016-10,2017-02,2,Mexico,1
2016-10,2017-02,3,El Salvador,7
2016-10,2017-02,3,Guatemala,36
2016-10,2017-02,3,Honduras,6
2016-10,2017-02,3,India,2
2016-10,2017-02,3,Mexico,1
2016-10,2017-02,4,Guatemala,1
2016-10,2017-03,1,El Salvador,10
2016-10,2017-03,1,Guatemala,5
2016-10,2017-03,1,Honduras,8
2016-10,2017-03,1,Mexico,2
2016-10,2017-03,2,El Salvador,11
2016-10,2017-03,2,Guatemala,23
2016-10,2017-03,2,Honduras,5
2016-10,2017-03,2,Mexico,1
2016-10,2017-03,3,El Salvador,6
2016-10,2017-03,3,Guatemala,23
2016-10,2017-03,3,Honduras,9
2016-10,2017-04,1,El Salvador,4
2016-10,2017-04,1,Guatemala,3
2016-10,2017-04,1,Honduras,3
2016-10,2017-04,1,Nicaragua,1
2016-10,2017-04,1,Other,1
2016-10,2017-04,2,El Salvador,4
2016-10,2017-04,2,Guatemala,10
2016-10,2017-04,2,Honduras,2
2016-10,2017-04,3,El Salvador,1
2016-10,2017-04,3,Guatemala,12
2016-10,2017-04,3,Honduras,2
2016-10,2017-04,3,Other,1
2016-10,2017-05,1,El Salvador,2
2016-10,2017-05,1,Guatemala,8
2016-10,2017-05,1,Honduras,1
2016-10,2017-05,1,Other,1
2016-10,2017-05,2,El Salvador,1
2016-10,2017-05,2,Guatemala,3
2016-10,2017-05,2,Honduras,1
2016-10,2017-05,2,Mexico,2
2016-10,2017-05,3,El Salvador,2
2016-10,2017-05,3,Guatemala,3
2016-10,2017-05,3,Honduras,1
2016-10,2017-05,4,India,1
2016-10,2017-06,1,El Salvador,3
2016-10,2017-06,1,Guatemala,4
2016-10,2017-06,1,Honduras,4
2016-10,2017-06,1,Mexico,2
2016-10,2017-06,2,Guatemala,4
2016-10,2017-06,2,Honduras,1
2016-10,2017-06,3,El Salvador,1
2016-10,2017-06,3,Guatemala,4
2016-10,2017-06,3,Honduras,2
2016-10,2017-06,3,Mexico,1
2016-10,2017-07,1,Honduras,1
2016-10,2017-07,3,Guatemala,2
2016-10,2017-08,1,Honduras,1
2016-10,2017-08,2,Guatemala,1
2016-10,2017-08,3,Guatemala,1
2016-10,2017-09,1,El Salvador,1
2016-10,2017-09,2,Guatemala,1
2016-10,2017-10,2,Guatemala,1
2016-10,2017-11,2,Honduras,1
2016-10,2017-11,3,El Salvador,2
2016-10,2018-04,2,Guatemala,1
2016-10,2018-07,1,Honduras,1
2016-10,2018-08,3,Honduras,1
2016-10,2019-08,3,Mexico,1
2016-11,2016-11,1,Colombia,1
2016-11,2016-11,1,Ecuador,3
2016-11,2016-11,1,El Salvador,357
2016-11,2016-11,1,Guatemala,388
2016-11,2016-11,1,Honduras,247
2016-11,2016-11,1,Mexico,13
2016-11,2016-11,1,Nicaragua,5
2016-11,2016-11,1,Other,5
2016-11,2016-11,2,El Salvador,34
2016-11,2016-11,2,Guatemala,34
2016-11,2016-11,2,Honduras,13
2016-11,2016-11,2,Other,1
2016-11,2016-11,3,El Salvador,3
2016-11,2016-11,3,Guatemala,1
2016-11,2016-11,3,Honduras,1
2016-11,2016-12,1,Ecuador,3
2016-11,2016-12,1,El Salvador,877
2016-11,2016-12,1,Guatemala,949
2016-11,2016-12,1,Honduras,765
2016-11,2016-12,1,Mexico,47
2016-11,2016-12,1,Nicaragua,15
2016-11,2016-12,1,Other,9
2016-11,2016-12,2,Cuba,2
2016-11,2016-12,2,Ecuador,1
2016-11,2016-12,2,El Salvador,400
2016-11,2016-12,2,Guatemala,633
2016-11,2016-12,2,Honduras,193
2016-11,2016-12,2,India,1
2016-11,2016-12,2,Mexico,24
2016-11,2016-12,2,Nicaragua,4
2016-11,2016-12,2,Other,8
2016-11,2016-12,3,El Salvador,56
2016-11,2016-12,3,Guatemala,57
2016-11,2016-12,3,Honduras,24
2016-11,2016-12,3,India,1
2016-11,2016-12,3,Other,8
2016-11,2016-12,4,Guatemala,2
2016-11,2016-12,4,Honduras,2
2016-11,2017-01,1,Ecuador,1
2016-11,2017-01,1,El Salvador,76
2016-11,2017-01,1,Guatemala,84
2016-11,2017-01,1,Honduras,62
2016-11,2017-01,1,Mexico,1
2016-11,2017-01,1,Nicaragua,1
2016-11,2017-01,1,Other,1
2016-11,2017-01,2,Cuba,2
2016-11,2017-01,2,El Salvador,325
2016-11,2017-01,2,Guatemala,566
2016-11,2017-01,2,Honduras,184
2016-11,2017-01,2,Mexico,9
2016-11,2017-01,2,Nicaragua,1
2016-11,2017-01,2,Other,4
2016-11,2017-01,3,Colombia,1
2016-11,2017-01,3,El Salvador,59
2016-11,2017-01,3,Guatemala,108
2016-11,2017-01,3,Honduras,40
2016-11,2017-01,3,India,4
2016-11,2017-01,3,Mexico,2
2016-11,2017-01,3,Nicaragua,1
2016-11,2017-01,3,Other,2
2016-11,2017-01,4,Guatemala,1
2016-11,2017-01,4,India,1
2016-11,2017-02,1,Ecuador,1
2016-11,2017-02,1,El Salvador,23
2016-11,2017-02,1,Guatemala,26
2016-11,2017-02,1,Honduras,22
2016-11,2017-02,1,Mexico,1
2016-11,2017-02,1,Nicaragua,1
2016-11,2017-02,2,El Salvador,40
2016-11,2017-02,2,Guatemala,114
2016-11,2017-02,2,Honduras,25
2016-11,2017-02,2,Mexico,3
2016-11,2017-02,2,Other,3
2016-11,2017-02,3,El Salvador,23
2016-11,2017-02,3,Guatemala,43
2016-11,2017-02,3,Honduras,15
2016-11,2017-02,3,Mexico,2
2016-11,2017-02,3,Other,2
2016-11,2017-02,4,El Salvador,2
2016-11,2017-02,4,Guatemala,2
2016-11,2017-03,1,El Salvador,17
2016-11,2017-03,1,Guatemala,11
2016-11,2017-03,1,Honduras,21
2016-11,2017-03,1,Other,2
2016-11,2017-03,2,El Salvador,20
2016-11,2017-03,2,Guatemala,51
2016-11,2017-03,2,Honduras,17
2016-11,2017-03,2,Mexico,2
2016-11,2017-03,2,Other,2
2016-11,2017-03,3,El Salvador,13
2016-11,2017-03,3,Guatemala,34
2016-11,2017-03,3,Honduras,12
2016-11,2017-04,1,El Salvador,4
2016-11,2017-04,1,Guatemala,8
2016-11,2017-04,1,Honduras,7
2016-11,2017-04,1,Mexico,1
2016-11,2017-04,2,El Salvador,4
2016-11,2017-04,2,Guatemala,16
2016-11,2017-04,2,Honduras,9
2016-11,2017-04,2,Other,2
2016-11,2017-04,3,El Salvador,2
2016-11,2017-04,3,Guatemala,14
2016-11,2017-04,3,Honduras,4
2016-11,2017-04,3,Other,1
2016-11,2017-05,1,El Salvador,6
2016-11,2017-05,1,Guatemala,7
2016-11,2017-05,1,Honduras,8
2016-11,2017-05,2,El Salvador,3
2016-11,2017-05,2,Guatemala,8
2016-11,2017-05,2,Honduras,7
2016-11,2017-05,2,Mexico,1
2016-11,2017-05,3,El Salvador,4
2016-11,2017-05,3,Guatemala,7
2016-11,2017-06,1,El Salvador,5
2016-11,2017-06,1,Guatemala,9
2016-11,2017-06,1,Honduras,1
2016-11,2017-06,2,El Salvador,3
2016-11,2017-06,2,Guatemala,5
2016-11,2017-06,2,Honduras,1
2016-11,2017-06,3,El Salvador,1
2016-11,2017-06,3,Guatemala,5
2016-11,2017-06,3,Honduras,3
2016-11,2017-07,1,El Salvador,2
2016-11,2017-07,1,Honduras,1
2016-11,2017-07,2,Guatemala,3
2016-11,2017-07,3,Guatemala,1
2016-11,2017-08,3,Guatemala,2
2016-11,2017-09,3,Guatemala,1
2016-11,2017-09,3,Other,1
2016-11,2017-12,1,Guatemala,1
2016-11,2017-12,2,Guatemala,1
2016-11,2018-01,1,El Salvador,1
2016-11,2018-01,3,Honduras,1
2016-11,2018-02,3,Guatemala,1
2016-11,2018-06,2,Guatemala,1
2016-11,2018-11,1,Guatemala,1
2016-11,2019-01,1,Guatemala,1
2016-11,2019-01,1,Honduras,1
2016-11,2019-06,2,El Salvador,1
2016-12,2016-12,1,Cuba,1
2016-12,2016-12,1,Ecuador,5
2016-12,2016-12,1,El Salvador,497
2016-12,2016-12,1,Guatemala,452
2016-12,2016-12,1,Honduras,338
2016-12,2016-12,1,Mexico,31
2016-12,2016-12,1,Nicaragua,7
2016-12,2016-12,1,Other,10
2016-12,2016-12,2,Cuba,1
2016-12,2016-12,2,El Salvador,43
2016-12,2016-12,2,Guatemala,35
2016-12,2016-12,2,Honduras,12
2016-12,2016-12,2,Other,2
2016-12,2016-12,3,El Salvador,2
2016-12,2016-12,3,Guatemala,3
2016-12,2016-12,3,Honduras,2
2016-12,2017-01,1,Ecuador,9
2016-12,2017-01,1,El Salvador,751
2016-12,2017-01,1,Guatemala,729
2016-12,2017-01,1,Honduras,629
2016-12,2017-01,1,Mexico,36
2016-12,2017-01,1,Nicaragua,12
2016-12,2017-01,1,Other,17
2016-12,2017-01,2,Cuba,1
2016-12,2017-01,2,El Salvador,462
2016-12,2017-01,2,Guatemala,662
2016-12,2017-01,2,Honduras,228
2016-12,2017-01,2,India,2
2016-12,2017-01,2,Mexico,18
2016-12,2017-01,2,Nicaragua,2
2016-12,2017-01,2,Other,9
2016-12,2017-01,2,Venezuela,1
2016-12,2017-01,3,Ecuador,1
2016-12,2017-01,3,El Salvador,47
2016-12,2017-01,3,Guatemala,73
2016-12,2017-01,3,Honduras,24
2016-12,2017-01,3,India,1
2016-12,2017-01,3,Mexico,3
2016-12,2017-01,3,Nicaragua,1
2016-12,2017-01,3,Other,5
2016-12,2017-01,4,El Salvador,3
2016-12,2017-01,4,Guatemala,1
2016-12,2017-02,1,Ecuador,3
2016-12,2017-02,1,El Salvador,89
2016-12,2017-02,1,Guatemala,93
2016-12,2017-02,1,Honduras,109
2016-12,2017-02,1,Mexico,3
2016-12,2017-02,1,Nicaragua,2
2016-12,2017-02,1,Other,2
2016-12,2017-02,2,El Salvador,262
2016-12,2017-02,2,Guatemala,430
2016-12,2017-02,2,Honduras,196
2016-12,2017-02,2,India,3
2016-12,2017-02,2,Mexico,3
2016-12,2017-02,2,Nicaragua,1
2016-12,2017-02,2,Other,7
2016-12,2017-02,2,Venezuela,1
2016-12,2017-02,3,El Salvador,47
2016-12,2017-02,3,Guatemala,85
2016-12,2017-02,3,Honduras,37
2016-12,2017-02,3,India,3
2016-12,2017-02,3,Other,9
2016-12,2017-02,4,El Salvador,1
2016-12,2017-02,4,Guatemala,3
2016-12,2017-03,1,El Salvador,33
2016-12,2017-03,1,Guatemala,38
2016-12,2017-03,1,Honduras,30
2016-12,2017-03,1,Mexico,2
2016-12,2017-03,1,Venezuela,2
2016-12,2017-03,2,Ecuador,1
2016-12,2017-03,2,El Salvador,57
2016-12,2017-03,2,Guatemala,137
2016-12,2017-03,2,Honduras,52
2016-12,2017-03,2,India,1
2016-12,2017-03,2,Mexico,3
2016-12,2017-03,3,El Salvador,37
2016-12,2017-03,3,Guatemala,58
2016-12,2017-03,3,Honduras,28
2016-12,2017-03,3,India,2
2016-12,2017-03,3,Other,1
2016-12,2017-03,4,El Salvador,1
2016-12,2017-03,4,Guatemala,1
2016-12,2017-04,1,El Salvador,11
2016-12,2017-04,1,Guatemala,13
2016-12,2017-04,1,Honduras,25
2016-12,2017-04,1,Nicaragua,1
2016-12,2017-04,2,El Salvador,10
2016-12,2017-04,2,Guatemala,27
2016-12,2017-04,2,Honduras,15
2016-12,2017-04,2,Mexico,3
2016-12,2017-04,2,Other,3
2016-12,2017-04,3,El Salvador,8
2016-12,2017-04,3,Guatemala,25
2016-12,2017-04,3,Honduras,12
2016-12,2017-04,3,India,1
2016-12,2017-04,3,Nicaragua,1
2016-12,2017-04,3,Other,2
2016-12,2017-05,1,El Salvador,9
2016-12,2017-05,1,Guatemala,17
2016-12,2017-05,1,Honduras,8
2016-12,2017-05,1,Mexico,3
2016-12,2017-05,1,Nicaragua,2
2016-12,2017-05,2,El Salvador,5
2016-12,2017-05,2,Guatemala,20
2016-12,2017-05,2,Honduras,11
2016-12,2017-05,3,El Salvador,4
2016-12,2017-05,3,Guatemala,9
2016-12,2017-05,3,Honduras,7
2016-12,2017-05,3,Other,4
2016-12,2017-05,4,Guatemala,1
2016-12,2017-06,1,El Salvador,6
2016-12,2017-06,1,Guatemala,7
2016-12,2017-06,1,Honduras,15
2016-12,2017-06,1,Mexico,1
2016-12,2017-06,2,El Salvador,4
2016-12,2017-06,2,Guatemala,14
2016-12,2017-06,2,Honduras,7
2016-12,2017-06,3,El Salvador,2
2016-12,2017-06,3,Guatemala,2
2016-12,2017-06,3,Mexico,1
2016-12,2017-07,1,Guatemala,2
2016-12,2017-07,2,El Salvador,1
2016-12,2017-07,2,Guatemala,3
2016-12,2017-07,3,El Salvador,2
2016-12,2017-07,3,Guatemala,5
2016-12,2017-07,3,Honduras,1
2016-12,2017-08,1,El Salvador,1
2016-12,2017-08,2,El Salvador,1
2016-12,2017-08,2,Guatemala,2
2016-12,2017-08,3,Guatemala,1
2016-12,2017-08,3,Honduras,1
2016-12,2017-09,1,Honduras,1
2016-12,2017-09,2,Guatemala,1
2016-12,2017-09,3,Guatemala,1
2016-12,2017-09,3,Honduras,1
2016-12,2017-09,3,Other,1
2016-12,2017-10,1,Guatemala,1
2016-12,2017-10,2,Other,1
2016-12,2017-10,3,Guatemala,1
2016-12,2017-10,3,Honduras,1
2016-12,2017-11,2,El Salvador,2
2016-12,2017-12,1,Honduras,1
2016-12,2017-12,3,Guatemala,1
2016-12,2018-01,1,Honduras,1
2016-12,2018-01,2,Guatemala,2
2016-12,2018-02,1,Other,1
2016-12,2018-02,2,Guatemala,1
2016-12,2018-02,3,Guatemala,1
2016-12,2018-03,1,Guatemala,1
2016-12,2018-03,3,El Salvador,1
2016-12,2018-04,1,Guatemala,1
2016-12,2018-06,1,El Salvador,1
2016-12,2018-06,1,Guatemala,1
2016-12,2019-01,2,Guatemala,1
2016-12,2019-02,2,Honduras,1
2016-12,2019-06,1,Honduras,1
2016-12,2019-11,2,Honduras,1
2016-12,2021-09,1,Guatemala,1
2017-01,2017-01,1,Cuba,1
2017-01,2017-01,1,Ecuador,3
2017-01,2017-01,1,El Salvador,138
2017-01,2017-01,1,Guatemala,197
2017-01,2017-01,1,Honduras,131
2017-01,2017-01,1,Mexico,15
2017-01,2017-01,1,Nicaragua,9
2017-01,2017-01,1,Other,6
2017-01,2017-01,2,El Salvador,13
2017-01,2017-01,2,Guatemala,18
2017-01,2017-01,2,Honduras,4
2017-01,2017-01,2,Mexico,3
2017-01,2017-01,2,Other,1
2017-01,2017-01,3,Guatemala,3
2017-01,2017-02,1,Ecuador,8
2017-01,2017-02,1,El Salvador,504
2017-01,2017-02,1,Guatemala,407
2017-01,2017-02,1,Honduras,336
2017-01,2017-02,1,Mexico,22
2017-01,2017-02,1,Nicaragua,12
2017-01,2017-02,1,Other,7
2017-01,2017-02,2,Ecuador,1
2017-01,2017-02,2,El Salvador,213
2017-01,2017-02,2,Guatemala,403
2017-01,2017-02,2,Honduras,115
2017-01,2017-02,2,India,3
2017-01,2017-02,2,Mexico,14
2017-01,2017-02,2,Nicaragua,1
2017-01,2017-02,2,Other,10
2017-01,2017-02,2,Venezuela,1
2017-01,2017-02,3,El Salvador,31
2017-01,2017-02,3,Guatemala,40
2017-01,2017-02,3,Honduras,15
2017-01,2017-02,3,India,2
2017-01,2017-02,3,Nicaragua,1
2017-01,2017-02,3,Other,5
2017-01,2017-02,4,Honduras,1
2017-01,2017-03,1,El Salvador,47
2017-01,2017-03,1,Guatemala,61
2017-01,2017-03,1,Honduras,60
2017-01,2017-03,1,Mexico,2
2017-01,2017-03,1,Nicaragua,2
2017-01,2017-03,1,Other,6
2017-01,2017-03,2,Ecuador,1
2017-01,2017-03,2,El Salvador,193
2017-01,2017-03,2,Guatemala,308
2017-01,2017-03,2,Honduras,118
2017-01,2017-03,2,India,3
2017-01,2017-03,2,Mexico,5
2017-01,2017-03,2,Nicaragua,1
2017-01,2017-03,2,Other,9
2017-01,2017-03,3,El Salvador,40
2017-01,2017-03,3,Guatemala,56
2017-01,2017-03,3,Honduras,26
2017-01,2017-03,3,India,5
2017-01,2017-03,3,Mexico,2
2017-01,2017-03,3,Other,12
2017-01,2017-03,4,Guatemala,2
2017-01,2017-03,4,Other,1
2017-01,2017-04,1,El Salvador,9
2017-01,2017-04,1,Guatemala,11
2017-01,2017-04,1,Honduras,16
2017-01,2017-04,1,Mexico,1
2017-01,2017-04,1,Other,1
2017-01,2017-04,2,El Salvador,15
2017-01,2017-04,2,Guatemala,36
2017-01,2017-04,2,Honduras,18
2017-01,2017-04,2,India,1
2017-01,2017-04,2,Mexico,1
2017-01,2017-04,2,Other,1
2017-01,2017-04,3,El Salvador,19
2017-01,2017-04,3,Guatemala,22
2017-01,2017-04,3,Honduras,6
2017-01,2017-04,3,India,1
2017-01,2017-04,3,Other,3
2017-01,2017-05,1,El Salvador,8
2017-01,2017-05,1,Guatemala,9
2017-01,2017-05,1,Honduras,10
2017-01,2017-05,1,Mexico,3
2017-01,2017-05,2,El Salvador,3
2017-01,2017-05,2,Guatemala,20
2017-01,2017-05,2,Honduras,6
2017-01,2017-05,2,Mexico,1
2017-01,2017-05,2,Other,1
2017-01,2017-05,3,El Salvador,10
2017-01,2017-05,3,Guatemala,17
2017-01,2017-05,3,Honduras,1
2017-01,2017-05,3,India,2
2017-01,2017-05,3,Nicaragua,1
2017-01,2017-05,3,Other,3
2017-01,2017-05,4,Other,1
2017-01,2017-06,1,El Salvador,4
2017-01,2017-06,1,Guatemala,9
2017-01,2017-06,1,Honduras,19
2017-01,2017-06,1,Mexico,5
2017-01,2017-06,1,Nicaragua,1
2017-01,2017-06,2,El Salvador,5
2017-01,2017-06,2,Guatemala,15
2017-01,2017-06,2,Honduras,9
2017-01,2017-06,2,Mexico,1
2017-01,2017-06,2,Other,1
2017-01,2017-06,3,El Salvador,6
2017-01,2017-06,3,Guatemala,3
2017-01,2017-06,3,Honduras,3
2017-01,2017-06,3,India,1
2017-01,2017-06,3,Other,2
2017-01,2017-07,1,El Salvador,4
2017-01,2017-07,1,Honduras,1
2017-01,2017-07,2,El Salvador,3
2017-01,2017-07,2,Guatemala,5
2017-01,2017-07,2,Honduras,2
2017-01,2017-07,2,Mexico,1
2017-01,2017-07,3,Guatemala,4
2017-01,2017-07,3,Honduras,3
2017-01,2017-08,1,El Salvador,1
2017-01,2017-08,2,El Salvador,1
2017-01,2017-08,2,Guatemala,3
2017-01,2017-08,3,Guatemala,2
2017-01,2017-08,3,Honduras,1
2017-01,2017-09,1,El Salvador,1
2017-01,2017-09,2,Honduras,1
2017-01,2017-09,3,Guatemala,1
2017-01,2017-09,3,Honduras,2
2017-01,2017-11,2,El Salvador,1
2017-01,2017-11,2,Honduras,1
2017-01,2017-11,3,Guatemala,1
2017-01,2017-12,2,Guatemala,2
2017-01,2017-12,2,Honduras,2
2017-01,2018-01,1,El Salvador,1
2017-01,2018-03,2,Honduras,1
2017-01,2018-03,3,El Salvador,1
2017-01,2018-04,1,Honduras,1
2017-01,2018-04,3,El Salvador,1
2017-01,2018-05,2,Guatemala,1
2017-01,2018-06,1,Honduras,1
2017-01,2018-09,1,Guatemala,1
2017-01,2018-12,1,Guatemala,1
2017-01,2019-02,1,Guatemala,1
2017-01,2019-06,3,Guatemala,1
2017-02,2017-02,1,Ecuador,3
2017-02,2017-02,1,El Salvador,114
2017-02,2017-02,1,Guatemala,80
2017-02,2017-02,1,Honduras,62
2017-02,2017-02,1,Mexico,6
2017-02,2017-02,1,Nicaragua,3
2017-02,2017-02,1,Other,4
2017-02,2017-02,2,El Salvador,4
2017-02,2017-02,2,Guatemala,10
2017-02,2017-02,3,India,1
2017-02,2017-03,1,Ecuador,4
2017-02,2017-03,1,El Salvador,145
2017-02,2017-03,1,Guatemala,85
2017-02,2017-03,1,Honduras,106
2017-02,2017-03,1,Mexico,12
2017-02,2017-03,1,Nicaragua,4
2017-02,2017-03,1,Other,11
2017-02,2017-03,2,Ecuador,1
2017-02,2017-03,2,El Salvador,139
2017-02,2017-03,2,Guatemala,191
2017-02,2017-03,2,Honduras,73
2017-02,2017-03,2,India,2
2017-02,2017-03,2,Mexico,8
2017-02,2017-03,2,Nicaragua,2
2017-02,2017-03,2,Other,9
2017-02,2017-03,3,El Salvador,23
2017-02,2017-03,3,Guatemala,9
2017-02,2017-03,3,Honduras,14
2017-02,2017-03,3,India,2
2017-02,2017-03,3,Mexico,1
2017-02,2017-03,3,Nicaragua,1
2017-02,2017-03,3,Other,9
2017-02,2017-03,4,El Salvador,1
2017-02,2017-04,1,Ecuador,1
2017-02,2017-04,1,El Salvador,5
2017-02,2017-04,1,Guatemala,8
2017-02,2017-04,1,Honduras,6
2017-02,2017-04,1,Mexico,1
2017-02,2017-04,1,Other,2
2017-02,2017-04,2,El Salvador,28
2017-02,2017-04,2,Guatemala,44
2017-02,2017-04,2,Honduras,20
2017-02,2017-04,2,Mexico,3
2017-02,2017-04,2,Other,1
2017-02,2017-04,3,El Salvador,8
2017-02,2017-04,3,Guatemala,13
2017-02,2017-04,3,Honduras,13
2017-02,2017-04,3,India,7
2017-02,2017-04,3,Other,10
2017-02,2017-04,4,India,2
2017-02,2017-05,1,El Salvador,7
2017-02,2017-05,1,Guatemala,7
2017-02,2017-05,1,Honduras,7
2017-02,2017-05,1,Mexico,1
2017-02,2017-05,1,Other,1
2017-02,2017-05,2,El Salvador,7
2017-02,2017-05,2,Guatemala,22
2017-02,2017-05,2,Honduras,12
2017-02,2017-05,2,India,3
2017-02,2017-05,2,Mexico,1
2017-02,2017-05,2,Other,3
2017-02,2017-05,3,El Salvador,4
2017-02,2017-05,3,Guatemala,5
2017-02,2017-05,3,Honduras,7
2017-02,2017-05,3,India,5
2017-02,2017-05,3,Other,6
2017-02,2017-06,1,El Salvador,3
2017-02,2017-06,1,Guatemala,5
2017-02,2017-06,1,Honduras,8
2017-02,2017-06,2,El Salvador,7
2017-02,2017-06,2,Guatemala,4
2017-02,2017-06,2,Mexico,1
2017-02,2017-06,2,Other,3
2017-02,2017-06,3,El Salvador,4
2017-02,2017-06,3,Guatemala,7
2017-02,2017-06,3,Honduras,3
2017-02,2017-06,3,India,3
2017-02,2017-06,3,Other,1
2017-02,2017-07,1,Guatemala,3
2017-02,2017-07,1,Honduras,1
2017-02,2017-07,2,El Salvador,2
2017-02,2017-07,2,Guatemala,2
2017-02,2017-07,3,Guatemala,4
2017-02,2017-07,3,Honduras,2
2017-02,2017-07,3,India,1
2017-02,2017-07,3,Other,3
2017-02,2017-08,1,Guatemala,2
2017-02,2017-08,1,Other,1
2017-02,2017-08,2,Honduras,1
2017-02,2017-08,3,El Salvador,1
2017-02,2017-08,3,Other,1
2017-02,2017-09,2,Guatemala,1
2017-02,2017-09,2,Honduras,1
2017-02,2017-10,1,Honduras,5
2017-02,2017-10,2,Guatemala,1
2017-02,2017-11,2,El Salvador,1
2017-02,2017-11,3,Guatemala,1
2017-02,2017-12,3,Guatemala,1
2017-02,2018-01,3,Honduras,1
2017-02,2018-02,2,Honduras,1
2017-02,2018-02,3,El Salvador,1
2017-02,2018-03,2,Honduras,3
2017-02,2018-03,3,Guatemala,1
2017-02,2018-04,1,El Salvador,1
2017-02,2018-06,2,Guatemala,1
2017-02,2018-06,2,Honduras,1
2017-03,2017-03,1,Ecuador,1
2017-03,2017-03,1,El Salvador,47
2017-03,2017-03,1,Guatemala,27
2017-03,2017-03,1,Honduras,31
2017-03,2017-03,1,Mexico,4
2017-03,2017-03,1,Nicaragua,1
2017-03,2017-03,1,Other,1
2017-03,2017-03,2,El Salvador,23
2017-03,2017-03,2,Guatemala,29
2017-03,2017-03,2,Honduras,12
2017-03,2017-03,2,Mexico,4
2017-03,2017-03,2,Other,2
2017-03,2017-03,3,El Salvador,2
2017-03,2017-03,3,Guatemala,1
2017-03,2017-03,3,Mexico,1
2017-03,2017-03,3,Other,1
2017-03,2017-04,1,Colombia,1
2017-03,2017-04,1,El Salvador,32
2017-03,2017-04,1,Guatemala,22
2017-03,2017-04,1,Honduras,50
2017-03,2017-04,1,Mexico,6
2017-03,2017-04,1,Nicaragua,1
2017-03,2017-04,1,Other,3
2017-03,2017-04,2,Cuba,1
2017-03,2017-04,2,El Salvador,46
2017-03,2017-04,2,Guatemala,69
2017-03,2017-04,2,Honduras,21
2017-03,2017-04,2,India,1
2017-03,2017-04,2,Mexico,3
2017-03,2017-04,2,Other,6
2017-03,2017-04,3,El Salvador,11
2017-03,2017-04,3,Guatemala,12
2017-03,2017-04,3,Honduras,9
2017-03,2017-04,3,India,1
2017-03,2017-04,3,Other,2
2017-03,2017-05,1,El Salvador,7
2017-03,2017-05,1,Guatemala,4
2017-03,2017-05,1,Honduras,9
2017-03,2017-05,1,Mexico,2
2017-03,2017-05,1,Other,1
2017-03,2017-05,2,El Salvador,6
2017-03,2017-05,2,Guatemala,13
2017-03,2017-05,2,Honduras,7
2017-03,2017-05,2,Mexico,1
2017-03,2017-05,2,Other,4
2017-03,2017-05,3,El Salvador,8
2017-03,2017-05,3,Guatemala,7
2017-03,2017-05,3,Honduras,1
2017-03,2017-05,3,India,1
2017-03,2017-05,3,Mexico,1
2017-03,2017-05,4,Other,2
2017-03,2017-06,1,El Salvador,3
2017-03,2017-06,1,Guatemala,1
2017-03,2017-06,1,Honduras,2
2017-03,2017-06,1,Other,1
2017-03,2017-06,2,El Salvador,3
2017-03,2017-06,2,Guatemala,4
2017-03,2017-06,2,Honduras,6
2017-03,2017-06,2,Mexico,2
2017-03,2017-06,3,Guatemala,3
2017-03,2017-06,3,Honduras,1
2017-03,2017-06,3,Other,1
2017-03,2017-07,1,Guatemala,2
2017-03,2017-07,1,Honduras,1
2017-03,2017-07,1,Other,1
2017-03,2017-07,2,Guatemala,2
2017-03,2017-07,3,El Salvador,2
2017-03,2017-07,3,Honduras,1
2017-03,2017-07,3,India,1
2017-03,2017-08,2,El Salvador,1
2017-03,2017-08,2,Honduras,1
2017-03,2017-08,2,Other,1
2017-03,2017-08,3,El Salvador,1
2017-03,2017-08,3,Guatemala,1
2017-03,2017-08,3,Honduras,1
2017-03,2017-09,1,Honduras,1
2017-03,2017-09,2,Honduras,2
2017-03,2017-09,3,Other,1
2017-03,2017-10,3,Honduras,2
2017-03,2017-12,1,Mexico,2
2017-03,2017-12,3,Guatemala,2
2017-03,2018-01,3,Guatemala,1
2017-03,2018-02,3,El Salvador,1
2017-03,2018-03,1,El Salvador,1
2017-03,2018-04,1,El Salvador,1
2017-03,2018-11,2,Guatemala,1
2017-03,2018-11,3,Honduras,1
2017-03,2019-02,2,Guatemala,1
2017-04,2017-04,1,El Salvador,27
2017-04,2017-04,1,Guatemala,22
2017-04,2017-04,1,Honduras,24
2017-04,2017-04,1,Mexico,6
2017-04,2017-04,1,Nicaragua,2
2017-04,2017-04,1,Other,3
2017-04,2017-04,1,Venezuela,1
2017-04,2017-04,2,El Salvador,9
2017-04,2017-04,2,Guatemala,13
2017-04,2017-04,2,Honduras,5
2017-04,2017-04,3,Colombia,1
2017-04,2017-04,3,Ecuador,1
2017-04,2017-04,3,El Salvador,3
2017-04,2017-04,3,Guatemala,2
2017-04,2017-05,1,Colombia,1
2017-04,2017-05,1,El Salvador,52
2017-04,2017-05,1,Guatemala,32
2017-04,2017-05,1,Honduras,38
2017-04,2017-05,1,Mexico,6
2017-04,2017-05,2,Ecuador,1
2017-04,2017-05,2,El Salvador,24
2017-04,2017-05,2,Guatemala,72
2017-04,2017-05,2,Honduras,33
2017-04,2017-05,2,Mexico,3
2017-04,2017-05,2,Nicaragua,2
2017-04,2017-05,2,Other,1
2017-04,2017-05,3,El Salvador,8
2017-04,2017-05,3,Guatemala,20
2017-04,2017-05,3,Honduras,2
2017-04,2017-05,3,India,1
2017-04,2017-05,3,Other,2
2017-04,2017-06,1,El Salvador,12
2017-04,2017-06,1,Guatemala,6
2017-04,2017-06,1,Honduras,6
2017-04,2017-06,1,Mexico,2
2017-04,2017-06,2,El Salvador,11
2017-04,2017-06,2,Guatemala,30
2017-04,2017-06,2,Honduras,6
2017-04,2017-06,2,Mexico,2
2017-04,2017-06,2,Other,2
2017-04,2017-06,3,El Salvador,3
2017-04,2017-06,3,Guatemala,7
2017-04,2017-06,3,Mexico,1
2017-04,2017-06,4,Guatemala,1
2017-04,2017-07,1,El Salvador,1
2017-04,2017-07,1,Guatemala,1
2017-04,2017-07,1,Honduras,1
2017-04,2017-07,1,Mexico,1
2017-04,2017-07,2,El Salvador,1
2017-04,2017-07,2,Guatemala,8
2017-04,2017-07,2,Honduras,2
2017-04,2017-07,2,Mexico,1
2017-04,2017-07,3,El Salvador,2
2017-04,2017-07,3,Guatemala,5
2017-04,2017-07,3,Mexico,1
2017-04,2017-07,3,Other,2
2017-04,2017-08,1,Honduras,1
2017-04,2017-08,2,El Salvador,1
2017-04,2017-08,2,Guatemala,2
2017-04,2017-08,3,Guatemala,1
2017-04,2017-08,3,Honduras,3
2017-04,2017-09,1,El Salvador,1
2017-04,2017-09,2,Guatemala,1
2017-04,2017-09,2,Honduras,1
2017-04,2017-09,3,Guatemala,1
2017-04,2017-10,3,Other,1
2017-04,2017-12,1,Guatemala,1
2017-04,2017-12,1,Mexico,1
2017-04,2017-12,2,Guatemala,1
2017-04,2018-03,3,Guatemala,1
2017-04,2018-06,2,Other,1
2017-04,2018-06,3,Guatemala,1
2017-04,2018-08,4,Guatemala,1
2017-04,2019-01,3,Guatemala,1
2017-04,2019-03,2,Honduras,1
2017-05,2017-05,1,El Salvador,56
2017-05,2017-05,1,Guatemala,47
2017-05,2017-05,1,Honduras,30
2017-05,2017-05,1,Mexico,3
2017-05,2017-05,1,Nicaragua,2
2017-05,2017-05,1,Other,2
2017-05,2017-05,2,El Salvador,19
2017-05,2017-05,2,Guatemala,24
2017-05,2017-05,2,Honduras,9
2017-05,2017-05,3,Guatemala,2
2017-05,2017-06,1,Cuba,1
2017-05,2017-06,1,El Salvador,68
2017-05,2017-06,1,Guatemala,118
2017-05,2017-06,1,Honduras,69
2017-05,2017-06,1,Mexico,8
2017-05,2017-06,1,Other,3
2017-05,2017-06,2,El Salvador,48
2017-05,2017-06,2,Guatemala,137
2017-05,2017-06,2,Honduras,41
2017-05,2017-06,2,India,1
2017-05,2017-06,2,Mexico,5
2017-05,2017-06,2,Nicaragua,1
2017-05,2017-06,2,Other,4
2017-05,2017-06,3,El Salvador,15
2017-05,2017-06,3,Guatemala,18
2017-05,2017-06,3,Honduras,4
2017-05,2017-06,3,Other,4
2017-05,2017-06,4,El Salvador,1
2017-05,2017-07,1,El Salvador,11
2017-05,2017-07,1,Guatemala,9
2017-05,2017-07,1,Honduras,11
2017-05,2017-07,1,Other,2
2017-05,2017-07,2,El Salvador,15
2017-05,2017-07,2,Guatemala,39
2017-05,2017-07,2,Honduras,10
2017-05,2017-07,2,Mexico,2
2017-05,2017-07,2,Nicaragua,1
2017-05,2017-07,2,Other,3
2017-05,2017-07,3,El Salvador,7
2017-05,2017-07,3,Guatemala,15
2017-05,2017-07,3,Honduras,7
2017-05,2017-07,3,India,1
2017-05,2017-07,3,Mexico,2
2017-05,2017-07,3,Other,3
2017-05,2017-08,1,Guatemala,1
2017-05,2017-08,1,Mexico,1
2017-05,2017-08,1,Other,3
2017-05,2017-08,2,El Salvador,3
2017-05,2017-08,2,Guatemala,8
2017-05,2017-08,2,Honduras,5
2017-05,2017-08,2,India,1
2017-05,2017-08,2,Mexico,1
2017-05,2017-08,2,Other,1
2017-05,2017-08,3,Guatemala,7
2017-05,2017-08,3,Honduras,2
2017-05,2017-08,3,India,1
2017-05,2017-09,1,El Salvador,1
2017-05,2017-09,1,Guatemala,4
2017-05,2017-09,1,Honduras,1
2017-05,2017-09,2,Guatemala,5
2017-05,2017-09,2,Honduras,1
2017-05,2017-09,2,Mexico,1
2017-05,2017-09,3,Guatemala,2
2017-05,2017-09,3,Honduras,1
2017-05,2017-09,3,Other,4
2017-05,2017-10,1,Guatemala,2
2017-05,2017-10,1,Mexico,1
2017-05,2017-10,1,Other,1
2017-05,2017-10,2,Guatemala,3
2017-05,2017-10,2,Mexico,1
2017-05,2017-11,1,Guatemala,1
2017-05,2017-11,1,Mexico,1
2017-05,2017-11,2,Guatemala,3
2017-05,2017-11,2,Honduras,1
2017-05,2017-11,3,Guatemala,1
2017-05,2017-12,2,El Salvador,1
2017-05,2017-12,2,Other,1
2017-05,2017-12,3,Honduras,2
2017-05,2018-01,3,Guatemala,1
2017-05,2018-01,3,Honduras,1
2017-05,2018-01,3,Mexico,1
2017-05,2018-05,1,Guatemala,1
2017-05,2018-05,1,Honduras,2
2017-05,2018-05,2,Guatemala,1
2017-05,2018-10,3,Mexico,1
2017-05,2019-01,2,Guatemala,1
2017-05,2019-04,3,Guatemala,1
2017-05,2019-05,2,Guatemala,1
2017-05,2019-06,1,Guatemala,1
2017-05,2019-09,3,Guatemala,1
2017-06,2017-06,1,Ecuador,1
2017-06,2017-06,1,El Salvador,40
2017-06,2017-06,1,Guatemala,62
2017-06,2017-06,1,Honduras,42
2017-06,2017-06,1,Mexico,5
2017-06,2017-06,1,Nicaragua,3
2017-06,2017-06,1,Other,2
2017-06,2017-06,2,El Salvador,29
2017-06,2017-06,2,Guatemala,53
2017-06,2017-06,2,Honduras,17
2017-06,2017-06,2,Mexico,7
2017-06,2017-06,2,Other,1
2017-06,2017-06,2,Venezuela,1
2017-06,2017-06,3,El Salvador,2
2017-06,2017-06,3,Guatemala,1
2017-06,2017-06,3,Honduras,1
2017-06,2017-07,1,El Salvador,66
2017-06,2017-07,1,Guatemala,117
2017-06,2017-07,1,Honduras,66
2017-06,2017-07,1,Mexico,3
2017-06,2017-07,1,Other,10
2017-06,2017-07,2,El Salvador,60
2017-06,2017-07,2,Guatemala,228
2017-06,2017-07,2,Honduras,65
2017-06,2017-07,2,India,1
2017-06,2017-07,2,Mexico,7
2017-06,2017-07,2,Other,5
2017-06,2017-07,3,El Salvador,13
2017-06,2017-07,3,Guatemala,20
2017-06,2017-07,3,Honduras,12
2017-06,2017-07,3,India,2
2017-06,2017-07,3,Nicaragua,1
2017-06,2017-07,3,Other,4
2017-06,2017-07,4,Honduras,1
2017-06,2017-08,1,El Salvador,9
2017-06,2017-08,1,Guatemala,24
2017-06,2017-08,1,Honduras,18
2017-06,2017-08,1,Mexico,3
2017-06,2017-08,1,Other,2
2017-06,2017-08,2,El Salvador,14
2017-06,2017-08,2,Guatemala,67
2017-06,2017-08,2,Honduras,16
2017-06,2017-08,2,Mexico,1
2017-06,2017-08,3,El Salvador,3
2017-06,2017-08,3,Guatemala,26
2017-06,2017-08,3,Honduras,5
2017-06,2017-08,3,India,2
2017-06,2017-08,3,Mexico,3
2017-06,2017-08,3,Other,2
2017-06,2017-09,1,El Salvador,2
2017-06,2017-09,1,Guatemala,11
2017-06,2017-09,1,Honduras,5
2017-06,2017-09,1,Mexico,2
2017-06,2017-09,1,Other,1
2017-06,2017-09,2,El Salvador,7
2017-06,2017-09,2,Guatemala,28
2017-06,2017-09,2,Honduras,7
2017-06,2017-09,2,Mexico,2
2017-06,2017-09,2,Other,2
2017-06,2017-09,3,Ecuador,1
2017-06,2017-09,3,El Salvador,2
2017-06,2017-09,3,Guatemala,13
2017-06,2017-09,3,Honduras,8
2017-06,2017-09,3,Mexico,1
2017-06,2017-09,3,Nicaragua,1
2017-06,2017-09,3,Other,3
2017-06,2017-10,1,El Salvador,2
2017-06,2017-10,1,Guatemala,2
2017-06,2017-10,1,Honduras,3
2017-06,2017-10,2,El Salvador,2
2017-06,2017-10,2,Guatemala,13
2017-06,2017-10,2,Honduras,3
2017-06,2017-10,2,Mexico,1
2017-06,2017-10,3,Guatemala,10
2017-06,2017-10,3,Honduras,3
2017-06,2017-10,3,India,1
2017-06,2017-10,3,Other,1
2017-06,2017-11,1,El Salvador,4
2017-06,2017-11,1,Guatemala,2
2017-06,2017-11,1,Honduras,1
2017-06,2017-11,1,Other,1
2017-06,2017-11,2,Guatemala,7
2017-06,2017-11,2,Honduras,4
2017-06,2017-11,3,Guatemala,3
2017-06,2017-11,3,Honduras,5
2017-06,2017-12,1,El Salvador,4
2017-06,2017-12,1,Honduras,1
2017-06,2017-12,1,Mexico,2
2017-06,2017-12,2,Guatemala,3
2017-06,2017-12,3,Guatemala,4
2017-06,2017-12,3,Honduras,3
2017-06,2018-01,1,El Salvador,1
2017-06,2018-01,1,Guatemala,1
2017-06,2018-01,1,Honduras,1
2017-06,2018-01,2,Guatemala,2
2017-06,2018-01,2,Honduras,1
2017-06,2018-01,3,Guatemala,1
2017-06,2018-02,2,Guatemala,2
2017-06,2018-02,3,Guatemala,1
2017-06,2018-02,3,Mexico,1
2017-06,2018-03,2,Honduras,2
2017-06,2018-03,3,Guatemala,1
2017-06,2018-03,3,Other,1
2017-06,2018-05,2,Guatemala,3
2017-06,2018-06,1,El Salvador,1
2017-06,2018-06,2,Guatemala,2
2017-06,2018-07,3,El Salvador,1
2017-06,2018-10,1,Guatemala,1
2017-06,2018-10,2,Mexico,1
2017-06,2018-11,3,Honduras,1
2017-06,2019-04,2,Honduras,1
2017-07,2017-07,1,Ecuador,3
2017-07,2017-07,1,El Salvador,65
2017-07,2017-07,1,Guatemala,100
2017-07,2017-07,1,Honduras,66
2017-07,2017-07,1,Mexico,6
2017-07,2017-07,1,Nicaragua,2
2017-07,2017-07,1,Other,4
2017-07,2017-07,2,El Salvador,24
2017-07,2017-07,2,Guatemala,80
2017-07,2017-07,2,Honduras,12
2017-07,2017-07,2,Mexico,4
2017-07,2017-07,3,El Salvador,3
2017-07,2017-07,3,Guatemala,10
2017-07,2017-08,1,Ecuador,1
2017-07,2017-08,1,El Salvador,76
2017-07,2017-08,1,Guatemala,205
2017-07,2017-08,1,Honduras,116
2017-07,2017-08,1,Mexico,18
2017-07,2017-08,1,Other,4
2017-07,2017-08,2,El Salvador,77
2017-07,2017-08,2,Guatemala,321
2017-07,2017-08,2,Honduras,79
2017-07,2017-08,2,India,4
2017-07,2017-08,2,Mexico,19
2017-07,2017-08,2,Nicaragua,2
2017-07,2017-08,2,Other,6
2017-07,2017-08,3,El Salvador,15
2017-07,2017-08,3,Guatemala,26
2017-07,2017-08,3,Honduras,7
2017-07,2017-08,3,India,1
2017-07,2017-08,3,Nicaragua,3
2017-07,2017-08,3,Other,5
2017-07,2017-08,4,Guatemala,1
2017-07,2017-08,4,Honduras,1
2017-07,2017-08,4,Mexico,1
2017-07,2017-09,1,El Salvador,14
2017-07,2017-09,1,Guatemala,33
2017-07,2017-09,1,Honduras,21
2017-07,2017-09,1,Mexico,5
2017-07,2017-09,1,Nicaragua,2
2017-07,2017-09,1,Other,3
2017-07,2017-09,2,El Salvador,21
2017-07,2017-09,2,Guatemala,130
2017-07,2017-09,2,Honduras,26
2017-07,2017-09,2,India,2
2017-07,2017-09,2,Mexico,2
2017-07,2017-09,2,Nicaragua,1
2017-07,2017-09,2,Other,7
2017-07,2017-09,3,El Salvador,5
2017-07,2017-09,3,Guatemala,42
2017-07,2017-09,3,Honduras,14
2017-07,2017-09,3,India,7
2017-07,2017-09,3,Nicaragua,1
2017-07,2017-09,3,Other,6
2017-07,2017-10,1,El Salvador,10
2017-07,2017-10,1,Guatemala,14
2017-07,2017-10,1,Honduras,9
2017-07,2017-10,1,Mexico,1
2017-07,2017-10,1,Nicaragua,1
2017-07,2017-10,2,El Salvador,5
2017-07,2017-10,2,Guatemala,35
2017-07,2017-10,2,Honduras,14
2017-07,2017-10,2,Mexico,3
2017-07,2017-10,2,Other,2
2017-07,2017-10,3,El Salvador,3
2017-07,2017-10,3,Guatemala,17
2017-07,2017-10,3,Honduras,6
2017-07,2017-10,3,India,2
2017-07,2017-10,3,Mexico,1
2017-07,2017-10,3,Other,2
2017-07,2017-11,1,El Salvador,7
2017-07,2017-11,1,Guatemala,5
2017-07,2017-11,1,Honduras,4
2017-07,2017-11,2,El Salvador,7
2017-07,2017-11,2,Guatemala,21
2017-07,2017-11,2,Honduras,7
2017-07,2017-11,2,Other,1
2017-07,2017-11,3,El Salvador,2
2017-07,2017-11,3,Guatemala,13
2017-07,2017-11,3,Honduras,2
2017-07,2017-11,3,India,3
2017-07,2017-12,1,Guatemala,2
2017-07,2017-12,1,Honduras,1
2017-07,2017-12,1,Mexico,1
2017-07,2017-12,1,Other,1
2017-07,2017-12,2,El Salvador,3
2017-07,2017-12,2,Guatemala,11
2017-07,2017-12,2,Mexico,1
2017-07,2017-12,2,Other,3
2017-07,2017-12,3,El Salvador,1
2017-07,2017-12,3,Guatemala,5
2017-07,2017-12,3,Honduras,3
2017-07,2017-12,3,India,1
2017-07,2018-01,1,Guatemala,2
2017-07,2018-01,2,Guatemala,5
2017-07,2018-01,2,Honduras,1
2017-07,2018-01,3,Guatemala,1
2017-07,2018-01,3,Honduras,1
2017-07,2018-01,3,Mexico,1
2017-07,2018-01,3,Other,1
2017-07,2018-02,1,El Salvador,1
2017-07,2018-02,2,Guatemala,2
2017-07,2018-02,2,Honduras,1
2017-07,2018-02,3,Guatemala,1
2017-07,2018-02,3,India,1
2017-07,2018-03,1,Guatemala,1
2017-07,2018-03,2,Guatemala,4
2017-07,2018-03,2,Honduras,3
2017-07,2018-03,2,Other,1
2017-07,2018-03,3,Honduras,1
2017-07,2018-04,2,Guatemala,1
2017-07,2018-04,3,Guatemala,1
2017-07,2018-05,1,El Salvador,1
2017-07,2018-05,2,Guatemala,2
2017-07,2018-05,3,Guatemala,2
2017-07,2018-06,1,El Salvador,1
2017-07,2018-06,3,Guatemala,1
2017-07,2018-07,2,Guatemala,1
2017-07,2018-08,1,Mexico,1
2017-07,2018-08,2,Mexico,1
2017-07,2018-09,1,Guatemala,1
2017-07,2018-09,2,Guatemala,1
2017-07,2018-09,3,Guatemala,1
2017-07,2018-10,3,Guatemala,1
2017-07,2018-12,3,Guatemala,1
2017-07,2019-01,1,Other,1
2017-07,2019-03,2,Guatemala,1
2017-07,2019-06,1,Guatemala,1
2017-07,2019-06,3,El Salvador,1
2017-07,2019-07,3,Guatemala,1
2017-07,2019-08,1,Guatemala,1
2017-07,2019-09,1,Guatemala,1
2017-07,2020-07,3,Guatemala,1
2017-08,2017-08,1,El Salvador,64
2017-08,2017-08,1,Guatemala,81
2017-08,2017-08,1,Honduras,55
2017-08,2017-08,1,Mexico,12
2017-08,2017-08,1,Other,2
2017-08,2017-08,2,El Salvador,25
2017-08,2017-08,2,Guatemala,64
2017-08,2017-08,2,Honduras,25
2017-08,2017-08,2,Mexico,2
2017-08,2017-08,2,Other,1
2017-08,2017-08,3,El Salvador,4
2017-08,2017-08,3,Guatemala,4
2017-08,2017-08,3,India,1
2017-08,2017-08,3,Other,1
2017-08,2017-09,1,El Salvador,96
2017-08,2017-09,1,Guatemala,217
2017-08,2017-09,1,Honduras,111
2017-08,2017-09,1,India,1
2017-08,2017-09,1,Mexico,25
2017-08,2017-09,1,Other,8
2017-08,2017-09,2,Cuba,1
2017-08,2017-09,2,Ecuador,1
2017-08,2017-09,2,El Salvador,79
2017-08,2017-09,2,Guatemala,386
2017-08,2017-09,2,Honduras,86
2017-08,2017-09,2,India,6
2017-08,2017-09,2,Mexico,14
2017-08,2017-09,2,Nicaragua,2
2017-08,2017-09,2,Other,6
2017-08,2017-09,3,Cuba,1
2017-08,2017-09,3,El Salvador,12
2017-08,2017-09,3,Guatemala,42
2017-08,2017-09,3,Honduras,17
2017-08,2017-09,3,India,5
2017-08,2017-09,3,Nicaragua,3
2017-08,2017-09,3,Other,5
2017-08,2017-09,4,Guatemala,3
2017-08,2017-09,4,Honduras,2
2017-08,2017-10,1,El Salvador,23
2017-08,2017-10,1,Guatemala,63
2017-08,2017-10,1,Honduras,28
2017-08,2017-10,1,Mexico,8
2017-08,2017-10,1,Other,2
2017-08,2017-10,2,Ecuador,1
2017-08,2017-10,2,El Salvador,28
2017-08,2017-10,2,Guatemala,236
2017-08,2017-10,2,Honduras,42
2017-08,2017-10,2,Mexico,6
2017-08,2017-10,2,Nicaragua,1
2017-08,2017-10,2,Other,9
2017-08,2017-10,3,El Salvador,10
2017-08,2017-10,3,Guatemala,61
2017-08,2017-10,3,Honduras,10
2017-08,2017-10,3,India,7
2017-08,2017-10,3,Mexico,3
2017-08,2017-10,3,Other,8
2017-08,2017-11,1,El Salvador,7
2017-08,2017-11,1,Guatemala,13
2017-08,2017-11,1,Honduras,9
2017-08,2017-11,1,Mexico,4
2017-08,2017-11,1,Other,2
2017-08,2017-11,2,El Salvador,2
2017-08,2017-11,2,Guatemala,63
2017-08,2017-11,2,Honduras,16
2017-08,2017-11,2,India,2
2017-08,2017-11,2,Mexico,4
2017-08,2017-11,3,El Salvador,4
2017-08,2017-11,3,Guatemala,27
2017-08,2017-11,3,Honduras,10
2017-08,2017-11,3,India,4
2017-08,2017-11,3,Nicaragua,1
2017-08,2017-11,3,Other,6
2017-08,2017-12,1,Guatemala,6
2017-08,2017-12,1,Honduras,4
2017-08,2017-12,1,Other,2
2017-08,2017-12,2,El Salvador,3
2017-08,2017-12,2,Guatemala,26
2017-08,2017-12,2,Honduras,6
2017-08,2017-12,2,India,2
2017-08,2017-12,2,Mexico,1
2017-08,2017-12,2,Other,1
2017-08,2017-12,3,El Salvador,3
2017-08,2017-12,3,Guatemala,25
2017-08,2017-12,3,Honduras,4
2017-08,2017-12,3,Other,5
2017-08,2017-12,4,Guatemala,1
2017-08,2018-01,1,Guatemala,4
2017-08,2018-01,1,Honduras,2
2017-08,2018-01,2,El Salvador,1
2017-08,2018-01,2,Guatemala,9
2017-08,2018-01,2,Honduras,1
2017-08,2018-01,2,Other,1
2017-08,2018-01,3,El Salvador,1
2017-08,2018-01,3,Guatemala,8
2017-08,2018-01,3,India,1
2017-08,2018-02,1,Colombia,1
2017-08,2018-02,1,El Salvador,4
2017-08,2018-02,1,Guatemala,3
2017-08,2018-02,2,Guatemala,9
2017-08,2018-02,2,Honduras,3
2017-08,2018-02,2,Mexico,1
2017-08,2018-02,2,Other,1
2017-08,2018-02,3,Guatemala,3
2017-08,2018-03,1,El Salvador,2
2017-08,2018-03,1,Guatemala,3
2017-08,2018-03,1,Honduras,3
2017-08,2018-03,2,El Salvador,1
2017-08,2018-03,2,Guatemala,7
2017-08,2018-03,2,Honduras,1
2017-08,2018-03,2,Mexico,1
2017-08,2018-03,2,Other,1
2017-08,2018-03,3,El Salvador,1
2017-08,2018-03,3,Guatemala,7
2017-08,2018-03,3,Honduras,2
2017-08,2018-03,3,Other,1
2017-08,2018-03,4,Other,1
2017-08,2018-04,1,El Salvador,2
2017-08,2018-04,1,Guatemala,2
2017-08,2018-04,1,Honduras,1
2017-08,2018-04,2,Guatemala,3
2017-08,2018-04,3,El Salvador,1
2017-08,2018-04,3,Guatemala,3
2017-08,2018-05,1,Guatemala,1
2017-08,2018-05,1,Other,1
2017-08,2018-05,2,Guatemala,4
2017-08,2018-05,2,Honduras,1
2017-08,2018-05,3,Guatemala,3
2017-08,2018-06,1,Other,1
2017-08,2018-06,2,Guatemala,3
2017-08,2018-06,2,Honduras,3
2017-08,2018-06,3,Guatemala,2
2017-08,2018-07,1,Guatemala,4
2017-08,2018-07,1,Honduras,1
2017-08,2018-07,3,Guatemala,1
2017-08,2018-07,3,Honduras,1
2017-08,2018-08,2,Guatemala,1
2017-08,2018-08,2,Honduras,1
2017-08,2018-09,1,El Salvador,1
2017-08,2018-09,1,Honduras,1
2017-08,2018-09,2,Honduras,1
2017-08,2018-10,2,Honduras,1
2017-08,2018-10,3,Mexico,3
2017-08,2018-11,1,Guatemala,1
2017-08,2018-11,2,Guatemala,1
2017-08,2018-12,1,Guatemala,1
2017-08,2018-12,2,Guatemala,2
2017-08,2018-12,3,Guatemala,1
2017-08,2019-01,2,Guatemala,1
2017-08,2019-03,2,Honduras,1
2017-08,2019-06,3,Guatemala,1
2017-09,2017-09,1,El Salvador,63
2017-09,2017-09,1,Guatemala,102
2017-09,2017-09,1,Honduras,63
2017-09,2017-09,1,India,1
2017-09,2017-09,1,Mexico,13
2017-09,2017-09,1,Nicaragua,1
2017-09,2017-09,1,Other,1
2017-09,2017-09,1,Venezuela,1
2017-09,2017-09,2,El Salvador,15
2017-09,2017-09,2,Guatemala,53
2017-09,2017-09,2,Honduras,14
2017-09,2017-09,2,India,2
2017-09,2017-09,2,Mexico,6
2017-09,2017-09,2,Nicaragua,1
2017-09,2017-09,2,Other,1
2017-09,2017-09,3,El Salvador,2
2017-09,2017-09,3,Guatemala,4
2017-09,2017-09,3,Honduras,1
2017-09,2017-09,3,India,1
2017-09,2017-10,1,El Salvador,104
2017-09,2017-10,1,Guatemala,234
2017-09,2017-10,1,Honduras,147
2017-09,2017-10,1,India,1
2017-09,2017-10,1,Mexico,28
2017-09,2017-10,1,Nicaragua,2
2017-09,2017-10,1,Other,13
2017-09,2017-10,2,Cuba,1
2017-09,2017-10,2,Ecuador,2
2017-09,2017-10,2,El Salvador,69
2017-09,2017-10,2,Guatemala,383
2017-09,2017-10,2,Honduras,103
2017-09,2017-10,2,India,7
2017-09,2017-10,2,Mexico,8
2017-09,2017-10,2,Nicaragua,2
2017-09,2017-10,2,Other,4
2017-09,2017-10,2,Venezuela,1
2017-09,2017-10,3,El Salvador,16
2017-09,2017-10,3,Guatemala,33
2017-09,2017-10,3,Honduras,11
2017-09,2017-10,3,India,13
2017-09,2017-10,3,Other,3
2017-09,2017-10,4,El Salvador,1
2017-09,2017-10,4,Guatemala,1
2017-09,2017-11,1,El Salvador,22
2017-09,2017-11,1,Guatemala,62
2017-09,2017-11,1,Honduras,26
2017-09,2017-11,1,Mexico,2
2017-09,2017-11,1,Other,4
2017-09,2017-11,1,Venezuela,1
2017-09,2017-11,2,El Salvador,24
2017-09,2017-11,2,Guatemala,200
2017-09,2017-11,2,Honduras,47
2017-09,2017-11,2,India,8
2017-09,2017-11,2,Mexico,6
2017-09,2017-11,2,Nicaragua,1
2017-09,2017-11,2,Other,7
2017-09,2017-11,3,El Salvador,10
2017-09,2017-11,3,Guatemala,51
2017-09,2017-11,3,Honduras,13
2017-09,2017-11,3,India,21
2017-09,2017-11,3,Mexico,1
2017-09,2017-11,3,Other,2
2017-09,2017-11,4,El Salvador,1
2017-09,2017-11,4,Guatemala,2
2017-09,2017-12,1,El Salvador,7
2017-09,2017-12,1,Guatemala,17
2017-09,2017-12,1,Honduras,12
2017-09,2017-12,1,Mexico,3
2017-09,2017-12,1,Other,2
2017-09,2017-12,2,El Salvador,5
2017-09,2017-12,2,Guatemala,84
2017-09,2017-12,2,Honduras,22
2017-09,2017-12,2,Mexico,6
2017-09,2017-12,2,Other,6
2017-09,2017-12,3,El Salvador,2
2017-09,2017-12,3,Guatemala,35
2017-09,2017-12,3,Honduras,8
2017-09,2017-12,3,India,15
2017-09,2017-12,3,Mexico,1
2017-09,2017-12,3,Nicaragua,2
2017-09,2017-12,3,Other,2
2017-09,2018-01,1,El Salvador,5
2017-09,2018-01,1,Guatemala,5
2017-09,2018-01,1,Honduras,6
2017-09,2018-01,1,Mexico,1
2017-09,2018-01,2,El Salvador,2
2017-09,2018-01,2,Guatemala,12
2017-09,2018-01,2,Honduras,5
2017-09,2018-01,2,India,2
2017-09,2018-01,2,Mexico,2
2017-09,2018-01,3,Guatemala,14
2017-09,2018-01,3,Honduras,4
2017-09,2018-01,3,India,7
2017-09,2018-01,3,Mexico,1
2017-09,2018-01,3,Other,3
2017-09,2018-02,1,El Salvador,1
2017-09,2018-02,1,Guatemala,3
2017-09,2018-02,1,Honduras,2
2017-09,2018-02,1,Mexico,4
2017-09,2018-02,2,El Salvador,1
2017-09,2018-02,2,Guatemala,21
2017-09,2018-02,2,Honduras,3
2017-09,2018-02,2,India,1
2017-09,2018-02,2,Mexico,1
2017-09,2018-02,2,Other,1
2017-09,2018-02,3,El Salvador,1
2017-09,2018-02,3,Guatemala,6
2017-09,2018-02,3,Honduras,4
2017-09,2018-02,3,India,5
2017-09,2018-02,3,Other,1
2017-09,2018-03,1,El Salvador,2
2017-09,2018-03,1,Guatemala,5
2017-09,2018-03,1,Honduras,4
2017-09,2018-03,2,Guatemala,12
2017-09,2018-03,2,Honduras,1
2017-09,2018-03,3,Guatemala,5
2017-09,2018-03,3,Honduras,1
2017-09,2018-04,1,Guatemala,3
2017-09,2018-04,1,Honduras,1
2017-09,2018-04,1,Other,1
2017-09,2018-04,2,El Salvador,1
2017-09,2018-04,2,Guatemala,5
2017-09,2018-04,2,Honduras,2
2017-09,2018-04,3,El Salvador,1
2017-09,2018-04,3,Guatemala,5
2017-09,2018-04,3,Honduras,2
2017-09,2018-05,1,El Salvador,1
2017-09,2018-05,1,Guatemala,2
2017-09,2018-05,2,Guatemala,2
2017-09,2018-05,2,Honduras,2
2017-09,2018-05,3,Guatemala,10
2017-09,2018-05,3,India,1
2017-09,2018-06,1,Honduras,1
2017-09,2018-06,3,Guatemala,2
2017-09,2018-06,3,Honduras,1
2017-09,2018-07,2,Guatemala,2
2017-09,2018-07,3,Guatemala,2
2017-09,2018-08,1,Guatemala,1
2017-09,2018-09,2,Guatemala,1
2017-09,2018-10,2,El Salvador,2
2017-09,2018-10,2,Guatemala,1
2017-09,2018-10,3,Guatemala,1
2017-09,2018-11,2,Guatemala,1
2017-09,2018-12,2,Guatemala,1
2017-09,2018-12,3,Guatemala,1
2017-09,2019-01,1,Guatemala,1
2017-09,2019-01,1,Honduras,1
2017-09,2019-01,2,Guatemala,1
2017-09,2019-01,3,Guatemala,1
2017-09,2019-02,2,Honduras,1
2017-09,2019-03,2,Guatemala,1
2017-09,2019-04,3,Guatemala,1
2017-09,2019-07,3,Guatemala,1
2017-10,2017-10,1,Colombia,1
2017-10,2017-10,1,El Salvador,47
2017-10,2017-10,1,Guatemala,89
2017-10,2017-10,1,Honduras,62
2017-10,2017-10,1,Mexico,10
2017-10,2017-10,1,Nicaragua,1
2017-10,2017-10,1,Other,4
2017-10,2017-10,2,El Salvador,16
2017-10,2017-10,2,Guatemala,53
2017-10,2017-10,2,Honduras,15
2017-10,2017-10,2,India,1
2017-10,2017-10,2,Mexico,1
2017-10,2017-10,2,Other,2
2017-10,2017-10,3,Guatemala,1
2017-10,2017-10,3,Honduras,3
2017-10,2017-10,3,India,1
2017-10,2017-11,1,El Salvador,105
2017-10,2017-11,1,Guatemala,264
2017-10,2017-11,1,Honduras,156
2017-10,2017-11,1,Mexico,11
2017-10,2017-11,1,Nicaragua,3
2017-10,2017-11,1,Other,6
2017-10,2017-11,2,El Salvador,85
2017-10,2017-11,2,Guatemala,343
2017-10,2017-11,2,Honduras,78
2017-10,2017-11,2,India,11
2017-10,2017-11,2,Mexico,9
2017-10,2017-11,2,Nicaragua,2
2017-10,2017-11,2,Other,5
2017-10,2017-11,2,Venezuela,1
2017-10,2017-11,3,El Salvador,5
2017-10,2017-11,3,Guatemala,31
2017-10,2017-11,3,Honduras,9
2017-10,2017-11,3,India,5
2017-10,2017-11,3,Mexico,1
2017-10,2017-11,3,Other,3
2017-10,2017-11,4,Honduras,1
2017-10,2017-12,1,El Salvador,34
2017-10,2017-12,1,Guatemala,76
2017-10,2017-12,1,Honduras,33
2017-10,2017-12,1,Mexico,5
2017-10,2017-12,1,Nicaragua,1
2017-10,2017-12,1,Other,1
2017-10,2017-12,2,El Salvador,39
2017-10,2017-12,2,Guatemala,268
2017-10,2017-12,2,Honduras,71
2017-10,2017-12,2,India,4
2017-10,2017-12,2,Mexico,13
2017-10,2017-12,2,Nicaragua,2
2017-10,2017-12,2,Other,9
2017-10,2017-12,3,El Salvador,8
2017-10,2017-12,3,Guatemala,52
2017-10,2017-12,3,Honduras,18
2017-10,2017-12,3,India,6
2017-10,2017-12,3,Nicaragua,2
2017-10,2017-12,3,Other,10
2017-10,2017-12,4,Guatemala,1
2017-10,2018-01,1,El Salvador,3
2017-10,2018-01,1,Guatemala,16
2017-10,2018-01,1,Honduras,7
2017-10,2018-01,1,India,1
2017-10,2018-01,1,Nicaragua,1
2017-10,2018-01,1,Other,4
2017-10,2018-01,2,El Salvador,14
2017-10,2018-01,2,Guatemala,88
2017-10,2018-01,2,Honduras,26
2017-10,2018-01,2,India,3
2017-10,2018-01,2,Mexico,1
2017-10,2018-01,2,Other,1
2017-10,2018-01,3,El Salvador,3
2017-10,2018-01,3,Guatemala,34
2017-10,2018-01,3,Honduras,2
2017-10,2018-01,3,India,8
2017-10,2018-01,3,Mexico,1
2017-10,2018-01,3,Other,5
2017-10,2018-01,4,Guatemala,1
2017-10,2018-02,1,El Salvador,3
2017-10,2018-02,1,Guatemala,9
2017-10,2018-02,1,Honduras,5
2017-10,2018-02,1,Mexico,1
2017-10,2018-02,2,El Salvador,5
2017-10,2018-02,2,Guatemala,49
2017-10,2018-02,2,Honduras,7
2017-10,2018-02,2,India,2
2017-10,2018-02,2,Mexico,4
2017-10,2018-02,2,Nicaragua,1
2017-10,2018-02,2,Other,1
2017-10,2018-02,3,El Salvador,3
2017-10,2018-02,3,Guatemala,20
2017-10,2018-02,3,Honduras,13
2017-10,2018-02,3,India,4
2017-10,2018-02,3,Other,3
2017-10,2018-02,4,Honduras,1
2017-10,2018-03,1,Guatemala,5
2017-10,2018-03,1,Honduras,7
2017-10,2018-03,1,Mexico,1
2017-10,2018-03,2,El Salvador,1
2017-10,2018-03,2,Guatemala,27
2017-10,2018-03,2,Honduras,7
2017-10,2018-03,2,Mexico,1
2017-10,2018-03,3,El Salvador,3
2017-10,2018-03,3,Guatemala,10
2017-10,2018-03,3,Honduras,1
2017-10,2018-03,3,India,4
2017-10,2018-03,3,Other,1
2017-10,2018-04,1,El Salvador,2
2017-10,2018-04,1,Guatemala,7
2017-10,2018-04,1,Honduras,4
2017-10,2018-04,2,El Salvador,1
2017-10,2018-04,2,Guatemala,18
2017-10,2018-04,2,Honduras,3
2017-10,2018-04,2,Mexico,1
2017-10,2018-04,2,Nicaragua,1
2017-10,2018-04,3,Guatemala,9
2017-10,2018-04,3,Honduras,1
2017-10,2018-04,3,India,2
2017-10,2018-04,3,Nicaragua,1
2017-10,2018-05,1,Guatemala,1
2017-10,2018-05,1,Honduras,1
2017-10,2018-05,2,El Salvador,1
2017-10,2018-05,2,Guatemala,14
2017-10,2018-05,2,Honduras,7
2017-10,2018-05,3,Guatemala,4
2017-10,2018-05,3,Honduras,1
2017-10,2018-06,1,Honduras,2
2017-10,2018-06,2,Guatemala,3
2017-10,2018-06,3,El Salvador,1
2017-10,2018-06,3,Guatemala,1
2017-10,2018-07,1,El Salvador,1
2017-10,2018-07,1,Guatemala,2
2017-10,2018-07,1,Honduras,1
2017-10,2018-07,1,Mexico,1
2017-10,2018-07,2,Guatemala,3
2017-10,2018-07,2,Mexico,1
2017-10,2018-07,3,Guatemala,2
2017-10,2018-07,3,India,1
2017-10,2018-07,3,Other,1
2017-10,2018-08,2,Honduras,1
2017-10,2018-09,1,Guatemala,1
2017-10,2018-09,1,Mexico,1
2017-10,2018-09,3,Guatemala,1
2017-10,2018-10,1,Other,1
2017-10,2018-10,2,Guatemala,2
2017-10,2018-10,3,Honduras,1
2017-10,2018-11,1,Guatemala,1
2017-10,2018-11,2,Guatemala,1
2017-10,2018-12,1,Honduras,1
2017-10,2018-12,2,Guatemala,2
2017-10,2018-12,3,Honduras,1
2017-10,2019-01,2,Guatemala,2
2017-10,2019-01,3,Guatemala,2
2017-10,2019-02,3,Guatemala,2
2017-10,2019-03,2,Guatemala,2
2017-10,2019-04,3,Guatemala,1
2017-10,2019-04,3,Honduras,1
2017-10,2019-05,2,Guatemala,1
2017-10,2019-07,2,El Salvador,2
2017-10,2019-07,3,Honduras,1
2017-10,2019-08,2,Guatemala,2
2017-10,2019-09,3,India,1
2017-10,2019-10,2,Guatemala,1
2017-10,2019-11,2,Guatemala,1
2017-10,2020-03,3,Other,1
2017-11,2017-11,1,El Salvador,62
2017-11,2017-11,1,Guatemala,122
2017-11,2017-11,1,Honduras,61
2017-11,2017-11,1,India,1
2017-11,2017-11,1,Mexico,7
2017-11,2017-11,1,Other,1
2017-11,2017-11,2,El Salvador,5
2017-11,2017-11,2,Guatemala,29
2017-11,2017-11,2,Honduras,7
2017-11,2017-11,2,Mexico,3
2017-11,2017-11,2,Other,1
2017-11,2017-11,3,El Salvador,1
2017-11,2017-11,3,Guatemala,2
2017-11,2017-11,3,India,2
2017-11,2017-12,1,Ecuador,4
2017-11,2017-12,1,El Salvador,169
2017-11,2017-12,1,Guatemala,451
2017-11,2017-12,1,Honduras,226
2017-11,2017-12,1,India,1
2017-11,2017-12,1,Mexico,34
2017-11,2017-12,1,Nicaragua,2
2017-11,2017-12,1,Other,7
2017-11,2017-12,2,Ecuador,2
2017-11,2017-12,2,El Salvador,82
2017-11,2017-12,2,Guatemala,498
2017-11,2017-12,2,Honduras,110
2017-11,2017-12,2,India,9
2017-11,2017-12,2,Mexico,12
2017-11,2017-12,2,Nicaragua,1
2017-11,2017-12,2,Other,6
2017-11,2017-12,2,Venezuela,1
2017-11,2017-12,3,El Salvador,5
2017-11,2017-12,3,Guatemala,55
2017-11,2017-12,3,Honduras,20
2017-11,2017-12,3,India,8
2017-11,2017-12,3,Mexico,3
2017-11,2017-12,3,Nicaragua,1
2017-11,2017-12,3,Other,2
2017-11,2017-12,4,India,1
2017-11,2018-01,1,El Salvador,29
2017-11,2018-01,1,Guatemala,102
2017-11,2018-01,1,Honduras,36
2017-11,2018-01,1,Mexico,6
2017-11,2018-01,1,Other,1
2017-11,2018-01,2,Ecuador,2
2017-11,2018-01,2,El Salvador,36
2017-11,2018-01,2,Guatemala,318
2017-11,2018-01,2,Honduras,60
2017-11,2018-01,2,India,10
2017-11,2018-01,2,Mexico,15
2017-11,2018-01,2,Other,4
2017-11,2018-01,3,El Salvador,9
2017-11,2018-01,3,Guatemala,47
2017-11,2018-01,3,Honduras,12
2017-11,2018-01,3,India,12
2017-11,2018-01,3,Mexico,2
2017-11,2018-01,3,Other,2
2017-11,2018-01,4,Honduras,2
2017-11,2018-01,4,India,1
2017-11,2018-02,1,El Salvador,14
2017-11,2018-02,1,Guatemala,30
2017-11,2018-02,1,Honduras,13
2017-11,2018-02,1,India,1
2017-11,2018-02,1,Mexico,3
2017-11,2018-02,1,Other,1
2017-11,2018-02,2,El Salvador,9
2017-11,2018-02,2,Guatemala,150
2017-11,2018-02,2,Honduras,31
2017-11,2018-02,2,India,2
2017-11,2018-02,2,Mexico,3
2017-11,2018-02,2,Nicaragua,1
2017-11,2018-02,3,El Salvador,1
2017-11,2018-02,3,Guatemala,41
2017-11,2018-02,3,Honduras,10
2017-11,2018-02,3,India,19
2017-11,2018-02,3,Mexico,2
2017-11,2018-02,3,Other,4
2017-11,2018-02,4,India,3
2017-11,2018-03,1,El Salvador,3
2017-11,2018-03,1,Guatemala,23
2017-11,2018-03,1,Honduras,7
2017-11,2018-03,1,Mexico,1
2017-11,2018-03,1,Other,1
2017-11,2018-03,2,El Salvador,5
2017-11,2018-03,2,Guatemala,78
2017-11,2018-03,2,Honduras,9
2017-11,2018-03,2,India,2
2017-11,2018-03,2,Mexico,3
2017-11,2018-03,2,Nicaragua,1
2017-11,2018-03,2,Other,1
2017-11,2018-03,3,El Salvador,1
2017-11,2018-03,3,Guatemala,31
2017-11,2018-03,3,Honduras,8
2017-11,2018-03,3,India,12
2017-11,2018-03,3,Mexico,2
2017-11,2018-03,3,Other,5
2017-11,2018-03,4,Guatemala,1
2017-11,2018-04,1,El Salvador,3
2017-11,2018-04,1,Guatemala,8
2017-11,2018-04,1,Honduras,1
2017-11,2018-04,2,El Salvador,3
2017-11,2018-04,2,Guatemala,39
2017-11,2018-04,2,Honduras,9
2017-11,2018-04,2,India,1
2017-11,2018-04,3,El Salvador,1
2017-11,2018-04,3,Guatemala,15
2017-11,2018-04,3,Honduras,3
2017-11,2018-04,3,India,7
2017-11,2018-04,4,El Salvador,1
2017-11,2018-04,4,Honduras,2
2017-11,2018-05,1,El Salvador,2
2017-11,2018-05,1,Guatemala,6
2017-11,2018-05,1,Honduras,1
2017-11,2018-05,2,El Salvador,4
2017-11,2018-05,2,Guatemala,19
2017-11,2018-05,2,Honduras,6
2017-11,2018-05,2,Other,2
2017-11,2018-05,3,Guatemala,11
2017-11,2018-05,3,Honduras,1
2017-11,2018-05,3,India,2
2017-11,2018-05,3,Other,1
2017-11,2018-06,1,El Salvador,1
2017-11,2018-06,1,Guatemala,4
2017-11,2018-06,1,Honduras,3
2017-11,2018-06,1,Mexico,1
2017-11,2018-06,2,Guatemala,13
2017-11,2018-06,2,Honduras,4
2017-11,2018-06,3,Guatemala,5
2017-11,2018-06,3,Honduras,6
2017-11,2018-06,3,India,2
2017-11,2018-07,1,Guatemala,1
2017-11,2018-07,1,Honduras,3
2017-11,2018-07,1,Mexico,1
2017-11,2018-07,1,Nicaragua,1
2017-11,2018-07,2,Guatemala,8
2017-11,2018-07,2,Mexico,1
2017-11,2018-07,3,Guatemala,5
2017-11,2018-07,3,Honduras,5
2017-11,2018-08,1,El Salvador,1
2017-11,2018-08,1,Honduras,1
2017-11,2018-08,2,Guatemala,4
2017-11,2018-08,3,Guatemala,1
2017-11,2018-08,4,Guatemala,1
2017-11,2018-09,1,Guatemala,1
2017-11,2018-09,2,Guatemala,1
2017-11,2018-09,3,Honduras,1
2017-11,2018-09,3,India,2
2017-11,2018-10,2,Guatemala,1
2017-11,2018-10,2,Honduras,1
2017-11,2018-10,3,Guatemala,1
2017-11,2018-10,3,Honduras,1
2017-11,2018-10,3,India,1
2017-11,2018-11,2,Honduras,1
2017-11,2018-11,2,Other,1
2017-11,2018-11,3,Other,1
2017-11,2018-12,1,Guatemala,1
2017-11,2018-12,2,Guatemala,3
2017-11,2018-12,3,Guatemala,1
2017-11,2019-01,3,Guatemala,2
2017-11,2019-01,3,India,1
2017-11,2019-02,3,Guatemala,2
2017-11,2019-03,2,Honduras,1
2017-11,2019-04,1,Guatemala,1
2017-11,2019-04,3,Guatemala,1
2017-11,2019-05,1,Guatemala,1
2017-11,2019-05,2,Guatemala,1
2017-11,2019-07,1,Nicaragua,1
2017-11,2019-07,2,Guatemala,1
2017-11,2019-07,2,Honduras,1
2017-11,2019-08,2,Honduras,1
2017-11,2019-08,3,India,1
2017-11,2019-10,2,Guatemala,1
2017-11,2020-02,1,Guatemala,1
2017-11,2020-07,3,Honduras,1
2017-12,2017-12,1,Ecuador,1
2017-12,2017-12,1,El Salvador,70
2017-12,2017-12,1,Guatemala,208
2017-12,2017-12,1,Honduras,75
2017-12,2017-12,1,Mexico,8
2017-12,2017-12,1,Nicaragua,1
2017-12,2017-12,1,Other,3
2017-12,2017-12,2,El Salvador,9
2017-12,2017-12,2,Guatemala,43
2017-12,2017-12,2,Honduras,3
2017-12,2017-12,2,India,2
2017-12,2017-12,2,Mexico,2
2017-12,2017-12,2,Nicaragua,1
2017-12,2017-12,3,El Salvador,1
2017-12,2017-12,3,Guatemala,3
2017-12,2017-12,3,India,2
2017-12,2018-01,1,Ecuador,3
2017-12,2018-01,1,El Salvador,126
2017-12,2018-01,1,Guatemala,452
2017-12,2018-01,1,Honduras,194
2017-12,2018-01,1,Mexico,22
2017-12,2018-01,1,Nicaragua,2
2017-12,2018-01,1,Other,5
2017-12,2018-01,2,Cuba,1
2017-12,2018-01,2,El Salvador,55
2017-12,2018-01,2,Guatemala,466
2017-12,2018-01,2,Honduras,58
2017-12,2018-01,2,India,12
2017-12,2018-01,2,Mexico,24
2017-12,2018-01,2,Nicaragua,2
2017-12,2018-01,2,Other,4
2017-12,2018-01,3,El Salvador,11
2017-12,2018-01,3,Guatemala,51
2017-12,2018-01,3,Honduras,6
2017-12,2018-01,3,India,2
2017-12,2018-01,3,Other,1
2017-12,2018-01,4,Guatemala,1
2017-12,2018-02,1,El Salvador,29
2017-12,2018-02,1,Guatemala,141
2017-12,2018-02,1,Honduras,73
2017-12,2018-02,1,Mexico,8
2017-12,2018-02,1,Nicaragua,1
2017-12,2018-02,1,Other,5
2017-12,2018-02,2,El Salvador,46
2017-12,2018-02,2,Guatemala,504
2017-12,2018-02,2,Honduras,93
2017-12,2018-02,2,India,8
2017-12,2018-02,2,Mexico,9
2017-12,2018-02,2,Nicaragua,3
2017-12,2018-02,2,Other,1
2017-12,2018-02,3,El Salvador,13
2017-12,2018-02,3,Guatemala,90
2017-12,2018-02,3,Honduras,15
2017-12,2018-02,3,India,11
2017-12,2018-02,3,Mexico,2
2017-12,2018-02,3,Nicaragua,1
2017-12,2018-02,3,Other,2
2017-12,2018-02,4,Guatemala,2
2017-12,2018-02,4,India,1
2017-12,2018-03,1,Ecuador,1
2017-12,2018-03,1,El Salvador,9
2017-12,2018-03,1,Guatemala,45
2017-12,2018-03,1,Honduras,25
2017-12,2018-03,1,Mexico,12
2017-12,2018-03,2,Colombia,1
2017-12,2018-03,2,El Salvador,11
2017-12,2018-03,2,Guatemala,264
2017-12,2018-03,2,Honduras,46
2017-12,2018-03,2,India,3
2017-12,2018-03,2,Mexico,3
2017-12,2018-03,3,El Salvador,5
2017-12,2018-03,3,Guatemala,71
2017-12,2018-03,3,Honduras,12
2017-12,2018-03,3,India,8
2017-12,2018-03,3,Mexico,1
2017-12,2018-03,3,Other,2
2017-12,2018-04,1,El Salvador,3
2017-12,2018-04,1,Guatemala,20
2017-12,2018-04,1,Honduras,11
2017-12,2018-04,1,Mexico,2
2017-12,2018-04,1,Other,1
2017-12,2018-04,2,El Salvador,4
2017-12,2018-04,2,Guatemala,97
2017-12,2018-04,2,Honduras,12
2017-12,2018-04,2,India,2
2017-12,2018-04,2,Mexico,1
2017-12,2018-04,2,Other,1
2017-12,2018-04,3,El Salvador,3
2017-12,2018-04,3,Guatemala,36
2017-12,2018-04,3,Honduras,10
2017-12,2018-04,3,India,9
2017-12,2018-04,3,Mexico,1
2017-12,2018-04,3,Other,3
2017-12,2018-05,1,El Salvador,1
2017-12,2018-05,1,Guatemala,11
2017-12,2018-05,1,Honduras,6
2017-12,2018-05,1,Mexico,3
2017-12,2018-05,2,El Salvador,1
2017-12,2018-05,2,Guatemala,58
2017-12,2018-05,2,Honduras,11
2017-12,2018-05,2,India,1
2017-12,2018-05,2,Other,1
2017-12,2018-05,3,El Salvador,2
2017-12,2018-05,3,Guatemala,25
2017-12,2018-05,3,Honduras,5
2017-12,2018-05,3,India,6
2017-12,2018-05,3,Mexico,2
2017-12,2018-05,4,Guatemala,1
2017-12,2018-06,1,Guatemala,3
2017-12,2018-06,1,Honduras,1
2017-12,2018-06,1,India,1
2017-12,2018-06,2,Ecuador,1
2017-12,2018-06,2,El Salvador,2
2017-12,2018-06,2,Guatemala,24
2017-12,2018-06,2,Honduras,8
2017-12,2018-06,2,Other,1
2017-12,2018-06,3,El Salvador,1
2017-12,2018-06,3,Guatemala,9
2017-12,2018-06,3,Honduras,3
2017-12,2018-06,3,India,4
2017-12,2018-06,3,Other,1
2017-12,2018-06,4,Guatemala,1
2017-12,2018-07,1,El Salvador,2
2017-12,2018-07,1,Guatemala,4
2017-12,2018-07,1,Honduras,2
2017-12,2018-07,1,Mexico,1
2017-12,2018-07,1,Other,1
2017-12,2018-07,2,El Salvador,2
2017-12,2018-07,2,Guatemala,8
2017-12,2018-07,2,Honduras,4
2017-12,2018-07,2,India,1
2017-12,2018-07,3,Guatemala,8
2017-12,2018-07,3,Honduras,2
2017-12,2018-07,3,India,2
2017-12,2018-07,4,Guatemala,2
2017-12,2018-08,1,Guatemala,1
2017-12,2018-08,2,Guatemala,11
2017-12,2018-08,3,Guatemala,5
2017-12,2018-08,3,Honduras,2
2017-12,2018-09,1,Guatemala,2
2017-12,2018-09,1,Honduras,1
2017-12,2018-09,2,El Salvador,1
2017-12,2018-09,2,Guatemala,1
2017-12,2018-09,3,Guatemala,1
2017-12,2018-09,3,Honduras,1
2017-12,2018-09,3,India,1
2017-12,2018-10,2,Guatemala,2
2017-12,2018-10,2,Mexico,1
2017-12,2018-10,3,Guatemala,2
2017-12,2018-10,3,Honduras,1
2017-12,2018-10,3,Other,1
2017-12,2018-11,1,Guatemala,1
2017-12,2018-11,2,El Salvador,1
2017-12,2018-11,2,Guatemala,4
2017-12,2018-11,3,Guatemala,2
2017-12,2018-12,2,Guatemala,8
2017-12,2018-12,2,Honduras,1
2017-12,2018-12,3,Guatemala,2
2017-12,2018-12,3,Honduras,1
2017-12,2018-12,3,India,3
2017-12,2019-01,2,Guatemala,3
2017-12,2019-01,2,Mexico,1
2017-12,2019-01,3,Guatemala,2
2017-12,2019-02,2,Guatemala,5
2017-12,2019-02,2,Honduras,1
2017-12,2019-02,3,Guatemala,2
2017-12,2019-02,3,Honduras,1
2017-12,2019-03,2,Guatemala,1
2017-12,2019-03,3,Honduras,1
2017-12,2019-04,1,El Salvador,1
2017-12,2019-04,1,Guatemala,1
2017-12,2019-04,2,Guatemala,2
2017-12,2019-04,3,Guatemala,1
2017-12,2019-08,2,Honduras,2
2017-12,2019-11,2,Guatemala,1
2018-01,2018-01,1,El Salvador,16
2018-01,2018-01,1,Guatemala,76
2018-01,2018-01,1,Honduras,33
2018-01,2018-01,1,Mexico,5
2018-01,2018-01,1,Nicaragua,1
2018-01,2018-01,1,Venezuela,1
2018-01,2018-01,2,Guatemala,14
2018-01,2018-01,2,Honduras,6
2018-01,2018-01,2,India,1
2018-01,2018-01,2,Other,1
2018-01,2018-01,3,Guatemala,2
2018-01,2018-02,1,El Salvador,72
2018-01,2018-02,1,Guatemala,346
2018-01,2018-02,1,Honduras,186
2018-01,2018-02,1,Mexico,22
2018-01,2018-02,1,Nicaragua,1
2018-01,2018-02,1,Other,5
2018-01,2018-02,2,Ecuador,1
2018-01,2018-02,2,El Salvador,43
2018-01,2018-02,2,Guatemala,324
2018-01,2018-02,2,Honduras,72
2018-01,2018-02,2,India,5
2018-01,2018-02,2,Mexico,15
2018-01,2018-02,2,Nicaragua,1
2018-01,2018-02,2,Other,1
2018-01,2018-02,3,Cuba,1
2018-01,2018-02,3,El Salvador,6
2018-01,2018-02,3,Guatemala,22
2018-01,2018-02,3,Honduras,6
2018-01,2018-02,3,India,4
2018-01,2018-02,3,Mexico,2
2018-01,2018-02,3,Other,1
2018-01,2018-03,1,El Salvador,22
2018-01,2018-03,1,Guatemala,113
2018-01,2018-03,1,Honduras,55
2018-01,2018-03,1,Mexico,7
2018-01,2018-03,1,Nicaragua,2
2018-01,2018-03,2,El Salvador,35
2018-01,2018-03,2,Guatemala,362
2018-01,2018-03,2,Honduras,83
2018-01,2018-03,2,India,1
2018-01,2018-03,2,Mexico,9
2018-01,2018-03,2,Nicaragua,3
2018-01,2018-03,2,Other,9
2018-01,2018-03,3,Ecuador,1
2018-01,2018-03,3,El Salvador,10
2018-01,2018-03,3,Guatemala,63
2018-01,2018-03,3,Honduras,19
2018-01,2018-03,3,India,4
2018-01,2018-03,3,Mexico,4
2018-01,2018-03,3,Other,2
2018-01,2018-03,4,Guatemala,5
2018-01,2018-04,1,El Salvador,5
2018-01,2018-04,1,Guatemala,27
2018-01,2018-04,1,Honduras,17
2018-01,2018-04,1,Mexico,5
2018-01,2018-04,1,Other,1
2018-01,2018-04,2,Ecuador,1
2018-01,2018-04,2,El Salvador,14
2018-01,2018-04,2,Guatemala,142
2018-01,2018-04,2,Honduras,34
2018-01,2018-04,2,India,3
2018-01,2018-04,2,Mexico,7
2018-01,2018-04,2,Other,4
2018-01,2018-04,3,El Salvador,3
2018-01,2018-04,3,Guatemala,35
2018-01,2018-04,3,Honduras,11
2018-01,2018-04,3,India,5
2018-01,2018-04,3,Mexico,2
2018-01,2018-04,3,Other,2
2018-01,2018-05,1,El Salvador,1
2018-01,2018-05,1,Guatemala,12
2018-01,2018-05,1,Honduras,5
2018-01,2018-05,1,Other,1
2018-01,2018-05,2,El Salvador,4
2018-01,2018-05,2,Guatemala,64
2018-01,2018-05,2,Honduras,20
2018-01,2018-05,2,India,1
2018-01,2018-05,2,Mexico,4
2018-01,2018-05,2,Other,1
2018-01,2018-05,3,El Salvador,4
2018-01,2018-05,3,Guatemala,34
2018-01,2018-05,3,Honduras,5
2018-01,2018-05,3,India,3
2018-01,2018-05,3,Mexico,1
2018-01,2018-05,3,Other,3
2018-01,2018-06,1,El Salvador,1
2018-01,2018-06,1,Guatemala,11
2018-01,2018-06,1,Honduras,4
2018-01,2018-06,1,Mexico,3
2018-01,2018-06,2,El Salvador,4
2018-01,2018-06,2,Guatemala,28
2018-01,2018-06,2,Honduras,4
2018-01,2018-06,2,Mexico,3
2018-01,2018-06,3,Guatemala,18
2018-01,2018-06,3,Honduras,3
2018-01,2018-06,3,India,2
2018-01,2018-06,4,Honduras,1
2018-01,2018-07,1,El Salvador,1
2018-01,2018-07,1,Guatemala,3
2018-01,2018-07,1,Honduras,1
2018-01,2018-07,2,Guatemala,14
2018-01,2018-07,2,Honduras,5
2018-01,2018-07,2,Other,1
2018-01,2018-07,3,El Salvador,1
2018-01,2018-07,3,Guatemala,10
2018-01,2018-07,3,Honduras,1
2018-01,2018-07,3,India,1
2018-01,2018-07,3,Other,2
2018-01,2018-07,4,Guatemala,2
2018-01,2018-08,1,Guatemala,1
2018-01,2018-08,1,Mexico,2
2018-01,2018-08,2,El Salvador,1
2018-01,2018-08,2,Guatemala,7
2018-01,2018-08,2,Honduras,3
2018-01,2018-08,3,Guatemala,4
2018-01,2018-08,3,Honduras,2
2018-01,2018-09,1,Guatemala,2
2018-01,2018-09,1,Mexico,1
2018-01,2018-09,1,Other,2
2018-01,2018-09,2,Guatemala,11
2018-01,2018-09,3,Guatemala,4
2018-01,2018-10,1,Guatemala,1
2018-01,2018-10,2,Guatemala,6
2018-01,2018-10,3,Guatemala,1
2018-01,2018-10,3,India,1
2018-01,2018-11,1,Guatemala,2
2018-01,2018-11,2,Guatemala,2
2018-01,2018-11,2,Honduras,1
2018-01,2018-11,3,Guatemala,3
2018-01,2018-12,2,Guatemala,4
2018-01,2018-12,3,Guatemala,4
2018-01,2018-12,3,India,1
2018-01,2019-01,1,Guatemala,1
2018-01,2019-01,2,Guatemala,4
2018-01,2019-01,2,Honduras,1
2018-01,2019-01,3,Guatemala,2
2018-01,2019-02,2,Guatemala,2
2018-01,2019-03,1,Guatemala,1
2018-01,2019-03,1,Honduras,1
2018-01,2019-03,3,Guatemala,1
2018-01,2019-05,2,Guatemala,1
2018-01,2019-06,1,Guatemala,1
2018-01,2019-06,3,El Salvador,1
2018-01,2019-06,3,Honduras,1
2018-01,2019-08,2,Guatemala,1
2018-01,2019-08,3,Guatemala,1
2018-01,2020-03,3,Honduras,1
2018-01,2020-07,2,Mexico,1
2018-02,2018-02,1,El Salvador,31
2018-02,2018-02,1,Guatemala,55
2018-02,2018-02,1,Honduras,46
2018-02,2018-02,1,Mexico,6
2018-02,2018-02,1,Other,2
2018-02,2018-02,2,El Salvador,1
2018-02,2018-02,2,Guatemala,14
2018-02,2018-02,2,Honduras,2
2018-02,2018-02,2,Mexico,1
2018-02,2018-02,3,Guatemala,1
2018-02,2018-02,3,Mexico,1
2018-02,2018-03,1,Ecuador,1
2018-02,2018-03,1,El Salvador,81
2018-02,2018-03,1,Guatemala,306
2018-02,2018-03,1,Honduras,161
2018-02,2018-03,1,Mexico,24
2018-02,2018-03,1,Nicaragua,2
2018-02,2018-03,1,Other,2
2018-02,2018-03,2,Ecuador,1
2018-02,2018-03,2,El Salvador,40
2018-02,2018-03,2,Guatemala,382
2018-02,2018-03,2,Honduras,71
2018-02,2018-03,2,India,1
2018-02,2018-03,2,Mexico,21
2018-02,2018-03,2,Nicaragua,2
2018-02,2018-03,2,Other,3
2018-02,2018-03,3,El Salvador,2
2018-02,2018-03,3,Guatemala,26
2018-02,2018-03,3,Honduras,13
2018-02,2018-03,3,India,3
2018-02,2018-03,3,Mexico,1
2018-02,2018-03,3,Other,1
2018-02,2018-03,4,Guatemala,1
2018-02,2018-04,1,Cuba,1
2018-02,2018-04,1,El Salvador,28
2018-02,2018-04,1,Guatemala,103
2018-02,2018-04,1,Honduras,57
2018-02,2018-04,1,India,2
2018-02,2018-04,1,Mexico,14
2018-02,2018-04,1,Nicaragua,1
2018-02,2018-04,1,Other,2
2018-02,2018-04,2,El Salvador,18
2018-02,2018-04,2,Guatemala,319
2018-02,2018-04,2,Honduras,93
2018-02,2018-04,2,India,1
2018-02,2018-04,2,Mexico,10
2018-02,2018-04,2,Nicaragua,1
2018-02,2018-04,2,Other,1
2018-02,2018-04,3,El Salvador,10
2018-02,2018-04,3,Guatemala,58
2018-02,2018-04,3,Honduras,16
2018-02,2018-04,3,India,5
2018-02,2018-04,3,Mexico,2
2018-02,2018-04,3,Other,7
2018-02,2018-05,1,El Salvador,6
2018-02,2018-05,1,Guatemala,26
2018-02,2018-05,1,Honduras,21
2018-02,2018-05,1,Mexico,2
2018-02,2018-05,1,Other,3
2018-02,2018-05,2,El Salvador,11
2018-02,2018-05,2,Guatemala,126
2018-02,2018-05,2,Honduras,30
2018-02,2018-05,2,Mexico,6
2018-02,2018-05,2,Other,3
2018-02,2018-05,3,El Salvador,5
2018-02,2018-05,3,Guatemala,40
2018-02,2018-05,3,Honduras,11
2018-02,2018-05,3,India,5
2018-02,2018-05,3,Mexico,4
2018-02,2018-05,3,Other,1
2018-02,2018-05,4,Guatemala,1
2018-02,2018-06,1,El Salvador,2
2018-02,2018-06,1,Guatemala,10
2018-02,2018-06,1,Honduras,10
2018-02,2018-06,1,Nicaragua,1
2018-02,2018-06,2,Guatemala,42
2018-02,2018-06,2,Honduras,14
2018-02,2018-06,2,Mexico,1
2018-02,2018-06,2,Other,1
2018-02,2018-06,3,El Salvador,2
2018-02,2018-06,3,Guatemala,20
2018-02,2018-06,3,Honduras,7
2018-02,2018-06,3,India,2
2018-02,2018-06,3,Other,3
2018-02,2018-06,4,Guatemala,2
2018-02,2018-07,1,El Salvador,5
2018-02,2018-07,1,Guatemala,11
2018-02,2018-07,1,Honduras,3
2018-02,2018-07,1,Mexico,2
2018-02,2018-07,2,El Salvador,2
2018-02,2018-07,2,Guatemala,18
2018-02,2018-07,2,Honduras,7
2018-02,2018-07,2,Mexico,3
2018-02,2018-07,3,Guatemala,10
2018-02,2018-07,3,Honduras,2
2018-02,2018-07,3,India,1
2018-02,2018-07,3,Other,3
2018-02,2018-08,1,Guatemala,2
2018-02,2018-08,1,Honduras,3
2018-02,2018-08,2,Guatemala,12
2018-02,2018-08,2,Honduras,1
2018-02,2018-08,2,India,1
2018-02,2018-08,2,Nicaragua,1
2018-02,2018-08,3,Guatemala,7
2018-02,2018-08,3,Honduras,2
2018-02,2018-08,3,Mexico,1
2018-02,2018-09,1,Guatemala,2
2018-02,2018-09,1,Honduras,1
2018-02,2018-09,1,Mexico,1
2018-02,2018-09,1,Other,1
2018-02,2018-09,2,El Salvador,1
2018-02,2018-09,2,Guatemala,10
2018-02,2018-09,2,Honduras,2
2018-02,2018-09,2,Mexico,1
2018-02,2018-09,3,Guatemala,1
2018-02,2018-10,1,El Salvador,2
2018-02,2018-10,1,Guatemala,2
2018-02,2018-10,1,Honduras,1
2018-02,2018-10,2,El Salvador,1
2018-02,2018-10,2,Guatemala,8
2018-02,2018-10,2,Honduras,1
2018-02,2018-10,2,Mexico,1
2018-02,2018-10,3,Guatemala,4
2018-02,2018-10,3,Honduras,2
2018-02,2018-11,1,El Salvador,2
2018-02,2018-11,1,Guatemala,1
2018-02,2018-11,1,Honduras,1
2018-02,2018-11,2,Guatemala,8
2018-02,2018-11,3,Guatemala,4
2018-02,2018-11,3,Honduras,1
2018-02,2018-11,4,El Salvador,1
2018-02,2018-12,1,El Salvador,2
2018-02,2018-12,1,Guatemala,3
2018-02,2018-12,1,Honduras,1
2018-02,2018-12,2,Guatemala,6
2018-02,2018-12,2,Honduras,3
2018-02,2018-12,3,Guatemala,3
2018-02,2018-12,3,Honduras,3
2018-02,2019-01,1,Guatemala,1
2018-02,2019-01,1,Honduras,2
2018-02,2019-01,1,Mexico,1
2018-02,2019-01,2,Guatemala,1
2018-02,2019-01,3,Guatemala,5
2018-02,2019-01,3,Honduras,1
2018-02,2019-02,1,El Salvador,1
2018-02,2019-02,2,Guatemala,3
2018-02,2019-02,2,Mexico,2
2018-02,2019-02,3,Guatemala,1
2018-02,2019-04,1,El Salvador,1
2018-02,2019-04,3,Guatemala,1
2018-02,2019-05,2,Guatemala,1
2018-02,2019-05,2,Mexico,1
2018-02,2019-07,2,El Salvador,1
2018-02,2019-07,2,Guatemala,1
2018-02,2019-08,2,Honduras,1
2018-03,2018-03,1,Ecuador,1
2018-03,2018-03,1,El Salvador,17
2018-03,2018-03,1,Guatemala,101
2018-03,2018-03,1,Honduras,67
2018-03,2018-03,1,Mexico,7
2018-03,2018-03,1,Nicaragua,1
2018-03,2018-03,1,Other,3
2018-03,2018-03,2,El Salvador,3
2018-03,2018-03,2,Guatemala,32
2018-03,2018-03,2,Honduras,16
2018-03,2018-03,2,India,1
2018-03,2018-03,2,Mexico,3
2018-03,2018-03,2,Other,1
2018-03,2018-03,3,Honduras,1
2018-03,2018-04,1,Cuba,1
2018-03,2018-04,1,El Salvador,138
2018-03,2018-04,1,Guatemala,426
2018-03,2018-04,1,Honduras,321
2018-03,2018-04,1,India,1
2018-03,2018-04,1,Mexico,34
2018-03,2018-04,1,Nicaragua,3
2018-03,2018-04,1,Other,9
2018-03,2018-04,2,Ecuador,3
2018-03,2018-04,2,El Salvador,62
2018-03,2018-04,2,Guatemala,449
2018-03,2018-04,2,Honduras,144
2018-03,2018-04,2,India,3
2018-03,2018-04,2,Mexico,21
2018-03,2018-04,2,Nicaragua,4
2018-03,2018-04,2,Other,5
2018-03,2018-04,3,El Salvador,9
2018-03,2018-04,3,Guatemala,31
2018-03,2018-04,3,Honduras,18
2018-03,2018-04,3,India,4
2018-03,2018-04,3,Mexico,2
2018-03,2018-05,1,Colombia,1
2018-03,2018-05,1,Ecuador,2
2018-03,2018-05,1,El Salvador,44
2018-03,2018-05,1,Guatemala,135
2018-03,2018-05,1,Honduras,114
2018-03,2018-05,1,India,1
2018-03,2018-05,1,Mexico,16
2018-03,2018-05,1,Nicaragua,1
2018-03,2018-05,1,Other,2
2018-03,2018-05,2,Ecuador,2
2018-03,2018-05,2,El Salvador,48
2018-03,2018-05,2,Guatemala,392
2018-03,2018-05,2,Honduras,143
2018-03,2018-05,2,India,6
2018-03,2018-05,2,Mexico,16
2018-03,2018-05,2,Nicaragua,2
2018-03,2018-05,2,Other,2
2018-03,2018-05,3,El Salvador,7
2018-03,2018-05,3,Guatemala,53
2018-03,2018-05,3,Honduras,19
2018-03,2018-05,3,India,4
2018-03,2018-05,3,Mexico,3
2018-03,2018-05,3,Nicaragua,1
2018-03,2018-05,3,Other,7
2018-03,2018-05,4,Guatemala,1
2018-03,2018-06,1,El Salvador,12
2018-03,2018-06,1,Guatemala,41
2018-03,2018-06,1,Honduras,26
2018-03,2018-06,1,Mexico,7
2018-03,2018-06,1,Other,1
2018-03,2018-06,2,El Salvador,19
2018-03,2018-06,2,Guatemala,147
2018-03,2018-06,2,Honduras,44
2018-03,2018-06,2,Mexico,9
2018-03,2018-06,2,Other,6
2018-03,2018-06,3,El Salvador,6
2018-03,2018-06,3,Guatemala,53
2018-03,2018-06,3,Honduras,17
2018-03,2018-06,3,India,4
2018-03,2018-06,3,Mexico,1
2018-03,2018-06,3,Other,5
2018-03,2018-06,4,Honduras,2
2018-03,2018-07,1,El Salvador,6
2018-03,2018-07,1,Guatemala,13
2018-03,2018-07,1,Honduras,25
2018-03,2018-07,1,Mexico,1
2018-03,2018-07,1,Other,1
2018-03,2018-07,2,Ecuador,1
2018-03,2018-07,2,El Salvador,9
2018-03,2018-07,2,Guatemala,46
2018-03,2018-07,2,Honduras,19
2018-03,2018-07,2,Mexico,9
2018-03,2018-07,2,Other,1
2018-03,2018-07,3,El Salvador,2
2018-03,2018-07,3,Guatemala,19
2018-03,2018-07,3,Honduras,14
2018-03,2018-07,3,India,5
2018-03,2018-07,3,Other,1
2018-03,2018-07,4,Honduras,1
2018-03,2018-08,1,El Salvador,6
2018-03,2018-08,1,Guatemala,1
2018-03,2018-08,1,Honduras,4
2018-03,2018-08,1,Mexico,1
2018-03,2018-08,2,El Salvador,5
2018-03,2018-08,2,Guatemala,27
2018-03,2018-08,2,Honduras,13
2018-03,2018-08,2,Mexico,1
2018-03,2018-08,3,Guatemala,13
2018-03,2018-08,3,Honduras,4
2018-03,2018-08,3,India,1
2018-03,2018-08,3,Mexico,3
2018-03,2018-09,1,El Salvador,1
2018-03,2018-09,1,Guatemala,2
2018-03,2018-09,1,Honduras,2
2018-03,2018-09,2,El Salvador,2
2018-03,2018-09,2,Guatemala,17
2018-03,2018-09,2,Honduras,3
2018-03,2018-09,2,Mexico,1
2018-03,2018-09,2,Other,1
2018-03,2018-09,3,El Salvador,2
2018-03,2018-09,3,Guatemala,6
2018-03,2018-09,3,Honduras,7
2018-03,2018-10,1,Guatemala,3
2018-03,2018-10,1,Honduras,4
2018-03,2018-10,1,Mexico,2
2018-03,2018-10,2,Guatemala,7
2018-03,2018-10,2,Honduras,3
2018-03,2018-10,3,Guatemala,7
2018-03,2018-10,3,Honduras,1
2018-03,2018-10,3,India,1
2018-03,2018-10,3,Other,1
2018-03,2018-11,1,Guatemala,2
2018-03,2018-11,1,Honduras,3
2018-03,2018-11,2,Guatemala,11
2018-03,2018-11,2,Mexico,1
2018-03,2018-11,3,Guatemala,5
2018-03,2018-11,3,Honduras,3
2018-03,2018-11,3,Mexico,1
2018-03,2018-12,1,Guatemala,2
2018-03,2018-12,2,Guatemala,7
2018-03,2018-12,2,Honduras,3
2018-03,2018-12,3,El Salvador,2
2018-03,2018-12,3,Guatemala,3
2018-03,2018-12,3,Honduras,2
2018-03,2018-12,3,Mexico,1
2018-03,2019-01,1,Guatemala,1
2018-03,2019-01,2,Guatemala,9
2018-03,2019-01,2,Honduras,4
2018-03,2019-01,3,El Salvador,1
2018-03,2019-01,3,Guatemala,3
2018-03,2019-01,3,Honduras,1
2018-03,2019-01,3,India,1
2018-03,2019-02,1,Guatemala,2
2018-03,2019-02,1,Honduras,1
2018-03,2019-02,2,Guatemala,4
2018-03,2019-02,2,Honduras,6
2018-03,2019-02,3,Guatemala,2
2018-03,2019-02,3,Honduras,2
2018-03,2019-03,1,Guatemala,1
2018-03,2019-03,2,Guatemala,3
2018-03,2019-03,2,Honduras,1
2018-03,2019-03,4,Honduras,1
2018-03,2019-04,1,El Salvador,2
2018-03,2019-04,1,Guatemala,1
2018-03,2019-04,1,Honduras,1
2018-03,2019-04,2,El Salvador,1
2018-03,2019-04,2,Honduras,1
2018-03,2019-04,3,Guatemala,3
2018-03,2019-04,3,Honduras,1
2018-03,2019-05,2,Guatemala,1
2018-03,2019-05,3,Guatemala,1
2018-03,2019-06,3,Guatemala,1
2018-03,2019-07,3,Guatemala,1
2018-03,2019-08,3,Honduras,1
2018-03,2019-08,3,Mexico,1
2018-03,2019-09,2,Guatemala,1
2018-03,2020-01,3,Guatemala,1
2018-03,2020-05,3,Honduras,1
2018-04,2018-04,1,El Salvador,57
2018-04,2018-04,1,Guatemala,105
2018-04,2018-04,1,Honduras,77
2018-04,2018-04,1,Mexico,14
2018-04,2018-04,1,Other,4
2018-04,2018-04,2,Ecuador,1
2018-04,2018-04,2,El Salvador,11
2018-04,2018-04,2,Guatemala,29
2018-04,2018-04,2,Honduras,14
2018-04,2018-04,2,Mexico,4
2018-04,2018-04,2,Other,1
2018-04,2018-04,3,Guatemala,1
2018-04,2018-04,3,Honduras,2
2018-04,2018-05,1,Ecuador,3
2018-04,2018-05,1,El Salvador,158
2018-04,2018-05,1,Guatemala,388
2018-04,2018-05,1,Honduras,324
2018-04,2018-05,1,Mexico,31
2018-04,2018-05,1,Nicaragua,1
2018-04,2018-05,1,Other,10
2018-04,2018-05,1,Venezuela,1
2018-04,2018-05,2,Colombia,1
2018-04,2018-05,2,Ecuador,1
2018-04,2018-05,2,El Salvador,89
2018-04,2018-05,2,Guatemala,495
2018-04,2018-05,2,Honduras,175
2018-04,2018-05,2,India,6
2018-04,2018-05,2,Mexico,24
2018-04,2018-05,2,Nicaragua,1
2018-04,2018-05,2,Other,11
2018-04,2018-05,3,El Salvador,10
2018-04,2018-05,3,Guatemala,42
2018-04,2018-05,3,Honduras,10
2018-04,2018-05,3,India,2
2018-04,2018-05,3,Mexico,5
2018-04,2018-05,3,Other,2
2018-04,2018-05,4,Guatemala,1
2018-04,2018-06,1,Ecuador,3
2018-04,2018-06,1,El Salvador,28
2018-04,2018-06,1,Guatemala,139
2018-04,2018-06,1,Honduras,92
2018-04,2018-06,1,India,1
2018-04,2018-06,1,Mexico,15
2018-04,2018-06,1,Other,1
2018-04,2018-06,2,Ecuador,2
2018-04,2018-06,2,El Salvador,61
2018-04,2018-06,2,Guatemala,371
2018-04,2018-06,2,Honduras,148
2018-04,2018-06,2,India,4
2018-04,2018-06,2,Mexico,8
2018-04,2018-06,2,Nicaragua,2
2018-04,2018-06,2,Other,10
2018-04,2018-06,3,Cuba,1
2018-04,2018-06,3,El Salvador,8
2018-04,2018-06,3,Guatemala,67
2018-04,2018-06,3,Honduras,42
2018-04,2018-06,3,India,5
2018-04,2018-06,3,Mexico,3
2018-04,2018-06,3,Nicaragua,1
2018-04,2018-06,3,Other,8
2018-04,2018-06,4,El Salvador,1
2018-04,2018-06,4,Guatemala,2
2018-04,2018-07,1,El Salvador,6
2018-04,2018-07,1,Guatemala,31
2018-04,2018-07,1,Honduras,25
2018-04,2018-07,1,Mexico,4
2018-04,2018-07,1,Other,5
2018-04,2018-07,2,Ecuador,1
2018-04,2018-07,2,El Salvador,12
2018-04,2018-07,2,Guatemala,137
2018-04,2018-07,2,Honduras,57
2018-04,2018-07,2,India,1
2018-04,2018-07,2,Mexico,3
2018-04,2018-07,2,Other,3
2018-04,2018-07,3,El Salvador,3
2018-04,2018-07,3,Guatemala,36
2018-04,2018-07,3,Honduras,14
2018-04,2018-07,3,India,3
2018-04,2018-07,3,Mexico,1
2018-04,2018-07,3,Other,11
2018-04,2018-07,4,Guatemala,3
2018-04,2018-08,1,El Salvador,17
2018-04,2018-08,1,Guatemala,14
2018-04,2018-08,1,Honduras,18
2018-04,2018-08,1,Mexico,2
2018-04,2018-08,1,Other,3
2018-04,2018-08,2,El Salvador,5
2018-04,2018-08,2,Guatemala,54
2018-04,2018-08,2,Honduras,24
2018-04,2018-08,2,Mexico,4
2018-04,2018-08,2,Other,1
2018-04,2018-08,3,El Salvador,1
2018-04,2018-08,3,Guatemala,16
2018-04,2018-08,3,Honduras,17
2018-04,2018-08,3,India,2
2018-04,2018-08,3,Mexico,2
2018-04,2018-09,1,El Salvador,1
2018-04,2018-09,1,Guatemala,5
2018-04,2018-09,1,Honduras,3
2018-04,2018-09,1,Mexico,3
2018-04,2018-09,1,Other,1
2018-04,2018-09,2,El Salvador,1
2018-04,2018-09,2,Guatemala,38
2018-04,2018-09,2,Honduras,10
2018-04,2018-09,2,Mexico,1
2018-04,2018-09,3,El Salvador,1
2018-04,2018-09,3,Guatemala,14
2018-04,2018-09,3,Honduras,7
2018-04,2018-09,3,India,3
2018-04,2018-09,3,Other,2
2018-04,2018-09,4,Guatemala,1
2018-04,2018-10,1,Guatemala,4
2018-04,2018-10,1,Honduras,5
2018-04,2018-10,1,Mexico,1
2018-04,2018-10,2,El Salvador,2
2018-04,2018-10,2,Guatemala,20
2018-04,2018-10,2,Honduras,15
2018-04,2018-10,2,Mexico,4
2018-04,2018-10,3,Guatemala,4
2018-04,2018-10,3,Honduras,4
2018-04,2018-10,3,India,5
2018-04,2018-10,3,Mexico,1
2018-04,2018-10,3,Other,1
2018-04,2018-11,1,El Salvador,1
2018-04,2018-11,1,Guatemala,4
2018-04,2018-11,1,Honduras,1
2018-04,2018-11,1,Other,1
2018-04,2018-11,2,El Salvador,2
2018-04,2018-11,2,Guatemala,9
2018-04,2018-11,2,Honduras,8
2018-04,2018-11,2,India,1
2018-04,2018-11,2,Mexico,1
2018-04,2018-11,3,El Salvador,1
2018-04,2018-11,3,Guatemala,5
2018-04,2018-11,3,Honduras,2
2018-04,2018-11,3,India,1
2018-04,2018-11,3,Other,1
2018-04,2018-11,4,Honduras,1
2018-04,2018-12,1,El Salvador,2
2018-04,2018-12,1,Guatemala,5
2018-04,2018-12,1,Honduras,3
2018-04,2018-12,2,Guatemala,10
2018-04,2018-12,2,Honduras,7
2018-04,2018-12,2,India,2
2018-04,2018-12,2,Other,1
2018-04,2018-12,3,El Salvador,1
2018-04,2018-12,3,Guatemala,10
2018-04,2018-12,3,Honduras,4
2018-04,2018-12,3,Other,1
2018-04,2019-01,1,El Salvador,1
2018-04,2019-01,1,Guatemala,1
2018-04,2019-01,2,Guatemala,7
2018-04,2019-01,2,Honduras,2
2018-04,2019-01,3,Guatemala,7
2018-04,2019-01,3,Honduras,2
2018-04,2019-01,3,Other,1
2018-04,2019-02,1,El Salvador,1
2018-04,2019-02,2,El Salvador,1
2018-04,2019-02,2,Guatemala,6
2018-04,2019-02,2,Honduras,1
2018-04,2019-02,2,Mexico,2
2018-04,2019-02,3,Guatemala,2
2018-04,2019-02,3,Honduras,1
2018-04,2019-02,3,Other,2
2018-04,2019-02,4,India,1
2018-04,2019-03,1,El Salvador,1
2018-04,2019-03,2,Guatemala,3
2018-04,2019-03,3,Guatemala,2
2018-04,2019-03,3,Honduras,1
2018-04,2019-04,1,El Salvador,1
2018-04,2019-04,1,Guatemala,2
2018-04,2019-05,2,Guatemala,2
2018-04,2019-05,2,Honduras,1
2018-04,2019-05,3,Guatemala,2
2018-04,2019-06,2,Guatemala,1
2018-04,2019-07,1,Guatemala,1
2018-04,2019-07,2,Guatemala,1
2018-04,2019-08,2,Guatemala,1
2018-04,2019-09,3,Honduras,1
2018-04,2019-10,3,Guatemala,1
2018-04,2019-11,3,Guatemala,1
2018-04,2020-05,3,Other,1
2018-04,2020-06,1,Guatemala,1
2018-04,2020-12,3,Honduras,1
2018-05,2018-05,1,El Salvador,67
2018-05,2018-05,1,Guatemala,117
2018-05,2018-05,1,Honduras,91
2018-05,2018-05,1,India,1
2018-05,2018-05,1,Mexico,13
2018-05,2018-05,1,Nicaragua,5
2018-05,2018-05,1,Other,3
2018-05,2018-05,2,Ecuador,2
2018-05,2018-05,2,El Salvador,10
2018-05,2018-05,2,Guatemala,48
2018-05,2018-05,2,Honduras,16
2018-05,2018-05,2,India,4
2018-05,2018-05,2,Mexico,2
2018-05,2018-05,2,Other,2
2018-05,2018-05,3,El Salvador,1
2018-05,2018-05,3,Guatemala,1
2018-05,2018-05,3,Honduras,1
2018-05,2018-06,1,El Salvador,176
2018-05,2018-06,1,Guatemala,433
2018-05,2018-06,1,Honduras,387
2018-05,2018-06,1,India,1
2018-05,2018-06,1,Mexico,32
2018-05,2018-06,1,Nicaragua,10
2018-05,2018-06,1,Other,11
2018-05,2018-06,1,Venezuela,2
2018-05,2018-06,2,Ecuador,7
2018-05,2018-06,2,El Salvador,111
2018-05,2018-06,2,Guatemala,448
2018-05,2018-06,2,Honduras,201
2018-05,2018-06,2,India,7
2018-05,2018-06,2,Mexico,8
2018-05,2018-06,2,Nicaragua,4
2018-05,2018-06,2,Other,8
2018-05,2018-06,3,El Salvador,6
2018-05,2018-06,3,Guatemala,40
2018-05,2018-06,3,Honduras,22
2018-05,2018-06,3,India,2
2018-05,2018-06,3,Mexico,2
2018-05,2018-06,3,Other,4
2018-05,2018-06,4,El Salvador,1
2018-05,2018-07,1,Ecuador,5
2018-05,2018-07,1,El Salvador,77
2018-05,2018-07,1,Guatemala,191
2018-05,2018-07,1,Honduras,188
2018-05,2018-07,1,India,2
2018-05,2018-07,1,Mexico,7
2018-05,2018-07,1,Nicaragua,2
2018-05,2018-07,1,Other,19
2018-05,2018-07,2,Ecuador,1
2018-05,2018-07,2,El Salvador,52
2018-05,2018-07,2,Guatemala,334
2018-05,2018-07,2,Honduras,172
2018-05,2018-07,2,India,3
2018-05,2018-07,2,Mexico,8
2018-05,2018-07,2,Nicaragua,1
2018-05,2018-07,2,Other,9
2018-05,2018-07,3,El Salvador,6
2018-05,2018-07,3,Guatemala,45
2018-05,2018-07,3,Honduras,17
2018-05,2018-07,3,India,6
2018-05,2018-07,3,Other,3
2018-05,2018-07,4,Guatemala,3
2018-05,2018-08,1,El Salvador,20
2018-05,2018-08,1,Guatemala,49
2018-05,2018-08,1,Honduras,37
2018-05,2018-08,1,Mexico,2
2018-05,2018-08,1,Other,1
2018-05,2018-08,2,El Salvador,18
2018-05,2018-08,2,Guatemala,196
2018-05,2018-08,2,Honduras,77
2018-05,2018-08,2,India,2
2018-05,2018-08,2,Mexico,8
2018-05,2018-08,2,Other,5
2018-05,2018-08,3,El Salvador,7
2018-05,2018-08,3,Guatemala,43
2018-05,2018-08,3,Honduras,29
2018-05,2018-08,3,India,3
2018-05,2018-08,3,Mexico,1
2018-05,2018-08,3,Nicaragua,1
2018-05,2018-08,3,Other,2
2018-05,2018-09,1,El Salvador,4
2018-05,2018-09,1,Guatemala,19
2018-05,2018-09,1,Honduras,32
2018-05,2018-09,1,Mexico,2
2018-05,2018-09,1,Other,1
2018-05,2018-09,2,El Salvador,11
2018-05,2018-09,2,Guatemala,91
2018-05,2018-09,2,Honduras,37
2018-05,2018-09,2,Mexico,3
2018-05,2018-09,3,El Salvador,5
2018-05,2018-09,3,Guatemala,25
2018-05,2018-09,3,Honduras,11
2018-05,2018-09,3,India,3
2018-05,2018-09,3,Other,2
2018-05,2018-09,4,Guatemala,1
2018-05,2018-10,1,El Salvador,4
2018-05,2018-10,1,Guatemala,22
2018-05,2018-10,1,Honduras,11
2018-05,2018-10,2,El Salvador,8
2018-05,2018-10,2,Guatemala,73
2018-05,2018-10,2,Honduras,32
2018-05,2018-10,2,Mexico,2
2018-05,2018-10,2,Other,1
2018-05,2018-10,3,El Salvador,2
2018-05,2018-10,3,Guatemala,22
2018-05,2018-10,3,Honduras,10
2018-05,2018-10,3,India,8
2018-05,2018-10,3,Other,3
2018-05,2018-11,1,El Salvador,1
2018-05,2018-11,1,Guatemala,6
2018-05,2018-11,1,Honduras,5
2018-05,2018-11,1,Mexico,2
2018-05,2018-11,2,El Salvador,2
2018-05,2018-11,2,Guatemala,37
2018-05,2018-11,2,Honduras,17
2018-05,2018-11,2,Mexico,1
2018-05,2018-11,2,Other,1
2018-05,2018-11,3,El Salvador,1
2018-05,2018-11,3,Guatemala,22
2018-05,2018-11,3,Honduras,6
2018-05,2018-11,3,India,2
2018-05,2018-11,3,Other,1
2018-05,2018-11,4,Honduras,1
2018-05,2018-12,1,El Salvador,1
2018-05,2018-12,1,Guatemala,10
2018-05,2018-12,1,Honduras,5
2018-05,2018-12,2,El Salvador,1
2018-05,2018-12,2,Guatemala,30
2018-05,2018-12,2,Honduras,8
2018-05,2018-12,2,Mexico,2
2018-05,2018-12,3,El Salvador,2
2018-05,2018-12,3,Guatemala,16
2018-05,2018-12,3,Honduras,5
2018-05,2018-12,3,India,3
2018-05,2018-12,3,Mexico,2
2018-05,2019-01,1,Guatemala,3
2018-05,2019-01,1,Honduras,3
2018-05,2019-01,1,Mexico,1
2018-05,2019-01,2,El Salvador,3
2018-05,2019-01,2,Guatemala,25
2018-05,2019-01,2,Honduras,6
2018-05,2019-01,3,El Salvador,1
2018-05,2019-01,3,Guatemala,14
2018-05,2019-01,3,Honduras,3
2018-05,2019-01,3,India,1
2018-05,2019-01,3,Mexico,1
2018-05,2019-02,1,El Salvador,1
2018-05,2019-02,1,Guatemala,5
2018-05,2019-02,2,El Salvador,1
2018-05,2019-02,2,Guatemala,8
2018-05,2019-02,2,Honduras,2
2018-05,2019-02,3,Guatemala,4
2018-05,2019-02,3,Honduras,2
2018-05,2019-02,3,India,1
2018-05,2019-03,1,Guatemala,1
2018-05,2019-03,2,Guatemala,5
2018-05,2019-03,2,Honduras,3
2018-05,2019-03,2,Mexico,1
2018-05,2019-03,3,Guatemala,6
2018-05,2019-03,3,Honduras,4
2018-05,2019-04,1,Guatemala,3
2018-05,2019-04,1,Honduras,1
2018-05,2019-04,2,Guatemala,1
2018-05,2019-04,2,Honduras,3
2018-05,2019-04,3,Guatemala,3
2018-05,2019-04,3,Honduras,2
2018-05,2019-05,1,El Salvador,1
2018-05,2019-05,1,Guatemala,2
2018-05,2019-05,1,Honduras,1
2018-05,2019-05,2,El Salvador,1
2018-05,2019-05,2,Guatemala,1
2018-05,2019-05,2,India,1
2018-05,2019-05,3,Guatemala,1
2018-05,2019-05,3,Honduras,1
2018-05,2019-05,3,India,1
2018-05,2019-06,1,Guatemala,1
2018-05,2019-06,2,Guatemala,3
2018-05,2019-06,2,Honduras,2
2018-05,2019-06,3,Guatemala,1
2018-05,2019-06,3,Honduras,1
2018-05,2019-07,2,Guatemala,2
2018-05,2019-07,3,Honduras,2
2018-05,2019-08,1,Guatemala,1
2018-05,2019-08,2,Honduras,1
2018-05,2019-09,1,Guatemala,2
2018-05,2019-09,3,Guatemala,1
2018-05,2019-10,2,Guatemala,1
2018-05,2019-10,3,Guatemala,1
2018-05,2020-01,3,Honduras,1
2018-06,2018-06,1,Ecuador,3
2018-06,2018-06,1,El Salvador,37
2018-06,2018-06,1,Guatemala,47
2018-06,2018-06,1,Honduras,49
2018-06,2018-06,1,Mexico,6
2018-06,2018-06,1,Other,2
2018-06,2018-06,2,El Salvador,5
2018-06,2018-06,2,Guatemala,19
2018-06,2018-06,2,Honduras,12
2018-06,2018-06,3,Guatemala,2
2018-06,2018-06,3,Honduras,1
2018-06,2018-06,3,India,1
2018-06,2018-07,1,Cuba,1
2018-06,2018-07,1,El Salvador,72
2018-06,2018-07,1,Guatemala,166
2018-06,2018-07,1,Honduras,152
2018-06,2018-07,1,India,1
2018-06,2018-07,1,Mexico,4
2018-06,2018-07,1,Other,8
2018-06,2018-07,2,El Salvador,28
2018-06,2018-07,2,Guatemala,140
2018-06,2018-07,2,Honduras,47
2018-06,2018-07,2,India,3
2018-06,2018-07,2,Mexico,4
2018-06,2018-07,2,Nicaragua,1
2018-06,2018-07,2,Other,2
2018-06,2018-07,3,El Salvador,2
2018-06,2018-07,3,Guatemala,9
2018-06,2018-07,3,Honduras,4
2018-06,2018-07,3,India,2
2018-06,2018-07,3,Mexico,2
2018-06,2018-07,3,Other,2
2018-06,2018-07,4,Honduras,1
2018-06,2018-08,1,Cuba,1
2018-06,2018-08,1,El Salvador,104
2018-06,2018-08,1,Guatemala,198
2018-06,2018-08,1,Honduras,179
2018-06,2018-08,1,Mexico,8
2018-06,2018-08,1,Nicaragua,12
2018-06,2018-08,1,Other,2
2018-06,2018-08,2,Cuba,1
2018-06,2018-08,2,El Salvador,64
2018-06,2018-08,2,Guatemala,262
2018-06,2018-08,2,Honduras,132
2018-06,2018-08,2,India,6
2018-06,2018-08,2,Mexico,5
2018-06,2018-08,2,Other,10
2018-06,2018-08,3,El Salvador,5
2018-06,2018-08,3,Guatemala,29
2018-06,2018-08,3,Honduras,10
2018-06,2018-08,3,India,6
2018-06,2018-08,3,Other,6
2018-06,2018-08,4,Guatemala,1
2018-06,2018-08,4,Honduras,1
2018-06,2018-09,1,Ecuador,1
2018-06,2018-09,1,El Salvador,63
2018-06,2018-09,1,Guatemala,164
2018-06,2018-09,1,Honduras,123
2018-06,2018-09,1,Mexico,8
2018-06,2018-09,1,Nicaragua,4
2018-06,2018-09,1,Other,3
2018-06,2018-09,2,El Salvador,42
2018-06,2018-09,2,Guatemala,226
2018-06,2018-09,2,Honduras,97
2018-06,2018-09,2,India,4
2018-06,2018-09,2,Mexico,9
2018-06,2018-09,2,Nicaragua,6
2018-06,2018-09,2,Other,7
2018-06,2018-09,3,El Salvador,10
2018-06,2018-09,3,Guatemala,37
2018-06,2018-09,3,Honduras,27
2018-06,2018-09,3,India,12
2018-06,2018-09,3,Other,8
2018-06,2018-10,1,El Salvador,40
2018-06,2018-10,1,Guatemala,86
2018-06,2018-10,1,Honduras,73
2018-06,2018-10,1,Mexico,6
2018-06,2018-10,1,Nicaragua,4
2018-06,2018-10,1,Other,3
2018-06,2018-10,2,El Salvador,31
2018-06,2018-10,2,Guatemala,178
2018-06,2018-10,2,Honduras,75
2018-06,2018-10,2,India,3
2018-06,2018-10,2,Mexico,5
2018-06,2018-10,2,Nicaragua,3
2018-06,2018-10,2,Other,2
2018-06,2018-10,3,El Salvador,3
2018-06,2018-10,3,Guatemala,29
2018-06,2018-10,3,Honduras,18
2018-06,2018-10,3,India,7
2018-06,2018-10,3,Mexico,1
2018-06,2018-10,3,Nicaragua,1
2018-06,2018-10,3,Other,4
2018-06,2018-10,4,Guatemala,1
2018-06,2018-10,4,Honduras,2
2018-06,2018-11,1,El Salvador,12
2018-06,2018-11,1,Guatemala,39
2018-06,2018-11,1,Honduras,42
2018-06,2018-11,1,Mexico,8
2018-06,2018-11,2,El Salvador,13
2018-06,2018-11,2,Guatemala,104
2018-06,2018-11,2,Honduras,32
2018-06,2018-11,2,India,2
2018-06,2018-11,2,Mexico,5
2018-06,2018-11,2,Other,2
2018-06,2018-11,3,El Salvador,1
2018-06,2018-11,3,Guatemala,33
2018-06,2018-11,3,Honduras,19
2018-06,2018-11,3,India,4
2018-06,2018-11,3,Nicaragua,1
2018-06,2018-11,3,Other,4
2018-06,2018-11,4,Guatemala,2
2018-06,2018-11,4,India,1
2018-06,2018-12,1,El Salvador,13
2018-06,2018-12,1,Guatemala,28
2018-06,2018-12,1,Honduras,23
2018-06,2018-12,1,Mexico,1
2018-06,2018-12,2,Ecuador,1
2018-06,2018-12,2,El Salvador,4
2018-06,2018-12,2,Guatemala,77
2018-06,2018-12,2,Honduras,29
2018-06,2018-12,2,India,1
2018-06,2018-12,2,Mexico,3
2018-06,2018-12,2,Other,2
2018-06,2018-12,3,El Salvador,5
2018-06,2018-12,3,Guatemala,37
2018-06,2018-12,3,Honduras,17
2018-06,2018-12,3,India,5
2018-06,2018-12,3,Other,6
2018-06,2019-01,1,El Salvador,2
2018-06,2019-01,1,Guatemala,5
2018-06,2019-01,1,Honduras,8
2018-06,2019-01,2,El Salvador,2
2018-06,2019-01,2,Guatemala,33
2018-06,2019-01,2,Honduras,14
2018-06,2019-01,2,Other,1
2018-06,2019-01,3,El Salvador,3
2018-06,2019-01,3,Guatemala,15
2018-06,2019-01,3,Honduras,8
2018-06,2019-01,3,India,1
2018-06,2019-01,4,Guatemala,1
2018-06,2019-02,1,Guatemala,3
2018-06,2019-02,1,Honduras,8
2018-06,2019-02,1,Mexico,1
2018-06,2019-02,1,Other,1
2018-06,2019-02,2,El Salvador,1
2018-06,2019-02,2,Guatemala,15
2018-06,2019-02,2,Honduras,7
2018-06,2019-02,3,El Salvador,1
2018-06,2019-02,3,Guatemala,14
2018-06,2019-02,3,Honduras,9
2018-06,2019-02,3,Other,3
2018-06,2019-03,1,El Salvador,1
2018-06,2019-03,1,Guatemala,4
2018-06,2019-03,1,Honduras,1
2018-06,2019-03,2,El Salvador,1
2018-06,2019-03,2,Guatemala,10
2018-06,2019-03,2,Honduras,3
2018-06,2019-03,3,El Salvador,4
2018-06,2019-03,3,Guatemala,10
2018-06,2019-03,3,Honduras,3
2018-06,2019-03,3,India,2
2018-06,2019-04,1,Guatemala,1
2018-06,2019-04,2,El Salvador,1
2018-06,2019-04,2,Guatemala,4
2018-06,2019-04,3,El Salvador,1
2018-06,2019-04,3,Guatemala,4
2018-06,2019-04,3,Honduras,4
2018-06,2019-05,1,Guatemala,1
2018-06,2019-05,1,Honduras,1
2018-06,2019-05,2,Guatemala,1
2018-06,2019-05,2,Honduras,3
2018-06,2019-05,3,Honduras,1
2018-06,2019-05,3,India,1
2018-06,2019-06,1,Guatemala,2
2018-06,2019-06,1,Honduras,1
2018-06,2019-06,2,El Salvador,1
2018-06,2019-06,2,Guatemala,2
2018-06,2019-06,2,Honduras,1
2018-06,2019-06,2,Mexico,1
2018-06,2019-06,3,Guatemala,1
2018-06,2019-06,3,Honduras,1
2018-06,2019-06,3,Nicaragua,1
2018-06,2019-07,2,Guatemala,1
2018-06,2019-07,3,Guatemala,1
2018-06,2019-07,3,Honduras,2
2018-06,2019-08,2,Guatemala,1
2018-06,2019-09,3,Guatemala,3
2018-06,2020-02,2,Guatemala,1
2018-06,2020-07,2,Other,1
2018-06,2021-03,2,Guatemala,1
2018-06,2023-04,2,Mexico,1
2018-07,2018-07,1,El Salvador,1
2018-07,2018-07,1,Guatemala,4
2018-07,2018-07,2,Cuba,1
2018-07,2018-07,2,El Salvador,6
2018-07,2018-07,2,Guatemala,2
2018-07,2018-08,1,El Salvador,29
2018-07,2018-08,1,Guatemala,46
2018-07,2018-08,1,Honduras,65
2018-07,2018-08,1,Mexico,5
2018-07,2018-08,1,Nicaragua,1
2018-07,2018-08,1,Other,3
2018-07,2018-08,2,El Salvador,19
2018-07,2018-08,2,Guatemala,56
2018-07,2018-08,2,Honduras,28
2018-07,2018-08,2,India,2
2018-07,2018-08,2,Mexico,4
2018-07,2018-08,2,Other,4
2018-07,2018-08,3,El Salvador,2
2018-07,2018-08,3,Guatemala,3
2018-07,2018-08,3,Honduras,2
2018-07,2018-08,3,India,2
2018-07,2018-08,3,Mexico,1
2018-07,2018-08,3,Other,2
2018-07,2018-09,1,Cuba,2
2018-07,2018-09,1,Ecuador,1
2018-07,2018-09,1,El Salvador,101
2018-07,2018-09,1,Guatemala,225
2018-07,2018-09,1,Honduras,182
2018-07,2018-09,1,India,1
2018-07,2018-09,1,Mexico,17
2018-07,2018-09,1,Nicaragua,9
2018-07,2018-09,1,Other,3
2018-07,2018-09,2,El Salvador,59
2018-07,2018-09,2,Guatemala,235
2018-07,2018-09,2,Honduras,72
2018-07,2018-09,2,India,3
2018-07,2018-09,2,Mexico,10
2018-07,2018-09,2,Nicaragua,8
2018-07,2018-09,2,Other,5
2018-07,2018-09,3,El Salvador,8
2018-07,2018-09,3,Guatemala,12
2018-07,2018-09,3,Honduras,4
2018-07,2018-09,3,India,7
2018-07,2018-09,3,Mexico,1
2018-07,2018-09,3,Nicaragua,2
2018-07,2018-09,3,Other,2
2018-07,2018-09,4,India,1
2018-07,2018-10,1,Ecuador,1
2018-07,2018-10,1,El Salvador,76
2018-07,2018-10,1,Guatemala,164
2018-07,2018-10,1,Honduras,133
2018-07,2018-10,1,Mexico,11
2018-07,2018-10,1,Nicaragua,17
2018-07,2018-10,2,Ecuador,1
2018-07,2018-10,2,El Salvador,61
2018-07,2018-10,2,Guatemala,264
2018-07,2018-10,2,Honduras,116
2018-07,2018-10,2,India,7
2018-07,2018-10,2,Mexico,13
2018-07,2018-10,2,Nicaragua,8
2018-07,2018-10,2,Other,5
2018-07,2018-10,2,Venezuela,2
2018-07,2018-10,3,El Salvador,12
2018-07,2018-10,3,Guatemala,34
2018-07,2018-10,3,Honduras,19
2018-07,2018-10,3,India,17
2018-07,2018-10,3,Other,4
2018-07,2018-10,4,India,2
2018-07,2018-11,1,El Salvador,33
2018-07,2018-11,1,Guatemala,92
2018-07,2018-11,1,Honduras,46
2018-07,2018-11,1,Mexico,7
2018-07,2018-11,1,Nicaragua,4
2018-07,2018-11,2,El Salvador,30
2018-07,2018-11,2,Guatemala,146
2018-07,2018-11,2,Honduras,53
2018-07,2018-11,2,India,6
2018-07,2018-11,2,Mexico,8
2018-07,2018-11,2,Nicaragua,4
2018-07,2018-11,2,Other,4
2018-07,2018-11,3,El Salvador,6
2018-07,2018-11,3,Guatemala,25
2018-07,2018-11,3,Honduras,13
2018-07,2018-11,3,India,11
2018-07,2018-11,3,Mexico,2
2018-07,2018-11,3,Nicaragua,1
2018-07,2018-11,3,Other,3
2018-07,2018-12,1,Ecuador,1
2018-07,2018-12,1,El Salvador,21
2018-07,2018-12,1,Guatemala,54
2018-07,2018-12,1,Honduras,41
2018-07,2018-12,1,Mexico,10
2018-07,2018-12,1,Nicaragua,2
2018-07,2018-12,2,El Salvador,15
2018-07,2018-12,2,Guatemala,112
2018-07,2018-12,2,Honduras,49
2018-07,2018-12,2,India,6
2018-07,2018-12,2,Mexico,3
2018-07,2018-12,2,Nicaragua,3
2018-07,2018-12,2,Other,3
2018-07,2018-12,3,El Salvador,8
2018-07,2018-12,3,Guatemala,27
2018-07,2018-12,3,Honduras,15
2018-07,2018-12,3,India,11
2018-07,2018-12,3,Mexico,2
2018-07,2018-12,3,Nicaragua,3
2018-07,2018-12,3,Other,3
2018-07,2018-12,4,Guatemala,1
2018-07,2019-01,1,El Salvador,4
2018-07,2019-01,1,Guatemala,11
2018-07,2019-01,1,Honduras,12
2018-07,2019-01,1,Mexico,1
2018-07,2019-01,1,Nicaragua,2
2018-07,2019-01,2,El Salvador,6
2018-07,2019-01,2,Guatemala,34
2018-07,2019-01,2,Honduras,16
2018-07,2019-01,3,Ecuador,1
2018-07,2019-01,3,El Salvador,4
2018-07,2019-01,3,Guatemala,19
2018-07,2019-01,3,Honduras,7
2018-07,2019-01,3,India,9
2018-07,2019-01,3,Other,1
2018-07,2019-01,4,India,1
2018-07,2019-02,1,El Salvador,1
2018-07,2019-02,1,Guatemala,17
2018-07,2019-02,1,Honduras,3
2018-07,2019-02,1,Mexico,3
2018-07,2019-02,2,El Salvador,1
2018-07,2019-02,2,Guatemala,24
2018-07,2019-02,2,Honduras,4
2018-07,2019-02,2,Mexico,1
2018-07,2019-02,3,El Salvador,2
2018-07,2019-02,3,Guatemala,7
2018-07,2019-02,3,Honduras,6
2018-07,2019-02,3,India,5
2018-07,2019-02,3,Mexico,1
2018-07,2019-02,3,Other,3
2018-07,2019-03,1,El Salvador,4
2018-07,2019-03,1,Guatemala,2
2018-07,2019-03,1,Honduras,3
2018-07,2019-03,2,El Salvador,1
2018-07,2019-03,2,Guatemala,11
2018-07,2019-03,2,Honduras,8
2018-07,2019-03,2,Mexico,2
2018-07,2019-03,3,Guatemala,6
2018-07,2019-03,3,Honduras,4
2018-07,2019-03,3,India,4
2018-07,2019-03,3,Mexico,1
2018-07,2019-03,3,Other,1
2018-07,2019-04,1,Guatemala,5
2018-07,2019-04,1,Honduras,2
2018-07,2019-04,2,Guatemala,5
2018-07,2019-04,2,Honduras,1
2018-07,2019-04,3,El Salvador,1
2018-07,2019-04,3,Guatemala,2
2018-07,2019-04,3,Honduras,6
2018-07,2019-04,3,India,2
2018-07,2019-04,3,Other,1
2018-07,2019-05,1,Guatemala,1
2018-07,2019-05,2,El Salvador,2
2018-07,2019-05,2,Guatemala,2
2018-07,2019-05,2,Honduras,2
2018-07,2019-05,2,Mexico,1
2018-07,2019-05,3,Guatemala,2
2018-07,2019-05,3,Honduras,1
2018-07,2019-05,3,India,1
2018-07,2019-06,1,Honduras,1
2018-07,2019-06,1,Mexico,1
2018-07,2019-06,2,Honduras,3
2018-07,2019-06,3,Honduras,1
2018-07,2019-07,2,Guatemala,2
2018-07,2019-07,2,Honduras,1
2018-07,2019-07,3,Guatemala,2
2018-07,2019-08,1,Honduras,1
2018-07,2019-08,2,Guatemala,1
2018-07,2019-08,2,Honduras,1
2018-07,2019-08,3,Guatemala,1
2018-07,2019-09,2,Guatemala,1
2018-07,2019-10,3,India,1
2018-07,2019-12,3,Honduras,1
2018-08,2018-08,1,El Salvador,3
2018-08,2018-08,1,Guatemala,4
2018-08,2018-08,1,Honduras,4
2018-08,2018-08,1,Mexico,2
2018-08,2018-08,1,Nicaragua,1
2018-08,2018-08,1,Other,1
2018-08,2018-08,2,El Salvador,2
2018-08,2018-08,2,Guatemala,4
2018-08,2018-08,2,Honduras,3
2018-08,2018-08,2,Mexico,1
2018-08,2018-09,1,El Salvador,42
2018-08,2018-09,1,Guatemala,73
2018-08,2018-09,1,Honduras,96
2018-08,2018-09,1,Mexico,7
2018-08,2018-09,1,Nicaragua,6
2018-08,2018-09,1,Other,5
2018-08,2018-09,2,El Salvador,22
2018-08,2018-09,2,Guatemala,98
2018-08,2018-09,2,Honduras,42
2018-08,2018-09,2,India,3
2018-08,2018-09,2,Mexico,2
2018-08,2018-09,2,Nicaragua,3
2018-08,2018-09,2,Other,3
2018-08,2018-09,3,El Salvador,1
2018-08,2018-09,3,Guatemala,3
2018-08,2018-09,3,Honduras,2
2018-08,2018-09,3,India,2
2018-08,2018-09,3,Nicaragua,2
2018-08,2018-09,4,Nicaragua,1
2018-08,2018-10,1,Ecuador,1
2018-08,2018-10,1,El Salvador,107
2018-08,2018-10,1,Guatemala,184
2018-08,2018-10,1,Honduras,196
2018-08,2018-10,1,Mexico,20
2018-08,2018-10,1,Nicaragua,13
2018-08,2018-10,2,Cuba,1
2018-08,2018-10,2,El Salvador,76
2018-08,2018-10,2,Guatemala,284
2018-08,2018-10,2,Honduras,123
2018-08,2018-10,2,India,3
2018-08,2018-10,2,Mexico,7
2018-08,2018-10,2,Nicaragua,10
2018-08,2018-10,2,Other,9
2018-08,2018-10,3,El Salvador,6
2018-08,2018-10,3,Guatemala,10
2018-08,2018-10,3,Honduras,12
2018-08,2018-10,3,India,1
2018-08,2018-10,3,Nicaragua,2
2018-08,2018-10,4,Nicaragua,1
2018-08,2018-11,1,Ecuador,1
2018-08,2018-11,1,El Salvador,84
2018-08,2018-11,1,Guatemala,115
2018-08,2018-11,1,Honduras,113
2018-08,2018-11,1,Mexico,17
2018-08,2018-11,1,Nicaragua,7
2018-08,2018-11,2,El Salvador,44
2018-08,2018-11,2,Guatemala,173
2018-08,2018-11,2,Honduras,105
2018-08,2018-11,2,Mexico,7
2018-08,2018-11,2,Nicaragua,1
2018-08,2018-11,2,Other,3
2018-08,2018-11,3,El Salvador,8
2018-08,2018-11,3,Guatemala,24
2018-08,2018-11,3,Honduras,17
2018-08,2018-11,3,India,6
2018-08,2018-11,3,Mexico,2
2018-08,2018-11,3,Nicaragua,2
2018-08,2018-11,4,Honduras,1
2018-08,2018-12,1,El Salvador,52
2018-08,2018-12,1,Guatemala,66
2018-08,2018-12,1,Honduras,91
2018-08,2018-12,1,Mexico,24
2018-08,2018-12,1,Nicaragua,3
2018-08,2018-12,1,Other,4
2018-08,2018-12,2,El Salvador,60
2018-08,2018-12,2,Guatemala,174
2018-08,2018-12,2,Honduras,64
2018-08,2018-12,2,India,3
2018-08,2018-12,2,Mexico,5
2018-08,2018-12,2,Nicaragua,2
2018-08,2018-12,2,Other,2
2018-08,2018-12,3,El Salvador,10
2018-08,2018-12,3,Guatemala,41
2018-08,2018-12,3,Honduras,20
2018-08,2018-12,3,India,4
2018-08,2018-12,3,Mexico,5
2018-08,2018-12,3,Nicaragua,2
2018-08,2018-12,3,Other,2
2018-08,2019-01,1,El Salvador,17
2018-08,2019-01,1,Guatemala,19
2018-08,2019-01,1,Honduras,13
2018-08,2019-01,1,Mexico,1
2018-08,2019-01,1,Other,1
2018-08,2019-01,2,Cuba,1
2018-08,2019-01,2,El Salvador,22
2018-08,2019-01,2,Guatemala,71
2018-08,2019-01,2,Honduras,23
2018-08,2019-01,2,India,1
2018-08,2019-01,2,Nicaragua,4
2018-08,2019-01,2,Other,1
2018-08,2019-01,3,El Salvador,3
2018-08,2019-01,3,Guatemala,19
2018-08,2019-01,3,Honduras,11
2018-08,2019-01,3,India,4
2018-08,2019-01,3,Mexico,2
2018-08,2019-01,3,Nicaragua,1
2018-08,2019-01,3,Other,2
2018-08,2019-02,1,El Salvador,2
2018-08,2019-02,1,Guatemala,12
2018-08,2019-02,1,Honduras,12
2018-08,2019-02,1,Nicaragua,1
2018-08,2019-02,2,El Salvador,6
2018-08,2019-02,2,Guatemala,23
2018-08,2019-02,2,Honduras,10
2018-08,2019-02,2,India,1
2018-08,2019-02,2,Mexico,1
2018-08,2019-02,2,Other,1
2018-08,2019-02,3,El Salvador,4
2018-08,2019-02,3,Guatemala,10
2018-08,2019-02,3,Honduras,7
2018-08,2019-02,3,India,2
2018-08,2019-02,3,Other,1
2018-08,2019-02,4,Honduras,1
2018-08,2019-03,1,Guatemala,10
2018-08,2019-03,1,Honduras,15
2018-08,2019-03,1,Mexico,1
2018-08,2019-03,1,Nicaragua,2
2018-08,2019-03,2,El Salvador,1
2018-08,2019-03,2,Guatemala,13
2018-08,2019-03,2,Honduras,9
2018-08,2019-03,2,Nicaragua,1
2018-08,2019-03,3,El Salvador,3
2018-08,2019-03,3,Guatemala,12
2018-08,2019-03,3,Honduras,7
2018-08,2019-03,3,India,3
2018-08,2019-03,3,Other,1
2018-08,2019-04,1,El Salvador,3
2018-08,2019-04,1,Guatemala,3
2018-08,2019-04,1,Honduras,4
2018-08,2019-04,2,El Salvador,2
2018-08,2019-04,2,Guatemala,7
2018-08,2019-04,2,Honduras,2
2018-08,2019-04,3,Guatemala,6
2018-08,2019-04,3,Honduras,1
2018-08,2019-04,3,Mexico,1
2018-08,2019-05,2,El Salvador,1
2018-08,2019-05,2,Guatemala,6
2018-08,2019-05,2,Honduras,2
2018-08,2019-05,2,Mexico,4
2018-08,2019-05,3,Guatemala,2
2018-08,2019-05,3,Honduras,3
2018-08,2019-05,3,India,1
2018-08,2019-06,1,Guatemala,3
2018-08,2019-06,1,Honduras,1
2018-08,2019-06,2,Guatemala,2
2018-08,2019-06,2,Honduras,1
2018-08,2019-06,2,Mexico,1
2018-08,2019-06,2,Other,1
2018-08,2019-06,3,Guatemala,1
2018-08,2019-06,3,Mexico,1
2018-08,2019-06,3,Other,2
2018-08,2019-07,1,Guatemala,3
2018-08,2019-07,2,Guatemala,1
2018-08,2019-07,2,Other,2
2018-08,2019-07,3,Guatemala,2
2018-08,2019-07,3,Honduras,1
2018-08,2019-08,2,Guatemala,4
2018-08,2019-08,3,El Salvador,1
2018-08,2019-08,3,Honduras,2
2018-08,2019-09,2,Guatemala,2
2018-08,2019-09,3,Honduras,2
2018-08,2019-10,2,Other,1
2018-08,2019-10,3,Guatemala,1
2018-08,2019-11,2,Guatemala,1
2018-08,2019-11,3,Guatemala,1
2018-08,2019-12,3,Guatemala,1
2018-08,2020-01,3,Guatemala,1
2018-08,2020-02,2,Guatemala,1
2018-08,2020-02,3,Honduras,1
2018-08,2020-02,3,India,1
2018-08,2020-04,1,El Salvador,3
2018-08,2020-07,3,El Salvador,1
2018-08,2020-07,3,Guatemala,1
2018-09,2018-09,1,El Salvador,10
2018-09,2018-09,1,Guatemala,6
2018-09,2018-09,1,Honduras,8
2018-09,2018-09,1,Nicaragua,1
2018-09,2018-09,1,Other,2
2018-09,2018-09,2,El Salvador,2
2018-09,2018-09,2,Guatemala,5
2018-09,2018-09,2,Honduras,1
2018-09,2018-09,2,Other,2
2018-09,2018-09,3,Mexico,2
2018-09,2018-10,1,Colombia,2
2018-09,2018-10,1,El Salvador,55
2018-09,2018-10,1,Guatemala,84
2018-09,2018-10,1,Honduras,90
2018-09,2018-10,1,Mexico,11
2018-09,2018-10,1,Nicaragua,8
2018-09,2018-10,1,Other,3
2018-09,2018-10,2,Ecuador,2
2018-09,2018-10,2,El Salvador,34
2018-09,2018-10,2,Guatemala,101
2018-09,2018-10,2,Honduras,60
2018-09,2018-10,2,India,2
2018-09,2018-10,2,Mexico,4
2018-09,2018-10,2,Nicaragua,3
2018-09,2018-10,2,Other,6
2018-09,2018-10,3,El Salvador,2
2018-09,2018-10,3,Guatemala,2
2018-09,2018-10,3,Honduras,4
2018-09,2018-10,3,India,2
2018-09,2018-10,3,Mexico,2
2018-09,2018-10,3,Nicaragua,2
2018-09,2018-11,1,Colombia,2
2018-09,2018-11,1,Ecuador,3
2018-09,2018-11,1,El Salvador,110
2018-09,2018-11,1,Guatemala,229
2018-09,2018-11,1,Honduras,200
2018-09,2018-11,1,Mexico,22
2018-09,2018-11,1,Nicaragua,11
2018-09,2018-11,1,Other,5
2018-09,2018-11,2,El Salvador,67
2018-09,2018-11,2,Guatemala,258
2018-09,2018-11,2,Honduras,136
2018-09,2018-11,2,India,2
2018-09,2018-11,2,Mexico,16
2018-09,2018-11,2,Nicaragua,12
2018-09,2018-11,2,Other,4
2018-09,2018-11,3,El Salvador,4
2018-09,2018-11,3,Guatemala,13
2018-09,2018-11,3,Honduras,8
2018-09,2018-11,3,India,5
2018-09,2018-11,3,Nicaragua,2
2018-09,2018-11,4,El Salvador,1
2018-09,2018-11,4,Honduras,1
2018-09,2018-12,1,El Salvador,117
2018-09,2018-12,1,Guatemala,191
2018-09,2018-12,1,Honduras,176
2018-09,2018-12,1,India,1
2018-09,2018-12,1,Mexico,21
2018-09,2018-12,1,Nicaragua,18
2018-09,2018-12,1,Other,1
2018-09,2018-12,2,El Salvador,80
2018-09,2018-12,2,Guatemala,317
2018-09,2018-12,2,Honduras,119
2018-09,2018-12,2,India,3
2018-09,2018-12,2,Mexico,11
2018-09,2018-12,2,Nicaragua,8
2018-09,2018-12,2,Other,8
2018-09,2018-12,3,El Salvador,12
2018-09,2018-12,3,Guatemala,41
2018-09,2018-12,3,Honduras,29
2018-09,2018-12,3,India,11
2018-09,2018-12,3,Mexico,4
2018-09,2018-12,3,Nicaragua,2
2018-09,2018-12,3,Other,1
2018-09,2018-12,4,Guatemala,1
2018-09,2019-01,1,Ecuador,2
2018-09,2019-01,1,El Salvador,19
2018-09,2019-01,1,Guatemala,38
2018-09,2019-01,1,Honduras,51
2018-09,2019-01,1,Nicaragua,6
2018-09,2019-01,2,El Salvador,37
2018-09,2019-01,2,Guatemala,137
2018-09,2019-01,2,Honduras,58
2018-09,2019-01,2,India,1
2018-09,2019-01,2,Mexico,4
2018-09,2019-01,2,Nicaragua,5
2018-09,2019-01,2,Other,5
2018-09,2019-01,3,El Salvador,9
2018-09,2019-01,3,Guatemala,28
2018-09,2019-01,3,Honduras,16
2018-09,2019-01,3,India,11
2018-09,2019-01,3,Mexico,1
2018-09,2019-01,3,Other,6
2018-09,2019-01,4,El Salvador,1
2018-09,2019-02,1,Ecuador,3
2018-09,2019-02,1,El Salvador,15
2018-09,2019-02,1,Guatemala,23
2018-09,2019-02,1,Honduras,19
2018-09,2019-02,1,Mexico,2
2018-09,2019-02,2,El Salvador,7
2018-09,2019-02,2,Guatemala,42
2018-09,2019-02,2,Honduras,19
2018-09,2019-02,2,Mexico,2
2018-09,2019-02,2,Other,2
2018-09,2019-02,3,El Salvador,10
2018-09,2019-02,3,Guatemala,31
2018-09,2019-02,3,Honduras,14
2018-09,2019-02,3,India,5
2018-09,2019-02,3,Mexico,1
2018-09,2019-02,3,Other,6
2018-09,2019-03,1,Colombia,1
2018-09,2019-03,1,El Salvador,5
2018-09,2019-03,1,Guatemala,10
2018-09,2019-03,1,Honduras,5
2018-09,2019-03,1,Mexico,1
2018-09,2019-03,1,Venezuela,1
2018-09,2019-03,2,El Salvador,2
2018-09,2019-03,2,Guatemala,21
2018-09,2019-03,2,Honduras,9
2018-09,2019-03,2,India,1
2018-09,2019-03,2,Mexico,2
2018-09,2019-03,3,El Salvador,6
2018-09,2019-03,3,Guatemala,18
2018-09,2019-03,3,Honduras,10
2018-09,2019-03,3,India,1
2018-09,2019-03,3,Other,4
2018-09,2019-04,1,El Salvador,1
2018-09,2019-04,1,Guatemala,3
2018-09,2019-04,1,Honduras,3
2018-09,2019-04,2,El Salvador,1
2018-09,2019-04,2,Guatemala,12
2018-09,2019-04,2,Honduras,3
2018-09,2019-04,2,India,1
2018-09,2019-04,2,Mexico,2
2018-09,2019-04,3,El Salvador,1
2018-09,2019-04,3,Guatemala,8
2018-09,2019-04,3,Honduras,8
2018-09,2019-04,3,India,1
2018-09,2019-04,3,Mexico,1
2018-09,2019-04,3,Other,1
2018-09,2019-05,1,Guatemala,1
2018-09,2019-05,1,Honduras,1
2018-09,2019-05,2,Guatemala,3
2018-09,2019-05,2,Honduras,2
2018-09,2019-05,3,Guatemala,4
2018-09,2019-05,3,Honduras,3
2018-09,2019-05,3,India,1
2018-09,2019-05,3,Other,2
2018-09,2019-06,1,Guatemala,2
2018-09,2019-06,1,Honduras,2
2018-09,2019-06,2,Guatemala,1
2018-09,2019-06,2,Honduras,1
2018-09,2019-06,2,Mexico,1
2018-09,2019-06,3,Guatemala,3
2018-09,2019-06,3,Honduras,2
2018-09,2019-06,3,Other,1
2018-09,2019-07,2,Guatemala,5
2018-09,2019-07,3,Guatemala,2
2018-09,2019-08,2,Guatemala,1
2018-09,2019-08,2,Honduras,2
2018-09,2019-08,3,Guatemala,3
2018-09,2019-08,3,Honduras,1
2018-09,2019-09,2,Guatemala,1
2018-09,2019-10,1,Guatemala,1
2018-09,2019-10,2,Mexico,1
2018-09,2019-10,3,Guatemala,1
2018-09,2019-10,3,Honduras,1
2018-09,2019-11,2,Guatemala,2
2018-09,2019-11,3,Guatemala,1
2018-09,2019-12,3,Guatemala,1
2018-09,2020-02,3,El Salvador,1
2018-09,2020-06,2,Honduras,1
2018-10,2018-10,1,El Salvador,6
2018-10,2018-10,1,Guatemala,10
2018-10,2018-10,1,Honduras,4
2018-10,2018-10,2,El Salvador,1
2018-10,2018-10,2,Guatemala,6
2018-10,2018-10,2,Honduras,2
2018-10,2018-10,2,Other,1
2018-10,2018-10,3,Guatemala,2
2018-10,2018-10,3,Honduras,1
2018-10,2018-10,3,Other,1
2018-10,2018-11,1,Colombia,1
2018-10,2018-11,1,Ecuador,2
2018-10,2018-11,1,El Salvador,61
2018-10,2018-11,1,Guatemala,118
2018-10,2018-11,1,Honduras,105
2018-10,2018-11,1,Mexico,4
2018-10,2018-11,1,Nicaragua,5
2018-10,2018-11,1,Other,3
2018-10,2018-11,2,Colombia,1
2018-10,2018-11,2,El Salvador,35
2018-10,2018-11,2,Guatemala,94
2018-10,2018-11,2,Honduras,57
2018-10,2018-11,2,India,3
2018-10,2018-11,2,Mexico,3
2018-10,2018-11,2,Nicaragua,5
2018-10,2018-11,2,Other,4
2018-10,2018-11,3,El Salvador,2
2018-10,2018-11,3,Guatemala,5
2018-10,2018-11,3,Honduras,2
2018-10,2018-11,3,India,1
2018-10,2018-11,3,Other,1
2018-10,2018-12,1,Cuba,1
2018-10,2018-12,1,Ecuador,2
2018-10,2018-12,1,El Salvador,195
2018-10,2018-12,1,Guatemala,354
2018-10,2018-12,1,Honduras,331
2018-10,2018-12,1,Mexico,14
2018-10,2018-12,1,Nicaragua,14
2018-10,2018-12,1,Other,6
2018-10,2018-12,2,Cuba,1
2018-10,2018-12,2,Ecuador,1
2018-10,2018-12,2,El Salvador,110
2018-10,2018-12,2,Guatemala,463
2018-10,2018-12,2,Honduras,178
2018-10,2018-12,2,India,5
2018-10,2018-12,2,Mexico,17
2018-10,2018-12,2,Nicaragua,13
2018-10,2018-12,2,Other,10
2018-10,2018-12,3,El Salvador,9
2018-10,2018-12,3,Guatemala,29
2018-10,2018-12,3,Honduras,9
2018-10,2018-12,3,India,1
2018-10,2018-12,3,Mexico,2
2018-10,2018-12,3,Other,3
2018-10,2018-12,4,El Salvador,2
2018-10,2018-12,4,Guatemala,2
2018-10,2018-12,4,Honduras,1
2018-10,2018-12,4,Nicaragua,1
2018-10,2019-01,1,El Salvador,61
2018-10,2019-01,1,Guatemala,139
2018-10,2019-01,1,Honduras,95
2018-10,2019-01,1,Mexico,10
2018-10,2019-01,1,Nicaragua,10
2018-10,2019-01,1,Other,4
2018-10,2019-01,2,El Salvador,59
2018-10,2019-01,2,Guatemala,367
2018-10,2019-01,2,Honduras,130
2018-10,2019-01,2,India,1
2018-10,2019-01,2,Mexico,8
2018-10,2019-01,2,Nicaragua,7
2018-10,2019-01,2,Other,8
2018-10,2019-01,3,El Salvador,11
2018-10,2019-01,3,Guatemala,31
2018-10,2019-01,3,Honduras,18
2018-10,2019-01,3,India,1
2018-10,2019-01,3,Nicaragua,5
2018-10,2019-01,3,Other,3
2018-10,2019-02,1,El Salvador,19
2018-10,2019-02,1,Guatemala,33
2018-10,2019-02,1,Honduras,31
2018-10,2019-02,1,Mexico,3
2018-10,2019-02,1,Venezuela,1
2018-10,2019-02,2,Cuba,1
2018-10,2019-02,2,El Salvador,14
2018-10,2019-02,2,Guatemala,83
2018-10,2019-02,2,Honduras,37
2018-10,2019-02,2,India,1
2018-10,2019-02,2,Mexico,7
2018-10,2019-02,2,Nicaragua,2
2018-10,2019-02,2,Other,2
2018-10,2019-02,3,El Salvador,7
2018-10,2019-02,3,Guatemala,43
2018-10,2019-02,3,Honduras,21
2018-10,2019-02,3,India,5
2018-10,2019-02,3,Mexico,1
2018-10,2019-02,3,Nicaragua,2
2018-10,2019-02,4,Honduras,1
2018-10,2019-03,1,El Salvador,5
2018-10,2019-03,1,Guatemala,18
2018-10,2019-03,1,Honduras,17
2018-10,2019-03,1,Nicaragua,1
2018-10,2019-03,1,Other,1
2018-10,2019-03,2,El Salvador,4
2018-10,2019-03,2,Guatemala,36
2018-10,2019-03,2,Honduras,21
2018-10,2019-03,2,India,1
2018-10,2019-03,2,Mexico,6
2018-10,2019-03,2,Other,3
2018-10,2019-03,3,El Salvador,7
2018-10,2019-03,3,Guatemala,26
2018-10,2019-03,3,Honduras,17
2018-10,2019-03,3,India,4
2018-10,2019-03,3,Mexico,5
2018-10,2019-03,4,Mexico,1
2018-10,2019-04,1,El Salvador,3
2018-10,2019-04,1,Guatemala,5
2018-10,2019-04,1,Honduras,9
2018-10,2019-04,1,Mexico,1
2018-10,2019-04,2,El Salvador,3
2018-10,2019-04,2,Guatemala,17
2018-10,2019-04,2,Honduras,6
2018-10,2019-04,2,Mexico,1
2018-10,2019-04,2,Other,2
2018-10,2019-04,3,Guatemala,10
2018-10,2019-04,3,Honduras,6
2018-10,2019-04,3,India,1
2018-10,2019-04,3,Other,1
2018-10,2019-05,1,El Salvador,1
2018-10,2019-05,1,Guatemala,5
2018-10,2019-05,1,Honduras,8
2018-10,2019-05,1,Mexico,3
2018-10,2019-05,2,Guatemala,11
2018-10,2019-05,2,Honduras,7
2018-10,2019-05,2,Mexico,1
2018-10,2019-05,3,El Salvador,1
2018-10,2019-05,3,Guatemala,7
2018-10,2019-05,3,Honduras,6
2018-10,2019-05,3,Other,1
2018-10,2019-06,1,El Salvador,1
2018-10,2019-06,1,Guatemala,2
2018-10,2019-06,2,El Salvador,1
2018-10,2019-06,2,Guatemala,5
2018-10,2019-06,3,Guatemala,4
2018-10,2019-06,3,Honduras,1
2018-10,2019-07,1,Guatemala,3
2018-10,2019-07,1,Honduras,3
2018-10,2019-07,2,El Salvador,1
2018-10,2019-07,2,Guatemala,2
2018-10,2019-07,2,Honduras,6
2018-10,2019-07,3,Guatemala,4
2018-10,2019-07,3,India,1
2018-10,2019-08,1,Guatemala,1
2018-10,2019-08,1,Honduras,1
2018-10,2019-08,1,Nicaragua,1
2018-10,2019-08,1,Other,1
2018-10,2019-08,2,Guatemala,4
2018-10,2019-08,2,Honduras,1
2018-10,2019-08,3,Honduras,1
2018-10,2019-09,2,Guatemala,1
2018-10,2019-09,2,Honduras,2
2018-10,2019-09,3,Guatemala,1
2018-10,2019-10,1,Mexico,1
2018-10,2019-10,2,Guatemala,3
2018-10,2019-10,3,Guatemala,3
2018-10,2019-11,2,Guatemala,1
2018-10,2019-11,2,Honduras,2
2018-10,2019-11,3,Guatemala,1
2018-10,2019-11,3,Honduras,1
2018-10,2019-12,3,Guatemala,1
2018-10,2020-10,3,Guatemala,1
2018-10,2021-03,2,Honduras,1
2018-11,2018-11,1,El Salvador,4
2018-11,2018-11,1,Guatemala,7
2018-11,2018-11,1,Honduras,2
2018-11,2018-11,2,Ecuador,1
2018-11,2018-11,2,El Salvador,1
2018-11,2018-11,2,Guatemala,4
2018-11,2018-11,2,Honduras,2
2018-11,2018-11,3,Guatemala,1
2018-11,2018-11,3,Other,1
2018-11,2018-12,1,Ecuador,3
2018-11,2018-12,1,El Salvador,174
2018-11,2018-12,1,Guatemala,414
2018-11,2018-12,1,Honduras,302
2018-11,2018-12,1,Mexico,17
2018-11,2018-12,1,Nicaragua,13
2018-11,2018-12,1,Other,4
2018-11,2018-12,2,Ecuador,1
2018-11,2018-12,2,El Salvador,70
2018-11,2018-12,2,Guatemala,281
2018-11,2018-12,2,Honduras,108
2018-11,2018-12,2,Mexico,5
2018-11,2018-12,2,Nicaragua,6
2018-11,2018-12,2,Other,8
2018-11,2018-12,2,Venezuela,1
2018-11,2018-12,3,El Salvador,1
2018-11,2018-12,3,Guatemala,6
2018-11,2018-12,3,Honduras,4
2018-11,2018-12,3,India,2
2018-11,2018-12,3,Nicaragua,2
2018-11,2019-01,1,El Salvador,119
2018-11,2019-01,1,Guatemala,320
2018-11,2019-01,1,Honduras,203
2018-11,2019-01,1,India,1
2018-11,2019-01,1,Mexico,15
2018-11,2019-01,1,Nicaragua,7
2018-11,2019-01,1,Other,4
2018-11,2019-01,1,Venezuela,1
2018-11,2019-01,2,Ecuador,2
2018-11,2019-01,2,El Salvador,103
2018-11,2019-01,2,Guatemala,600
2018-11,2019-01,2,Honduras,190
2018-11,2019-01,2,India,4
2018-11,2019-01,2,Mexico,15
2018-11,2019-01,2,Nicaragua,4
2018-11,2019-01,2,Other,2
2018-11,2019-01,3,El Salvador,7
2018-11,2019-01,3,Guatemala,29
2018-11,2019-01,3,Honduras,15
2018-11,2019-01,3,India,2
2018-11,2019-01,3,Nicaragua,1
2018-11,2019-01,3,Other,2
2018-11,2019-01,4,Guatemala,3
2018-11,2019-01,4,Honduras,1
2018-11,2019-01,4,Other,1
2018-11,2019-02,1,Ecuador,2
2018-11,2019-02,1,El Salvador,40
2018-11,2019-02,1,Guatemala,99
2018-11,2019-02,1,Honduras,59
2018-11,2019-02,1,Mexico,2
2018-11,2019-02,1,Nicaragua,3
2018-11,2019-02,2,El Salvador,26
2018-11,2019-02,2,Guatemala,175
2018-11,2019-02,2,Honduras,76
2018-11,2019-02,2,India,1
2018-11,2019-02,2,Mexico,15
2018-11,2019-02,2,Nicaragua,1
2018-11,2019-02,2,Other,4
2018-11,2019-02,3,El Salvador,7
2018-11,2019-02,3,Guatemala,36
2018-11,2019-02,3,Honduras,19
2018-11,2019-02,3,India,6
2018-11,2019-02,3,Mexico,2
2018-11,2019-02,3,Other,11
2018-11,2019-03,1,El Salvador,6
2018-11,2019-03,1,Guatemala,29
2018-11,2019-03,1,Honduras,17
2018-11,2019-03,1,Mexico,2
2018-11,2019-03,1,Other,1
2018-11,2019-03,2,Ecuador,1
2018-11,2019-03,2,El Salvador,13
2018-11,2019-03,2,Guatemala,74
2018-11,2019-03,2,Honduras,30
2018-11,2019-03,2,India,1
2018-11,2019-03,2,Mexico,5
2018-11,2019-03,2,Other,1
2018-11,2019-03,3,El Salvador,9
2018-11,2019-03,3,Guatemala,46
2018-11,2019-03,3,Honduras,23
2018-11,2019-03,3,India,2
2018-11,2019-03,3,Other,3
2018-11,2019-04,1,El Salvador,1
2018-11,2019-04,1,Guatemala,14
2018-11,2019-04,1,Honduras,10
2018-11,2019-04,2,El Salvador,5
2018-11,2019-04,2,Guatemala,28
2018-11,2019-04,2,Honduras,9
2018-11,2019-04,2,Mexico,1
2018-11,2019-04,2,Nicaragua,2
2018-11,2019-04,2,Other,1
2018-11,2019-04,3,Guatemala,9
2018-11,2019-04,3,Honduras,9
2018-11,2019-04,3,India,4
2018-11,2019-04,3,Nicaragua,1
2018-11,2019-05,1,Guatemala,5
2018-11,2019-05,1,Honduras,3
2018-11,2019-05,1,Mexico,1
2018-11,2019-05,2,Guatemala,16
2018-11,2019-05,2,Honduras,3
2018-11,2019-05,3,Guatemala,8
2018-11,2019-05,3,Honduras,4
2018-11,2019-05,3,Nicaragua,1
2018-11,2019-06,1,Guatemala,1
2018-11,2019-06,1,Honduras,1
2018-11,2019-06,2,Guatemala,9
2018-11,2019-06,2,Honduras,4
2018-11,2019-06,2,Mexico,1
2018-11,2019-06,3,Guatemala,9
2018-11,2019-06,3,Honduras,2
2018-11,2019-06,3,India,1
2018-11,2019-07,1,Guatemala,1
2018-11,2019-07,2,Guatemala,8
2018-11,2019-07,2,Honduras,4
2018-11,2019-07,3,Guatemala,7
2018-11,2019-07,3,Honduras,4
2018-11,2019-07,3,Mexico,1
2018-11,2019-07,3,Nicaragua,1
2018-11,2019-08,1,El Salvador,2
2018-11,2019-08,1,Honduras,1
2018-11,2019-08,2,Guatemala,1
2018-11,2019-08,3,Guatemala,4
2018-11,2019-08,3,Honduras,1
2018-11,2019-08,3,Mexico,1
2018-11,2019-09,1,El Salvador,1
2018-11,2019-09,2,Guatemala,2
2018-11,2019-09,2,Honduras,1
2018-11,2019-09,3,Guatemala,2
2018-11,2019-09,3,Honduras,1
2018-11,2019-10,3,Guatemala,3
2018-11,2019-10,3,Honduras,2
2018-11,2019-11,3,Honduras,2
2018-11,2019-12,1,Guatemala,1
2018-11,2020-02,1,Honduras,1
2018-11,2020-04,2,Honduras,1
2018-11,2020-10,3,Honduras,1
2018-11,2020-12,3,Guatemala,2
2018-12,2018-12,1,Ecuador,2
2018-12,2018-12,1,El Salvador,25
2018-12,2018-12,1,Guatemala,36
2018-12,2018-12,1,Honduras,40
2018-12,2018-12,1,Mexico,3
2018-12,2018-12,1,Venezuela,1
2018-12,2018-12,2,El Salvador,11
2018-12,2018-12,2,Guatemala,36
2018-12,2018-12,2,Honduras,17
2018-12,2018-12,2,India,1
2018-12,2018-12,3,Honduras,1
2018-12,2019-01,1,Cuba,1
2018-12,2019-01,1,Ecuador,13
2018-12,2019-01,1,El Salvador,122
2018-12,2019-01,1,Guatemala,492
2018-12,2019-01,1,Honduras,310
2018-12,2019-01,1,India,2
2018-12,2019-01,1,Mexico,24
2018-12,2019-01,1,Nicaragua,10
2018-12,2019-01,1,Other,8
2018-12,2019-01,1,Venezuela,1
2018-12,2019-01,2,Ecuador,3
2018-12,2019-01,2,El Salvador,93
2018-12,2019-01,2,Guatemala,540
2018-12,2019-01,2,Honduras,179
2018-12,2019-01,2,India,9
2018-12,2019-01,2,Mexico,14
2018-12,2019-01,2,Other,5
2018-12,2019-01,3,El Salvador,2
2018-12,2019-01,3,Guatemala,12
2018-12,2019-01,3,Honduras,13
2018-12,2019-01,3,India,2
2018-12,2019-01,3,Mexico,1
2018-12,2019-02,1,Ecuador,6
2018-12,2019-02,1,El Salvador,86
2018-12,2019-02,1,Guatemala,316
2018-12,2019-02,1,Honduras,192
2018-12,2019-02,1,India,2
2018-12,2019-02,1,Mexico,10
2018-12,2019-02,1,Nicaragua,3
2018-12,2019-02,1,Other,8
2018-12,2019-02,1,Venezuela,1
2018-12,2019-02,2,Ecuador,4
2018-12,2019-02,2,El Salvador,82
2018-12,2019-02,2,Guatemala,572
2018-12,2019-02,2,Honduras,186
2018-12,2019-02,2,India,5
2018-12,2019-02,2,Mexico,9
2018-12,2019-02,2,Nicaragua,10
2018-12,2019-02,2,Other,8
2018-12,2019-02,3,El Salvador,12
2018-12,2019-02,3,Guatemala,38
2018-12,2019-02,3,Honduras,25
2018-12,2019-02,3,India,5
2018-12,2019-02,3,Other,6
2018-12,2019-02,4,Guatemala,1
2018-12,2019-03,1,Ecuador,1
2018-12,2019-03,1,El Salvador,16
2018-12,2019-03,1,Guatemala,84
2018-12,2019-03,1,Honduras,46
2018-12,2019-03,1,Mexico,4
2018-12,2019-03,1,Nicaragua,2
2018-12,2019-03,1,Other,2
2018-12,2019-03,2,Ecuador,3
2018-12,2019-03,2,El Salvador,22
2018-12,2019-03,2,Guatemala,206
2018-12,2019-03,2,Honduras,53
2018-12,2019-03,2,India,2
2018-12,2019-03,2,Mexico,7
2018-12,2019-03,2,Other,4
2018-12,2019-03,3,El Salvador,18
2018-12,2019-03,3,Guatemala,74
2018-12,2019-03,3,Honduras,33
2018-12,2019-03,3,India,9
2018-12,2019-03,3,Nicaragua,2
2018-12,2019-03,3,Other,2
2018-12,2019-03,4,Honduras,2
2018-12,2019-03,4,Other,1
2018-12,2019-04,1,Ecuador,1
2018-12,2019-04,1,El Salvador,5
2018-12,2019-04,1,Guatemala,22
2018-12,2019-04,1,Honduras,16
2018-12,2019-04,1,Mexico,1
2018-12,2019-04,1,Venezuela,1
2018-12,2019-04,2,El Salvador,10
2018-12,2019-04,2,Guatemala,62
2018-12,2019-04,2,Honduras,25
2018-12,2019-04,2,India,1
2018-12,2019-04,2,Other,1
2018-12,2019-04,3,El Salvador,4
2018-12,2019-04,3,Guatemala,37
2018-12,2019-04,3,Honduras,19
2018-12,2019-04,3,India,4
2018-12,2019-04,3,Mexico,1
2018-12,2019-04,3,Nicaragua,1
2018-12,2019-04,3,Other,2
2018-12,2019-05,1,El Salvador,1
2018-12,2019-05,1,Guatemala,7
2018-12,2019-05,1,Honduras,3
2018-12,2019-05,2,El Salvador,1
2018-12,2019-05,2,Guatemala,24
2018-12,2019-05,2,Honduras,9
2018-12,2019-05,3,El Salvador,1
2018-12,2019-05,3,Guatemala,16
2018-12,2019-05,3,Honduras,17
2018-12,2019-05,3,India,2
2018-12,2019-06,1,Guatemala,5
2018-12,2019-06,1,Honduras,1
2018-12,2019-06,1,Other,1
2018-12,2019-06,2,El Salvador,2
2018-12,2019-06,2,Guatemala,15
2018-12,2019-06,2,Honduras,2
2018-12,2019-06,2,Mexico,2
2018-12,2019-06,3,El Salvador,1
2018-12,2019-06,3,Guatemala,13
2018-12,2019-06,3,Honduras,5
2018-12,2019-06,3,India,1
2018-12,2019-06,3,Other,1
2018-12,2019-07,1,El Salvador,1
2018-12,2019-07,1,Guatemala,7
2018-12,2019-07,1,Honduras,1
2018-12,2019-07,2,Guatemala,17
2018-12,2019-07,2,Honduras,3
2018-12,2019-07,3,El Salvador,1
2018-12,2019-07,3,Guatemala,11
2018-12,2019-07,3,Honduras,3
2018-12,2019-08,1,El Salvador,1
2018-12,2019-08,1,Guatemala,1
2018-12,2019-08,1,Honduras,3
2018-12,2019-08,2,Guatemala,4
2018-12,2019-08,2,Honduras,2
2018-12,2019-08,2,Nicaragua,1
2018-12,2019-08,3,Guatemala,7
2018-12,2019-08,3,Honduras,2
2018-12,2019-09,1,Guatemala,1
2018-12,2019-09,1,Honduras,1
2018-12,2019-09,2,Guatemala,5
2018-12,2019-09,2,Honduras,2
2018-12,2019-09,3,Guatemala,3
2018-12,2019-09,3,Honduras,3
2018-12,2019-10,1,Guatemala,2
2018-12,2019-10,2,Guatemala,2
2018-12,2019-10,2,Honduras,5
2018-12,2019-10,3,Guatemala,2
2018-12,2019-10,3,Honduras,2
2018-12,2019-11,2,Other,1
2018-12,2019-11,3,Guatemala,4
2018-12,2019-11,3,Honduras,1
2018-12,2019-12,2,Guatemala,1
2018-12,2019-12,3,Guatemala,1
2018-12,2020-01,1,Honduras,1
2018-12,2020-01,2,Guatemala,1
2018-12,2020-01,3,Guatemala,1
2018-12,2020-01,3,Honduras,1
2018-12,2020-02,1,Honduras,1
2018-12,2020-02,3,Guatemala,1
2018-12,2020-03,2,Guatemala,1
2018-12,2020-05,3,Honduras,1
2018-12,2020-06,3,Honduras,1
2018-12,2020-07,2,Honduras,1
2018-12,2020-12,3,Honduras,1
2019-01,2019-01,1,Ecuador,1
2019-01,2019-01,1,El Salvador,6
2019-01,2019-01,1,Guatemala,31
2019-01,2019-01,1,Honduras,20
2019-01,2019-01,1,Mexico,3
2019-01,2019-01,1,Nicaragua,1
2019-01,2019-01,1,Other,1
2019-01,2019-01,2,Ecuador,1
2019-01,2019-01,2,El Salvador,5
2019-01,2019-01,2,Guatemala,23
2019-01,2019-01,2,Honduras,7
2019-01,2019-01,2,India,2
2019-01,2019-01,2,Mexico,2
2019-01,2019-01,2,Other,1
2019-01,2019-01,3,Cuba,1
2019-01,2019-01,3,El Salvador,1
2019-01,2019-01,3,Honduras,1
2019-01,2019-02,1,Cuba,1
2019-01,2019-02,1,Ecuador,12
2019-01,2019-02,1,El Salvador,157
2019-01,2019-02,1,Guatemala,448
2019-01,2019-02,1,Honduras,358
2019-01,2019-02,1,Mexico,18
2019-01,2019-02,1,Nicaragua,11
2019-01,2019-02,1,Other,6
2019-01,2019-02,2,Ecuador,2
2019-01,2019-02,2,El Salvador,105
2019-01,2019-02,2,Guatemala,545
2019-01,2019-02,2,Honduras,209
2019-01,2019-02,2,India,4
2019-01,2019-02,2,Mexico,14
2019-01,2019-02,2,Nicaragua,5
2019-01,2019-02,2,Other,7
2019-01,2019-02,2,Venezuela,1
2019-01,2019-02,3,Ecuador,1
2019-01,2019-02,3,El Salvador,10
2019-01,2019-02,3,Guatemala,14
2019-01,2019-02,3,Honduras,7
2019-01,2019-02,3,India,3
2019-01,2019-02,3,Other,1
2019-01,2019-02,4,El Salvador,1
2019-01,2019-02,4,Guatemala,2
2019-01,2019-02,4,Honduras,1
2019-01,2019-03,1,Ecuador,6
2019-01,2019-03,1,El Salvador,80
2019-01,2019-03,1,Guatemala,272
2019-01,2019-03,1,Honduras,153
2019-01,2019-03,1,Mexico,10
2019-01,2019-03,1,Nicaragua,8
2019-01,2019-03,1,Other,8
2019-01,2019-03,2,Ecuador,1
2019-01,2019-03,2,El Salvador,92
2019-01,2019-03,2,Guatemala,493
2019-01,2019-03,2,Honduras,177
2019-01,2019-03,2,India,3
2019-01,2019-03,2,Mexico,8
2019-01,2019-03,2,Nicaragua,7
2019-01,2019-03,2,Other,7
2019-01,2019-03,3,El Salvador,13
2019-01,2019-03,3,Guatemala,62
2019-01,2019-03,3,Honduras,24
2019-01,2019-03,3,India,4
2019-01,2019-03,3,Mexico,3
2019-01,2019-03,3,Nicaragua,3
2019-01,2019-03,3,Other,4
2019-01,2019-03,4,Guatemala,1
2019-01,2019-03,4,Honduras,1
2019-01,2019-04,1,El Salvador,12
2019-01,2019-04,1,Guatemala,50
2019-01,2019-04,1,Honduras,31
2019-01,2019-04,1,Mexico,2
2019-01,2019-04,1,Nicaragua,1
2019-01,2019-04,1,Other,1
2019-01,2019-04,2,El Salvador,10
2019-01,2019-04,2,Guatemala,120
2019-01,2019-04,2,Honduras,49
2019-01,2019-04,2,India,1
2019-01,2019-04,2,Mexico,4
2019-01,2019-04,2,Other,3
2019-01,2019-04,3,El Salvador,7
2019-01,2019-04,3,Guatemala,61
2019-01,2019-04,3,Honduras,22
2019-01,2019-04,3,India,4
2019-01,2019-04,3,Mexico,1
2019-01,2019-04,3,Nicaragua,1
2019-01,2019-04,3,Other,3
2019-01,2019-05,1,El Salvador,5
2019-01,2019-05,1,Guatemala,20
2019-01,2019-05,1,Honduras,20
2019-01,2019-05,2,El Salvador,3
2019-01,2019-05,2,Guatemala,37
2019-01,2019-05,2,Honduras,13
2019-01,2019-05,2,Nicaragua,1
2019-01,2019-05,2,Other,1
2019-01,2019-05,3,El Salvador,4
2019-01,2019-05,3,Guatemala,22
2019-01,2019-05,3,Honduras,13
2019-01,2019-05,3,Mexico,1
2019-01,2019-05,3,Other,1
2019-01,2019-06,1,El Salvador,1
2019-01,2019-06,1,Guatemala,1
2019-01,2019-06,1,Honduras,4
2019-01,2019-06,1,Other,1
2019-01,2019-06,2,El Salvador,3
2019-01,2019-06,2,Guatemala,26
2019-01,2019-06,2,Honduras,6
2019-01,2019-06,3,El Salvador,1
2019-01,2019-06,3,Guatemala,17
2019-01,2019-06,3,Honduras,9
2019-01,2019-06,3,Mexico,1
2019-01,2019-07,1,Guatemala,4
2019-01,2019-07,1,Honduras,2
2019-01,2019-07,2,El Salvador,1
2019-01,2019-07,2,Guatemala,11
2019-01,2019-07,2,Honduras,5
2019-01,2019-07,3,Guatemala,8
2019-01,2019-07,3,Honduras,7
2019-01,2019-08,1,Guatemala,4
2019-01,2019-08,1,Honduras,2
2019-01,2019-08,2,El Salvador,1
2019-01,2019-08,2,Guatemala,8
2019-01,2019-08,2,Honduras,2
2019-01,2019-08,2,Other,1
2019-01,2019-08,3,El Salvador,1
2019-01,2019-08,3,Guatemala,12
2019-01,2019-08,3,Honduras,2
2019-01,2019-08,3,Nicaragua,1
2019-01,2019-09,1,El Salvador,1
2019-01,2019-09,2,Guatemala,4
2019-01,2019-09,2,Honduras,1
2019-01,2019-09,3,El Salvador,1
2019-01,2019-09,3,Guatemala,2
2019-01,2019-09,3,Honduras,2
2019-01,2019-10,1,Guatemala,1
2019-01,2019-10,2,Honduras,1
2019-01,2019-10,3,Guatemala,2
2019-01,2019-10,3,Honduras,5
2019-01,2019-11,1,Honduras,1
2019-01,2019-11,2,Guatemala,1
2019-01,2019-11,3,Guatemala,1
2019-01,2019-11,3,Honduras,1
2019-01,2019-12,3,Guatemala,3
2019-01,2020-01,2,Honduras,1
2019-01,2020-01,3,Honduras,2
2019-01,2020-03,3,Guatemala,2
2019-01,2020-05,2,Guatemala,1
2019-01,2020-06,3,Cuba,1
2019-01,2020-07,2,Guatemala,1
2019-01,2020-09,3,Guatemala,1
2019-02,2019-02,1,Ecuador,1
2019-02,2019-02,1,El Salvador,20
2019-02,2019-02,1,Guatemala,89
2019-02,2019-02,1,Honduras,74
2019-02,2019-02,1,Mexico,5
2019-02,2019-02,1,Nicaragua,4
2019-02,2019-02,1,Venezuela,1
2019-02,2019-02,2,Colombia,1
2019-02,2019-02,2,Ecuador,2
2019-02,2019-02,2,El Salvador,21
2019-02,2019-02,2,Guatemala,88
2019-02,2019-02,2,Honduras,30
2019-02,2019-02,2,India,1
2019-02,2019-02,2,Other,2
2019-02,2019-02,3,Guatemala,3
2019-02,2019-02,3,Other,1
2019-02,2019-03,1,Ecuador,23
2019-02,2019-03,1,El Salvador,301
2019-02,2019-03,1,Guatemala,660
2019-02,2019-03,1,Honduras,560
2019-02,2019-03,1,Mexico,27
2019-02,2019-03,1,Nicaragua,24
2019-02,2019-03,1,Other,7
2019-02,2019-03,2,Ecuador,9
2019-02,2019-03,2,El Salvador,200
2019-02,2019-03,2,Guatemala,861
2019-02,2019-03,2,Honduras,386
2019-02,2019-03,2,India,6
2019-02,2019-03,2,Mexico,15
2019-02,2019-03,2,Nicaragua,8
2019-02,2019-03,2,Other,6
2019-02,2019-03,3,Ecuador,1
2019-02,2019-03,3,El Salvador,16
2019-02,2019-03,3,Guatemala,24
2019-02,2019-03,3,Honduras,17
2019-02,2019-03,3,India,1
2019-02,2019-03,3,Other,2
2019-02,2019-04,1,Ecuador,1
2019-02,2019-04,1,El Salvador,55
2019-02,2019-04,1,Guatemala,165
2019-02,2019-04,1,Honduras,171
2019-02,2019-04,1,India,1
2019-02,2019-04,1,Mexico,10
2019-02,2019-04,1,Nicaragua,3
2019-02,2019-04,1,Other,5
2019-02,2019-04,1,Venezuela,1
2019-02,2019-04,2,Ecuador,6
2019-02,2019-04,2,El Salvador,92
2019-02,2019-04,2,Guatemala,470
2019-02,2019-04,2,Honduras,207
2019-02,2019-04,2,India,7
2019-02,2019-04,2,Mexico,8
2019-02,2019-04,2,Nicaragua,6
2019-02,2019-04,2,Other,6
2019-02,2019-04,3,Ecuador,1
2019-02,2019-04,3,El Salvador,21
2019-02,2019-04,3,Guatemala,64
2019-02,2019-04,3,Honduras,39
2019-02,2019-04,3,India,7
2019-02,2019-04,3,Mexico,3
2019-02,2019-04,3,Nicaragua,3
2019-02,2019-04,3,Other,4
2019-02,2019-04,4,Guatemala,2
2019-02,2019-05,1,Ecuador,1
2019-02,2019-05,1,El Salvador,14
2019-02,2019-05,1,Guatemala,44
2019-02,2019-05,1,Honduras,40
2019-02,2019-05,1,Mexico,1
2019-02,2019-05,1,Nicaragua,1
2019-02,2019-05,2,Ecuador,1
2019-02,2019-05,2,El Salvador,16
2019-02,2019-05,2,Guatemala,125
2019-02,2019-05,2,Honduras,67
2019-02,2019-05,2,India,2
2019-02,2019-05,2,Mexico,2
2019-02,2019-05,2,Nicaragua,1
2019-02,2019-05,3,Ecuador,2
2019-02,2019-05,3,El Salvador,14
2019-02,2019-05,3,Guatemala,45
2019-02,2019-05,3,Honduras,25
2019-02,2019-05,3,India,5
2019-02,2019-05,3,Mexico,1
2019-02,2019-05,3,Other,2
2019-02,2019-06,1,Ecuador,1
2019-02,2019-06,1,El Salvador,1
2019-02,2019-06,1,Guatemala,10
2019-02,2019-06,1,Honduras,10
2019-02,2019-06,2,Ecuador,1
2019-02,2019-06,2,El Salvador,3
2019-02,2019-06,2,Guatemala,37
2019-02,2019-06,2,Honduras,17
2019-02,2019-06,2,India,1
2019-02,2019-06,2,Other,3
2019-02,2019-06,3,El Salvador,8
2019-02,2019-06,3,Guatemala,28
2019-02,2019-06,3,Honduras,15
2019-02,2019-06,3,India,2
2019-02,2019-06,3,Mexico,2
2019-02,2019-06,3,Nicaragua,1
2019-02,2019-07,1,Guatemala,2
2019-02,2019-07,1,Honduras,3
2019-02,2019-07,2,Guatemala,21
2019-02,2019-07,2,Honduras,7
2019-02,2019-07,2,India,3
2019-02,2019-07,3,El Salvador,2
2019-02,2019-07,3,Guatemala,18
2019-02,2019-07,3,Honduras,12
2019-02,2019-07,3,India,1
2019-02,2019-08,1,El Salvador,2
2019-02,2019-08,1,Guatemala,1
2019-02,2019-08,1,Honduras,2
2019-02,2019-08,2,Guatemala,11
2019-02,2019-08,2,Honduras,4
2019-02,2019-08,3,El Salvador,1
2019-02,2019-08,3,Guatemala,15
2019-02,2019-08,3,Honduras,6
2019-02,2019-08,3,India,2
2019-02,2019-09,2,El Salvador,4
2019-02,2019-09,2,Guatemala,3
2019-02,2019-09,2,Honduras,4
2019-02,2019-09,3,El Salvador,1
2019-02,2019-09,3,Guatemala,6
2019-02,2019-09,3,Honduras,2
2019-02,2019-09,3,India,1
2019-02,2019-09,3,Mexico,2
2019-02,2019-10,2,Guatemala,3
2019-02,2019-10,2,Honduras,2
2019-02,2019-10,3,Guatemala,3
2019-02,2019-10,3,Honduras,4
2019-02,2019-11,2,Guatemala,1
2019-02,2019-11,2,Honduras,2
2019-02,2019-11,3,El Salvador,3
2019-02,2019-11,3,Guatemala,2
2019-02,2019-11,3,Honduras,1
2019-02,2019-11,3,Other,1
2019-02,2019-12,1,El Salvador,1
2019-02,2019-12,1,Honduras,2
2019-02,2019-12,2,Guatemala,1
2019-02,2019-12,2,Mexico,1
2019-02,2019-12,3,Guatemala,1
2019-02,2019-12,3,Honduras,1
2019-02,2020-01,1,Honduras,1
2019-02,2020-01,2,Guatemala,1
2019-02,2020-01,3,Guatemala,1
2019-02,2020-01,3,Honduras,2
2019-02,2020-02,3,Guatemala,1
2019-02,2020-07,3,Honduras,1
2019-03,2019-03,1,Colombia,1
2019-03,2019-03,1,Ecuador,7
2019-03,2019-03,1,El Salvador,133
2019-03,2019-03,1,Guatemala,264
2019-03,2019-03,1,Honduras,240
2019-03,2019-03,1,India,1
2019-03,2019-03,1,Mexico,10
2019-03,2019-03,1,Nicaragua,14
2019-03,2019-03,1,Other,3
2019-03,2019-03,1,Venezuela,2
2019-03,2019-03,2,Ecuador,2
2019-03,2019-03,2,El Salvador,53
2019-03,2019-03,2,Guatemala,169
2019-03,2019-03,2,Honduras,66
2019-03,2019-03,2,Mexico,1
2019-03,2019-03,2,Nicaragua,3
2019-03,2019-03,2,Other,1
2019-03,2019-03,3,El Salvador,3
2019-03,2019-03,3,Guatemala,3
2019-03,2019-03,3,Honduras,3
2019-03,2019-03,3,Other,1
2019-03,2019-04,1,Colombia,1
2019-03,2019-04,1,Cuba,1
2019-03,2019-04,1,Ecuador,44
2019-03,2019-04,1,El Salvador,429
2019-03,2019-04,1,Guatemala,876
2019-03,2019-04,1,Honduras,690
2019-03,2019-04,1,Mexico,27
2019-03,2019-04,1,Nicaragua,35
2019-03,2019-04,1,Other,6
2019-03,2019-04,1,Venezuela,3
2019-03,2019-04,2,Ecuador,16
2019-03,2019-04,2,El Salvador,339
2019-03,2019-04,2,Guatemala,1089
2019-03,2019-04,2,Honduras,462
2019-03,2019-04,2,India,4
2019-03,2019-04,2,Mexico,16
2019-03,2019-04,2,Nicaragua,13
2019-03,2019-04,2,Other,11
2019-03,2019-04,3,Cuba,1
2019-03,2019-04,3,El Salvador,18
2019-03,2019-04,3,Guatemala,50
2019-03,2019-04,3,Honduras,34
2019-03,2019-04,3,Other,1
2019-03,2019-05,1,Ecuador,6
2019-03,2019-05,1,El Salvador,53
2019-03,2019-05,1,Guatemala,121
2019-03,2019-05,1,Honduras,113
2019-03,2019-05,1,Mexico,4
2019-03,2019-05,1,Nicaragua,5
2019-03,2019-05,1,Other,3
2019-03,2019-05,2,Cuba,1
2019-03,2019-05,2,Ecuador,14
2019-03,2019-05,2,El Salvador,132
2019-03,2019-05,2,Guatemala,554
2019-03,2019-05,2,Honduras,282
2019-03,2019-05,2,India,1
2019-03,2019-05,2,Mexico,17
2019-03,2019-05,2,Nicaragua,6
2019-03,2019-05,2,Other,6
2019-03,2019-05,3,El Salvador,25
2019-03,2019-05,3,Guatemala,81
2019-03,2019-05,3,Honduras,66
2019-03,2019-05,3,India,3
2019-03,2019-05,3,Mexico,1
2019-03,2019-05,3,Nicaragua,3
2019-03,2019-05,3,Other,2
2019-03,2019-06,1,El Salvador,12
2019-03,2019-06,1,Guatemala,27
2019-03,2019-06,1,Honduras,40
2019-03,2019-06,1,Mexico,2
2019-03,2019-06,1,Other,2
2019-03,2019-06,2,El Salvador,28
2019-03,2019-06,2,Guatemala,137
2019-03,2019-06,2,Honduras,75
2019-03,2019-06,2,India,1
2019-03,2019-06,2,Mexico,1
2019-03,2019-06,2,Nicaragua,2
2019-03,2019-06,2,Other,3
2019-03,2019-06,3,Ecuador,3
2019-03,2019-06,3,El Salvador,15
2019-03,2019-06,3,Guatemala,72
2019-03,2019-06,3,Honduras,56
2019-03,2019-06,3,India,4
2019-03,2019-06,3,Mexico,1
2019-03,2019-07,1,Ecuador,1
2019-03,2019-07,1,El Salvador,2
2019-03,2019-07,1,Guatemala,10
2019-03,2019-07,1,Honduras,9
2019-03,2019-07,1,Mexico,2
2019-03,2019-07,2,El Salvador,7
2019-03,2019-07,2,Guatemala,40
2019-03,2019-07,2,Honduras,26
2019-03,2019-07,2,Mexico,2
2019-03,2019-07,2,Venezuela,1
2019-03,2019-07,3,El Salvador,7
2019-03,2019-07,3,Guatemala,40
2019-03,2019-07,3,Honduras,25
2019-03,2019-07,3,India,2
2019-03,2019-07,3,Mexico,2
2019-03,2019-07,3,Nicaragua,2
2019-03,2019-07,3,Other,2
2019-03,2019-08,1,El Salvador,1
2019-03,2019-08,1,Guatemala,6
2019-03,2019-08,1,Honduras,5
2019-03,2019-08,1,Mexico,1
2019-03,2019-08,2,Ecuador,1
2019-03,2019-08,2,El Salvador,3
2019-03,2019-08,2,Guatemala,22
2019-03,2019-08,2,Honduras,21
2019-03,2019-08,3,El Salvador,3
2019-03,2019-08,3,Guatemala,27
2019-03,2019-08,3,Honduras,23
2019-03,2019-08,3,India,2
2019-03,2019-08,3,Nicaragua,1
2019-03,2019-08,3,Other,1
2019-03,2019-09,1,El Salvador,2
2019-03,2019-09,1,Guatemala,2
2019-03,2019-09,1,Honduras,2
2019-03,2019-09,2,El Salvador,3
2019-03,2019-09,2,Guatemala,8
2019-03,2019-09,2,Honduras,8
2019-03,2019-09,2,Mexico,2
2019-03,2019-09,3,El Salvador,2
2019-03,2019-09,3,Guatemala,9
2019-03,2019-09,3,Honduras,4
2019-03,2019-09,3,Mexico,1
2019-03,2019-10,1,Guatemala,2
2019-03,2019-10,1,Honduras,2
2019-03,2019-10,2,El Salvador,1
2019-03,2019-10,2,Guatemala,8
2019-03,2019-10,2,Honduras,3
2019-03,2019-10,3,El Salvador,1
2019-03,2019-10,3,Guatemala,9
2019-03,2019-10,3,Honduras,3
2019-03,2019-10,3,Nicaragua,1
2019-03,2019-11,1,El Salvador,1
2019-03,2019-11,1,Honduras,3
2019-03,2019-11,2,Guatemala,2
2019-03,2019-11,2,Honduras,1
2019-03,2019-11,3,Guatemala,6
2019-03,2019-11,3,Honduras,1
2019-03,2019-12,1,Guatemala,5
2019-03,2019-12,2,Guatemala,1
2019-03,2019-12,3,El Salvador,2
2019-03,2019-12,3,Guatemala,1
2019-03,2019-12,3,Honduras,3
2019-03,2019-12,3,Other,1
2019-03,2020-01,1,Honduras,1
2019-03,2020-01,2,El Salvador,1
2019-03,2020-01,2,Guatemala,1
2019-03,2020-01,3,Honduras,1
2019-03,2020-02,3,Guatemala,4
2019-03,2020-02,3,Honduras,2
2019-03,2020-03,2,Guatemala,2
2019-03,2020-04,2,Guatemala,1
2019-03,2020-04,2,Honduras,1
2019-03,2020-04,2,Mexico,1
2019-03,2020-05,3,Honduras,1
2019-03,2020-06,1,Guatemala,1
2019-03,2020-06,3,Guatemala,1
2019-03,2020-06,3,Honduras,1
2019-03,2020-07,3,Guatemala,1
2019-03,2020-09,3,Guatemala,1
2019-03,2020-09,3,Honduras,1
2019-03,2021-05,3,Honduras,1
2019-04,2019-04,1,Cuba,2
2019-04,2019-04,1,Ecuador,38
2019-04,2019-04,1,El Salvador,218
2019-04,2019-04,1,Guatemala,383
2019-04,2019-04,1,Honduras,366
2019-04,2019-04,1,Mexico,9
2019-04,2019-04,1,Nicaragua,15
2019-04,2019-04,1,Other,1
2019-04,2019-04,2,Cuba,1
2019-04,2019-04,2,Ecuador,7
2019-04,2019-04,2,El Salvador,47
2019-04,2019-04,2,Guatemala,161
2019-04,2019-04,2,Honduras,71
2019-04,2019-04,2,Mexico,1
2019-04,2019-04,2,Nicaragua,2
2019-04,2019-04,2,Other,1
2019-04,2019-04,3,El Salvador,1
2019-04,2019-04,3,Guatemala,5
2019-04,2019-04,3,Honduras,4
2019-04,2019-04,3,India,1
2019-04,2019-05,1,Cuba,3
2019-04,2019-05,1,Ecuador,60
2019-04,2019-05,1,El Salvador,538
2019-04,2019-05,1,Guatemala,805
2019-04,2019-05,1,Honduras,772
2019-04,2019-05,1,Mexico,23
2019-04,2019-05,1,Nicaragua,18
2019-04,2019-05,1,Other,12
2019-04,2019-05,1,Venezuela,1
2019-04,2019-05,2,Cuba,1
2019-04,2019-05,2,Ecuador,26
2019-04,2019-05,2,El Salvador,448
2019-04,2019-05,2,Guatemala,970
2019-04,2019-05,2,Honduras,491
2019-04,2019-05,2,India,2
2019-04,2019-05,2,Mexico,12
2019-04,2019-05,2,Nicaragua,17
2019-04,2019-05,2,Other,8
2019-04,2019-05,2,Venezuela,1
2019-04,2019-05,3,Cuba,1
2019-04,2019-05,3,Ecuador,2
2019-04,2019-05,3,El Salvador,26
2019-04,2019-05,3,Guatemala,60
2019-04,2019-05,3,Honduras,24
2019-04,2019-05,3,Mexico,1
2019-04,2019-05,3,Nicaragua,3
2019-04,2019-05,3,Other,7
2019-04,2019-06,1,Ecuador,9
2019-04,2019-06,1,El Salvador,81
2019-04,2019-06,1,Guatemala,143
2019-04,2019-06,1,Honduras,102
2019-04,2019-06,1,Mexico,15
2019-04,2019-06,1,Nicaragua,7
2019-04,2019-06,1,Other,4
2019-04,2019-06,1,Venezuela,1
2019-04,2019-06,2,Ecuador,3
2019-04,2019-06,2,El Salvador,202
2019-04,2019-06,2,Guatemala,504
2019-04,2019-06,2,Honduras,269
2019-04,2019-06,2,Mexico,13
2019-04,2019-06,2,Nicaragua,6
2019-04,2019-06,2,Other,6
2019-04,2019-06,3,Cuba,1
2019-04,2019-06,3,Ecuador,2
2019-04,2019-06,3,El Salvador,44
2019-04,2019-06,3,Guatemala,104
2019-04,2019-06,3,Honduras,56
2019-04,2019-06,3,India,4
2019-04,2019-06,3,Mexico,5
2019-04,2019-06,3,Nicaragua,5
2019-04,2019-06,3,Other,2
2019-04,2019-07,1,El Salvador,9
2019-04,2019-07,1,Guatemala,48
2019-04,2019-07,1,Honduras,22
2019-04,2019-07,1,Mexico,3
2019-04,2019-07,1,Nicaragua,1
2019-04,2019-07,2,El Salvador,30
2019-04,2019-07,2,Guatemala,126
2019-04,2019-07,2,Honduras,84
2019-04,2019-07,2,Mexico,2
2019-04,2019-07,2,Nicaragua,4
2019-04,2019-07,2,Other,6
2019-04,2019-07,3,Cuba,1
2019-04,2019-07,3,El Salvador,20
2019-04,2019-07,3,Guatemala,56
2019-04,2019-07,3,Honduras,45
2019-04,2019-07,3,India,1
2019-04,2019-07,3,Mexico,1
2019-04,2019-07,3,Nicaragua,1
2019-04,2019-07,3,Other,4
2019-04,2019-08,1,El Salvador,4
2019-04,2019-08,1,Guatemala,7
2019-04,2019-08,1,Honduras,12
2019-04,2019-08,1,Mexico,1
2019-04,2019-08,1,Other,2
2019-04,2019-08,2,El Salvador,8
2019-04,2019-08,2,Guatemala,51
2019-04,2019-08,2,Honduras,35
2019-04,2019-08,2,India,1
2019-04,2019-08,2,Mexico,2
2019-04,2019-08,2,Other,3
2019-04,2019-08,3,El Salvador,11
2019-04,2019-08,3,Guatemala,32
2019-04,2019-08,3,Honduras,31
2019-04,2019-08,3,India,2
2019-04,2019-08,3,Mexico,1
2019-04,2019-08,3,Nicaragua,1
2019-04,2019-08,3,Other,3
2019-04,2019-09,1,El Salvador,4
2019-04,2019-09,1,Guatemala,8
2019-04,2019-09,1,Honduras,5
2019-04,2019-09,2,El Salvador,3
2019-04,2019-09,2,Guatemala,22
2019-04,2019-09,2,Honduras,8
2019-04,2019-09,2,Mexico,1
2019-04,2019-09,2,Other,2
2019-04,2019-09,3,Ecuador,1
2019-04,2019-09,3,El Salvador,3
2019-04,2019-09,3,Guatemala,18
2019-04,2019-09,3,Honduras,11
2019-04,2019-09,3,India,1
2019-04,2019-09,3,Other,1
2019-04,2019-10,1,El Salvador,2
2019-04,2019-10,1,Guatemala,2
2019-04,2019-10,1,Honduras,1
2019-04,2019-10,2,Guatemala,9
2019-04,2019-10,2,Honduras,10
2019-04,2019-10,3,El Salvador,2
2019-04,2019-10,3,Guatemala,8
2019-04,2019-10,3,Honduras,16
2019-04,2019-11,1,El Salvador,1
2019-04,2019-11,1,Guatemala,1
2019-04,2019-11,1,Honduras,2
2019-04,2019-11,2,El Salvador,1
2019-04,2019-11,2,Guatemala,5
2019-04,2019-11,2,Honduras,6
2019-04,2019-11,3,El Salvador,2
2019-04,2019-11,3,Guatemala,5
2019-04,2019-11,3,Honduras,9
2019-04,2019-12,1,Guatemala,2
2019-04,2019-12,2,Guatemala,3
2019-04,2019-12,3,Guatemala,4
2019-04,2019-12,3,Honduras,2
2019-04,2020-01,1,Honduras,2
2019-04,2020-01,2,Honduras,1
2019-04,2020-01,2,Nicaragua,1
2019-04,2020-01,3,Honduras,2
2019-04,2020-02,1,El Salvador,1
2019-04,2020-02,2,Guatemala,3
2019-04,2020-02,2,Mexico,1
2019-04,2020-02,3,Guatemala,2
2019-04,2020-02,3,Honduras,2
2019-04,2020-03,3,Guatemala,1
2019-04,2020-03,3,Other,1
2019-04,2020-04,2,Guatemala,1
2019-04,2020-04,3,Guatemala,1
2019-04,2020-05,2,Honduras,1
2019-04,2020-07,2,Honduras,1
2019-04,2020-08,2,Guatemala,1
2019-04,2020-09,3,Honduras,1
2019-04,2021-01,2,Honduras,1
2019-04,2021-01,3,Guatemala,1
2019-04,2022-08,1,Guatemala,1
2019-04,2022-09,3,Guatemala,1
2019-05,2019-05,1,Cuba,5
2019-05,2019-05,1,Ecuador,33
2019-05,2019-05,1,El Salvador,242
2019-05,2019-05,1,Guatemala,383
2019-05,2019-05,1,Honduras,386
2019-05,2019-05,1,Mexico,15
2019-05,2019-05,1,Nicaragua,15
2019-05,2019-05,1,Other,2
2019-05,2019-05,1,Venezuela,4
2019-05,2019-05,2,Ecuador,2
2019-05,2019-05,2,El Salvador,72
2019-05,2019-05,2,Guatemala,218
2019-05,2019-05,2,Honduras,87
2019-05,2019-05,2,India,2
2019-05,2019-05,2,Mexico,1
2019-05,2019-05,2,Nicaragua,5
2019-05,2019-05,2,Other,3
2019-05,2019-05,3,Ecuador,1
2019-05,2019-05,3,El Salvador,3
2019-05,2019-05,3,Guatemala,7
2019-05,2019-05,3,Honduras,2
2019-05,2019-06,1,Colombia,1
2019-05,2019-06,1,Cuba,2
2019-05,2019-06,1,Ecuador,74
2019-05,2019-06,1,El Salvador,534
2019-05,2019-06,1,Guatemala,808
2019-05,2019-06,1,Honduras,721
2019-05,2019-06,1,India,2
2019-05,2019-06,1,Mexico,29
2019-05,2019-06,1,Nicaragua,25
2019-05,2019-06,1,Other,12
2019-05,2019-06,2,Ecuador,23
2019-05,2019-06,2,El Salvador,474
2019-05,2019-06,2,Guatemala,1201
2019-05,2019-06,2,Honduras,608
2019-05,2019-06,2,India,8
2019-05,2019-06,2,Mexico,15
2019-05,2019-06,2,Nicaragua,17
2019-05,2019-06,2,Other,9
2019-05,2019-06,2,Venezuela,2
2019-05,2019-06,3,Ecuador,1
2019-05,2019-06,3,El Salvador,34
2019-05,2019-06,3,Guatemala,66
2019-05,2019-06,3,Honduras,45
2019-05,2019-06,3,India,5
2019-05,2019-06,3,Mexico,2
2019-05,2019-06,3,Nicaragua,4
2019-05,2019-06,3,Other,2
2019-05,2019-07,1,Colombia,1
2019-05,2019-07,1,Ecuador,5
2019-05,2019-07,1,El Salvador,50
2019-05,2019-07,1,Guatemala,124
2019-05,2019-07,1,Honduras,104
2019-05,2019-07,1,India,2
2019-05,2019-07,1,Mexico,4
2019-05,2019-07,1,Nicaragua,5
2019-05,2019-07,1,Other,2
2019-05,2019-07,2,Ecuador,5
2019-05,2019-07,2,El Salvador,168
2019-05,2019-07,2,Guatemala,466
2019-05,2019-07,2,Honduras,304
2019-05,2019-07,2,India,4
2019-05,2019-07,2,Mexico,14
2019-05,2019-07,2,Nicaragua,14
2019-05,2019-07,2,Other,7
2019-05,2019-07,2,Venezuela,1
2019-05,2019-07,3,Cuba,1
2019-05,2019-07,3,Ecuador,1
2019-05,2019-07,3,El Salvador,52
2019-05,2019-07,3,Guatemala,126
2019-05,2019-07,3,Honduras,85
2019-05,2019-07,3,India,9
2019-05,2019-07,3,Mexico,1
2019-05,2019-07,3,Nicaragua,5
2019-05,2019-07,3,Other,3
2019-05,2019-08,1,Ecuador,2
2019-05,2019-08,1,El Salvador,13
2019-05,2019-08,1,Guatemala,23
2019-05,2019-08,1,Honduras,26
2019-05,2019-08,1,Mexico,2
2019-05,2019-08,1,Nicaragua,3
2019-05,2019-08,1,Other,1
2019-05,2019-08,1,Venezuela,1
2019-05,2019-08,2,Cuba,1
2019-05,2019-08,2,Ecuador,1
2019-05,2019-08,2,El Salvador,35
2019-05,2019-08,2,Guatemala,114
2019-05,2019-08,2,Honduras,68
2019-05,2019-08,2,India,4
2019-05,2019-08,2,Mexico,2
2019-05,2019-08,2,Nicaragua,3
2019-05,2019-08,2,Other,2
2019-05,2019-08,3,El Salvador,18
2019-05,2019-08,3,Guatemala,62
2019-05,2019-08,3,Honduras,42
2019-05,2019-08,3,India,8
2019-05,2019-08,3,Nicaragua,3
2019-05,2019-08,3,Other,4
2019-05,2019-09,1,El Salvador,6
2019-05,2019-09,1,Guatemala,15
2019-05,2019-09,1,Honduras,9
2019-05,2019-09,1,Mexico,1
2019-05,2019-09,2,Ecuador,1
2019-05,2019-09,2,El Salvador,10
2019-05,2019-09,2,Guatemala,31
2019-05,2019-09,2,Honduras,27
2019-05,2019-09,2,Mexico,2
2019-05,2019-09,2,Nicaragua,2
2019-05,2019-09,2,Other,1
2019-05,2019-09,3,El Salvador,11
2019-05,2019-09,3,Guatemala,36
2019-05,2019-09,3,Honduras,28
2019-05,2019-09,3,India,4
2019-05,2019-09,3,Mexico,1
2019-05,2019-09,3,Nicaragua,2
2019-05,2019-09,3,Other,2
2019-05,2019-10,1,Ecuador,1
2019-05,2019-10,1,El Salvador,1
2019-05,2019-10,1,Guatemala,2
2019-05,2019-10,1,Honduras,10
2019-05,2019-10,1,Other,1
2019-05,2019-10,2,El Salvador,2
2019-05,2019-10,2,Guatemala,17
2019-05,2019-10,2,Honduras,9
2019-05,2019-10,2,Nicaragua,1
2019-05,2019-10,2,Other,1
2019-05,2019-10,3,El Salvador,4
2019-05,2019-10,3,Guatemala,18
2019-05,2019-10,3,Honduras,14
2019-05,2019-10,3,India,1
2019-05,2019-10,3,Nicaragua,2
2019-05,2019-10,3,Other,1
2019-05,2019-11,1,El Salvador,1
2019-05,2019-11,1,Guatemala,2
2019-05,2019-11,1,Honduras,4
2019-05,2019-11,1,Mexico,1
2019-05,2019-11,2,Guatemala,17
2019-05,2019-11,2,Honduras,6
2019-05,2019-11,2,Nicaragua,1
2019-05,2019-11,3,Guatemala,22
2019-05,2019-11,3,Honduras,11
2019-05,2019-12,1,Guatemala,1
2019-05,2019-12,2,Guatemala,6
2019-05,2019-12,2,Honduras,1
2019-05,2019-12,3,Guatemala,2
2019-05,2019-12,3,Honduras,6
2019-05,2020-01,1,Honduras,1
2019-05,2020-01,2,Guatemala,4
2019-05,2020-01,2,Honduras,3
2019-05,2020-01,3,Honduras,1
2019-05,2020-01,3,Other,1
2019-05,2020-02,1,Guatemala,1
2019-05,2020-02,2,Guatemala,6
2019-05,2020-02,2,Honduras,3
2019-05,2020-02,3,Guatemala,2
2019-05,2020-02,3,Honduras,4
2019-05,2020-03,2,Honduras,3
2019-05,2020-03,3,Honduras,2
2019-05,2020-04,1,Honduras,1
2019-05,2020-04,2,Honduras,2
2019-05,2020-04,3,Guatemala,1
2019-05,2020-04,3,Honduras,1
2019-05,2020-05,2,Guatemala,1
2019-05,2020-05,3,Guatemala,1
2019-05,2020-06,2,Guatemala,1
2019-05,2020-07,1,Honduras,1
2019-05,2020-07,2,Guatemala,1
2019-05,2020-07,2,Honduras,1
2019-05,2020-07,3,Guatemala,1
2019-05,2020-08,2,Guatemala,1
2019-05,2020-09,3,Guatemala,1
2019-05,2020-11,3,Honduras,1
2019-05,2021-01,3,Guatemala,1
2019-05,2021-05,1,El Salvador,1
2019-05,2022-05,3,Honduras,1
2019-06,2019-06,1,Ecuador,26
2019-06,2019-06,1,El Salvador,233
2019-06,2019-06,1,Guatemala,407
2019-06,2019-06,1,Honduras,357
2019-06,2019-06,1,India,1
2019-06,2019-06,1,Mexico,8
2019-06,2019-06,1,Nicaragua,12
2019-06,2019-06,1,Other,6
2019-06,2019-06,1,Venezuela,1
2019-06,2019-06,2,Ecuador,2
2019-06,2019-06,2,El Salvador,137
2019-06,2019-06,2,Guatemala,257
2019-06,2019-06,2,Honduras,117
2019-06,2019-06,2,India,4
2019-06,2019-06,2,Mexico,4
2019-06,2019-06,2,Nicaragua,2
2019-06,2019-06,3,El Salvador,3
2019-06,2019-06,3,Guatemala,10
2019-06,2019-06,3,Honduras,3
2019-06,2019-06,3,India,2
2019-06,2019-07,1,Cuba,3
2019-06,2019-07,1,Ecuador,95
2019-06,2019-07,1,El Salvador,592
2019-06,2019-07,1,Guatemala,785
2019-06,2019-07,1,Honduras,755
2019-06,2019-07,1,India,2
2019-06,2019-07,1,Mexico,34
2019-06,2019-07,1,Nicaragua,24
2019-06,2019-07,1,Other,6
2019-06,2019-07,1,Venezuela,3
2019-06,2019-07,2,Cuba,2
2019-06,2019-07,2,Ecuador,24
2019-06,2019-07,2,El Salvador,574
2019-06,2019-07,2,Guatemala,1059
2019-06,2019-07,2,Honduras,631
2019-06,2019-07,2,India,20
2019-06,2019-07,2,Mexico,14
2019-06,2019-07,2,Nicaragua,32
2019-06,2019-07,2,Other,12
2019-06,2019-07,3,Cuba,1
2019-06,2019-07,3,Ecuador,1
2019-06,2019-07,3,El Salvador,58
2019-06,2019-07,3,Guatemala,87
2019-06,2019-07,3,Honduras,53
2019-06,2019-07,3,India,18
2019-06,2019-07,3,Mexico,4
2019-06,2019-07,3,Nicaragua,2
2019-06,2019-07,3,Other,2
2019-06,2019-08,1,Cuba,3
2019-06,2019-08,1,Ecuador,9
2019-06,2019-08,1,El Salvador,49
2019-06,2019-08,1,Guatemala,96
2019-06,2019-08,1,Honduras,96
2019-06,2019-08,1,Mexico,14
2019-06,2019-08,1,Nicaragua,1
2019-06,2019-08,1,Other,10
2019-06,2019-08,2,Cuba,2
2019-06,2019-08,2,Ecuador,7
2019-06,2019-08,2,El Salvador,124
2019-06,2019-08,2,Guatemala,237
2019-06,2019-08,2,Honduras,176
2019-06,2019-08,2,India,13
2019-06,2019-08,2,Mexico,10
2019-06,2019-08,2,Nicaragua,6
2019-06,2019-08,2,Other,6
2019-06,2019-08,2,Venezuela,1
2019-06,2019-08,3,Cuba,1
2019-06,2019-08,3,Ecuador,2
2019-06,2019-08,3,El Salvador,55
2019-06,2019-08,3,Guatemala,99
2019-06,2019-08,3,Honduras,73
2019-06,2019-08,3,India,25
2019-06,2019-08,3,Mexico,5
2019-06,2019-08,3,Nicaragua,2
2019-06,2019-08,3,Other,6
2019-06,2019-08,3,Venezuela,2
2019-06,2019-09,1,Ecuador,1
2019-06,2019-09,1,El Salvador,22
2019-06,2019-09,1,Guatemala,42
2019-06,2019-09,1,Honduras,38
2019-06,2019-09,1,Mexico,3
2019-06,2019-09,1,Other,1
2019-06,2019-09,1,Venezuela,1
2019-06,2019-09,2,Ecuador,2
2019-06,2019-09,2,El Salvador,24
2019-06,2019-09,2,Guatemala,67
2019-06,2019-09,2,Honduras,56
2019-06,2019-09,2,India,2
2019-06,2019-09,2,Mexico,6
2019-06,2019-09,2,Nicaragua,1
2019-06,2019-09,3,El Salvador,26
2019-06,2019-09,3,Guatemala,49
2019-06,2019-09,3,Honduras,45
2019-06,2019-09,3,India,11
2019-06,2019-09,3,Mexico,5
2019-06,2019-09,3,Nicaragua,2
2019-06,2019-09,3,Other,3
2019-06,2019-10,1,El Salvador,5
2019-06,2019-10,1,Guatemala,7
2019-06,2019-10,1,Honduras,5
2019-06,2019-10,1,Mexico,3
2019-06,2019-10,2,Ecuador,1
2019-06,2019-10,2,El Salvador,5
2019-06,2019-10,2,Guatemala,23
2019-06,2019-10,2,Honduras,19
2019-06,2019-10,2,India,2
2019-06,2019-10,2,Mexico,3
2019-06,2019-10,2,Nicaragua,2
2019-06,2019-10,2,Other,1
2019-06,2019-10,3,El Salvador,9
2019-06,2019-10,3,Guatemala,44
2019-06,2019-10,3,Honduras,22
2019-06,2019-10,3,India,5
2019-06,2019-10,3,Nicaragua,2
2019-06,2019-10,3,Other,3
2019-06,2019-11,1,El Salvador,6
2019-06,2019-11,1,Guatemala,3
2019-06,2019-11,1,Honduras,4
2019-06,2019-11,1,Mexico,3
2019-06,2019-11,2,El Salvador,2
2019-06,2019-11,2,Guatemala,15
2019-06,2019-11,2,Honduras,7
2019-06,2019-11,3,Guatemala,16
2019-06,2019-11,3,Honduras,18
2019-06,2019-11,3,India,2
2019-06,2019-11,3,Mexico,1
2019-06,2019-11,3,Other,3
2019-06,2019-12,1,Ecuador,1
2019-06,2019-12,1,Guatemala,2
2019-06,2019-12,1,Honduras,2
2019-06,2019-12,2,El Salvador,1
2019-06,2019-12,2,Guatemala,5
2019-06,2019-12,2,Honduras,6
2019-06,2019-12,3,El Salvador,1
2019-06,2019-12,3,Guatemala,6
2019-06,2019-12,3,Honduras,7
2019-06,2019-12,3,India,1
2019-06,2019-12,3,Mexico,2
2019-06,2019-12,3,Other,2
2019-06,2020-01,1,El Salvador,3
2019-06,2020-01,1,Honduras,2
2019-06,2020-01,1,Mexico,2
2019-06,2020-01,2,Guatemala,2
2019-06,2020-01,2,Honduras,2
2019-06,2020-01,3,El Salvador,2
2019-06,2020-01,3,Guatemala,2
2019-06,2020-01,3,Honduras,4
2019-06,2020-02,1,Honduras,1
2019-06,2020-02,2,Guatemala,4
2019-06,2020-02,2,Honduras,3
2019-06,2020-02,3,El Salvador,1
2019-06,2020-02,3,Guatemala,2
2019-06,2020-03,1,Ecuador,1
2019-06,2020-03,2,Honduras,1
2019-06,2020-03,3,Honduras,2
2019-06,2020-04,2,Guatemala,1
2019-06,2020-04,3,Guatemala,3
2019-06,2020-04,3,Honduras,1
2019-06,2020-05,3,Guatemala,1
2019-06,2020-05,3,Honduras,2
2019-06,2020-06,2,Honduras,1
2019-06,2020-06,3,Guatemala,1
2019-06,2020-07,2,Honduras,2
2019-06,2020-07,3,Honduras,1
2019-06,2020-08,3,Guatemala,1
2019-06,2020-09,2,Honduras,1
2019-06,2020-09,3,El Salvador,1
2019-06,2020-10,1,El Salvador,1
2019-06,2020-10,3,Honduras,1
2019-06,2020-11,3,Honduras,1
2019-06,2020-12,1,Honduras,1
2019-06,2021-01,3,Guatemala,1
2019-06,2021-03,3,El Salvador,1
2019-06,2021-11,1,Honduras,2
2019-07,2019-07,1,Colombia,2
2019-07,2019-07,1,Cuba,1
2019-07,2019-07,1,Ecuador,36
2019-07,2019-07,1,El Salvador,203
2019-07,2019-07,1,Guatemala,200
2019-07,2019-07,1,Honduras,301
2019-07,2019-07,1,India,1
2019-07,2019-07,1,Mexico,14
2019-07,2019-07,1,Nicaragua,7
2019-07,2019-07,1,Other,5
2019-07,2019-07,2,Ecuador,2
2019-07,2019-07,2,El Salvador,111
2019-07,2019-07,2,Guatemala,121
2019-07,2019-07,2,Honduras,116
2019-07,2019-07,2,India,1
2019-07,2019-07,2,Mexico,4
2019-07,2019-07,2,Nicaragua,2
2019-07,2019-07,2,Other,8
2019-07,2019-07,3,El Salvador,4
2019-07,2019-07,3,Guatemala,3
2019-07,2019-07,3,Honduras,3
2019-07,2019-07,3,India,2
2019-07,2019-08,1,Cuba,3
2019-07,2019-08,1,Ecuador,51
2019-07,2019-08,1,El Salvador,333
2019-07,2019-08,1,Guatemala,316
2019-07,2019-08,1,Honduras,530
2019-07,2019-08,1,Mexico,50
2019-07,2019-08,1,Nicaragua,31
2019-07,2019-08,1,Other,22
2019-07,2019-08,1,Venezuela,6
2019-07,2019-08,2,Cuba,2
2019-07,2019-08,2,Ecuador,20
2019-07,2019-08,2,El Salvador,323
2019-07,2019-08,2,Guatemala,475
2019-07,2019-08,2,Honduras,368
2019-07,2019-08,2,India,6
2019-07,2019-08,2,Mexico,16
2019-07,2019-08,2,Nicaragua,8
2019-07,2019-08,2,Other,11
2019-07,2019-08,2,Venezuela,2
2019-07,2019-08,3,Ecuador,2
2019-07,2019-08,3,El Salvador,42
2019-07,2019-08,3,Guatemala,55
2019-07,2019-08,3,Honduras,46
2019-07,2019-08,3,India,10
2019-07,2019-08,3,Mexico,6
2019-07,2019-08,3,Nicaragua,4
2019-07,2019-08,3,Other,4
2019-07,2019-09,1,Ecuador,3
2019-07,2019-09,1,El Salvador,37
2019-07,2019-09,1,Guatemala,54
2019-07,2019-09,1,Honduras,66
2019-07,2019-09,1,Mexico,5
2019-07,2019-09,1,Nicaragua,4
2019-07,2019-09,1,Other,1
2019-07,2019-09,2,Cuba,1
2019-07,2019-09,2,Ecuador,7
2019-07,2019-09,2,El Salvador,68
2019-07,2019-09,2,Guatemala,105
2019-07,2019-09,2,Honduras,111
2019-07,2019-09,2,India,7
2019-07,2019-09,2,Mexico,11
2019-07,2019-09,2,Nicaragua,2
2019-07,2019-09,2,Other,3
2019-07,2019-09,3,Ecuador,1
2019-07,2019-09,3,El Salvador,24
2019-07,2019-09,3,Guatemala,58
2019-07,2019-09,3,Honduras,59
2019-07,2019-09,3,India,16
2019-07,2019-09,3,Mexico,3
2019-07,2019-09,3,Nicaragua,1
2019-07,2019-09,3,Other,3
2019-07,2019-10,1,El Salvador,5
2019-07,2019-10,1,Guatemala,17
2019-07,2019-10,1,Honduras,18
2019-07,2019-10,1,Mexico,1
2019-07,2019-10,2,El Salvador,10
2019-07,2019-10,2,Guatemala,34
2019-07,2019-10,2,Honduras,33
2019-07,2019-10,2,India,1
2019-07,2019-10,2,Mexico,1
2019-07,2019-10,2,Other,6
2019-07,2019-10,3,Ecuador,1
2019-07,2019-10,3,El Salvador,15
2019-07,2019-10,3,Guatemala,34
2019-07,2019-10,3,Honduras,23
2019-07,2019-10,3,India,7
2019-07,2019-10,3,Mexico,2
2019-07,2019-10,3,Nicaragua,2
2019-07,2019-10,3,Other,7
2019-07,2019-11,1,Ecuador,1
2019-07,2019-11,1,El Salvador,5
2019-07,2019-11,1,Guatemala,4
2019-07,2019-11,1,Honduras,11
2019-07,2019-11,1,Other,1
2019-07,2019-11,2,El Salvador,10
2019-07,2019-11,2,Guatemala,13
2019-07,2019-11,2,Honduras,15
2019-07,2019-11,2,Mexico,1
2019-07,2019-11,2,Nicaragua,1
2019-07,2019-11,3,El Salvador,4
2019-07,2019-11,3,Guatemala,12
2019-07,2019-11,3,Honduras,20
2019-07,2019-11,3,India,2
2019-07,2019-11,3,Mexico,1
2019-07,2019-11,3,Other,1
2019-07,2019-12,1,Ecuador,1
2019-07,2019-12,1,El Salvador,4
2019-07,2019-12,1,Honduras,3
2019-07,2019-12,1,Mexico,1
2019-07,2019-12,2,El Salvador,1
2019-07,2019-12,2,Guatemala,5
2019-07,2019-12,2,Honduras,5
2019-07,2019-12,3,Guatemala,5
2019-07,2019-12,3,Honduras,5
2019-07,2019-12,3,India,3
2019-07,2019-12,3,Other,1
2019-07,2020-01,2,Ecuador,1
2019-07,2020-01,2,Honduras,4
2019-07,2020-01,3,Guatemala,3
2019-07,2020-01,3,Honduras,5
2019-07,2020-01,3,India,1
2019-07,2020-02,1,Honduras,2
2019-07,2020-02,2,Guatemala,3
2019-07,2020-02,2,Honduras,3
2019-07,2020-02,3,Guatemala,4
2019-07,2020-02,3,Honduras,3
2019-07,2020-03,2,Guatemala,1
2019-07,2020-03,2,Honduras,1
2019-07,2020-03,3,El Salvador,1
2019-07,2020-03,3,Guatemala,2
2019-07,2020-03,3,Honduras,1
2019-07,2020-04,2,Honduras,3
2019-07,2020-04,3,Guatemala,1
2019-07,2020-05,1,Guatemala,2
2019-07,2020-05,3,Guatemala,1
2019-07,2020-06,2,Guatemala,2
2019-07,2020-07,3,Guatemala,1
2019-07,2020-09,2,Guatemala,1
2019-07,2020-11,3,Mexico,1
2019-07,2020-12,3,Honduras,3
2019-07,2021-06,1,Honduras,1
2019-08,2019-08,1,Cuba,2
2019-08,2019-08,1,Ecuador,40
2019-08,2019-08,1,El Salvador,124
2019-08,2019-08,1,Guatemala,123
2019-08,2019-08,1,Honduras,226
2019-08,2019-08,1,Mexico,19
2019-08,2019-08,1,Nicaragua,8
2019-08,2019-08,1,Other,8
2019-08,2019-08,1,Venezuela,3
2019-08,2019-08,2,Cuba,1
2019-08,2019-08,2,Ecuador,3
2019-08,2019-08,2,El Salvador,79
2019-08,2019-08,2,Guatemala,119
2019-08,2019-08,2,Honduras,91
2019-08,2019-08,2,India,1
2019-08,2019-08,2,Mexico,4
2019-08,2019-08,2,Nicaragua,2
2019-08,2019-08,2,Other,4
2019-08,2019-08,3,El Salvador,7
2019-08,2019-08,3,Guatemala,6
2019-08,2019-08,3,Honduras,3
2019-08,2019-08,3,India,1
2019-08,2019-08,3,Mexico,1
2019-08,2019-08,3,Nicaragua,1
2019-08,2019-09,1,Ecuador,50
2019-08,2019-09,1,El Salvador,147
2019-08,2019-09,1,Guatemala,177
2019-08,2019-09,1,Honduras,251
2019-08,2019-09,1,India,2
2019-08,2019-09,1,Mexico,28
2019-08,2019-09,1,Nicaragua,2
2019-08,2019-09,1,Other,10
2019-08,2019-09,1,Venezuela,2
2019-08,2019-09,2,Cuba,2
2019-08,2019-09,2,Ecuador,12
2019-08,2019-09,2,El Salvador,159
2019-08,2019-09,2,Guatemala,271
2019-08,2019-09,2,Honduras,191
2019-08,2019-09,2,India,8
2019-08,2019-09,2,Mexico,21
2019-08,2019-09,2,Nicaragua,9
2019-08,2019-09,2,Other,12
2019-08,2019-09,2,Venezuela,1
2019-08,2019-09,3,Cuba,1
2019-08,2019-09,3,Ecuador,2
2019-08,2019-09,3,El Salvador,26
2019-08,2019-09,3,Guatemala,29
2019-08,2019-09,3,Honduras,27
2019-08,2019-09,3,India,8
2019-08,2019-09,3,Mexico,5
2019-08,2019-09,3,Nicaragua,1
2019-08,2019-09,3,Other,3
2019-08,2019-10,1,Ecuador,9
2019-08,2019-10,1,El Salvador,22
2019-08,2019-10,1,Guatemala,29
2019-08,2019-10,1,Honduras,39
2019-08,2019-10,1,Mexico,16
2019-08,2019-10,1,Other,4
2019-08,2019-10,1,Venezuela,1
2019-08,2019-10,2,Cuba,1
2019-08,2019-10,2,Ecuador,4
2019-08,2019-10,2,El Salvador,31
2019-08,2019-10,2,Guatemala,54
2019-08,2019-10,2,Honduras,71
2019-08,2019-10,2,India,2
2019-08,2019-10,2,Mexico,10
2019-08,2019-10,2,Nicaragua,5
2019-08,2019-10,2,Other,7
2019-08,2019-10,3,El Salvador,13
2019-08,2019-10,3,Guatemala,28
2019-08,2019-10,3,Honduras,36
2019-08,2019-10,3,India,14
2019-08,2019-10,3,Mexico,7
2019-08,2019-10,3,Other,4
2019-08,2019-11,1,Ecuador,3
2019-08,2019-11,1,El Salvador,4
2019-08,2019-11,1,Guatemala,10
2019-08,2019-11,1,Honduras,12
2019-08,2019-11,1,Mexico,4
2019-08,2019-11,1,Other,1
2019-08,2019-11,2,El Salvador,5
2019-08,2019-11,2,Guatemala,14
2019-08,2019-11,2,Honduras,15
2019-08,2019-11,2,Mexico,3
2019-08,2019-11,2,Nicaragua,1
2019-08,2019-11,2,Other,2
2019-08,2019-11,3,Ecuador,1
2019-08,2019-11,3,El Salvador,2
2019-08,2019-11,3,Guatemala,11
2019-08,2019-11,3,Honduras,14
2019-08,2019-11,3,India,7
2019-08,2019-11,3,Mexico,1
2019-08,2019-11,3,Nicaragua,1
2019-08,2019-11,3,Other,2
2019-08,2019-12,1,El Salvador,3
2019-08,2019-12,1,Guatemala,2
2019-08,2019-12,1,Honduras,5
2019-08,2019-12,1,India,1
2019-08,2019-12,1,Mexico,1
2019-08,2019-12,1,Nicaragua,1
2019-08,2019-12,1,Other,1
2019-08,2019-12,2,El Salvador,2
2019-08,2019-12,2,Guatemala,3
2019-08,2019-12,2,Honduras,9
2019-08,2019-12,2,Mexico,2
2019-08,2019-12,3,Guatemala,5
2019-08,2019-12,3,Honduras,8
2019-08,2019-12,3,India,4
2019-08,2019-12,3,Mexico,1
2019-08,2019-12,3,Other,1
2019-08,2020-01,1,Honduras,2
2019-08,2020-01,2,Honduras,1
2019-08,2020-01,2,India,1
2019-08,2020-01,2,Mexico,1
2019-08,2020-01,2,Nicaragua,1
2019-08,2020-01,3,Guatemala,1
2019-08,2020-01,3,Honduras,3
2019-08,2020-01,3,India,1
2019-08,2020-02,2,Guatemala,1
2019-08,2020-02,2,Honduras,2
2019-08,2020-02,2,Mexico,1
2019-08,2020-02,3,Guatemala,3
2019-08,2020-02,3,Honduras,1
2019-08,2020-03,2,El Salvador,1
2019-08,2020-03,2,Guatemala,2
2019-08,2020-03,2,Honduras,1
2019-08,2020-03,3,Honduras,1
2019-08,2020-03,3,Nicaragua,1
2019-08,2020-04,1,Colombia,1
2019-08,2020-04,1,Guatemala,1
2019-08,2020-04,2,Guatemala,2
2019-08,2020-05,3,Honduras,1
2019-08,2020-06,3,El Salvador,1
2019-08,2020-06,3,Guatemala,1
2019-08,2020-06,3,Honduras,2
2019-08,2020-07,2,Honduras,3
2019-08,2020-07,3,El Salvador,1
2019-08,2020-11,3,Guatemala,1
2019-08,2021-01,3,Guatemala,1
2019-08,2022-05,1,El Salvador,1
2019-09,2019-09,1,Cuba,9
2019-09,2019-09,1,Ecuador,55
2019-09,2019-09,1,El Salvador,80
2019-09,2019-09,1,Guatemala,90
2019-09,2019-09,1,Honduras,124
2019-09,2019-09,1,Mexico,12
2019-09,2019-09,1,Nicaragua,5
2019-09,2019-09,1,Other,5
2019-09,2019-09,1,Venezuela,1
2019-09,2019-09,2,Ecuador,6
2019-09,2019-09,2,El Salvador,47
2019-09,2019-09,2,Guatemala,99
2019-09,2019-09,2,Honduras,59
2019-09,2019-09,2,India,3
2019-09,2019-09,2,Mexico,11
2019-09,2019-09,2,Nicaragua,2
2019-09,2019-09,2,Other,7
2019-09,2019-09,2,Venezuela,2
2019-09,2019-09,3,El Salvador,2
2019-09,2019-09,3,Guatemala,4
2019-09,2019-09,3,Honduras,5
2019-09,2019-09,3,Mexico,1
2019-09,2019-09,3,Other,1
2019-09,2019-10,1,Cuba,3
2019-09,2019-10,1,Ecuador,80
2019-09,2019-10,1,El Salvador,101
2019-09,2019-10,1,Guatemala,129
2019-09,2019-10,1,Honduras,187
2019-09,2019-10,1,India,4
2019-09,2019-10,1,Mexico,36
2019-09,2019-10,1,Nicaragua,6
2019-09,2019-10,1,Other,8
2019-09,2019-10,1,Venezuela,8
2019-09,2019-10,2,Cuba,1
2019-09,2019-10,2,Ecuador,24
2019-09,2019-10,2,El Salvador,114
2019-09,2019-10,2,Guatemala,204
2019-09,2019-10,2,Honduras,151
2019-09,2019-10,2,India,18
2019-09,2019-10,2,Mexico,37
2019-09,2019-10,2,Nicaragua,4
2019-09,2019-10,2,Other,19
2019-09,2019-10,2,Venezuela,4
2019-09,2019-10,3,Cuba,1
2019-09,2019-10,3,Ecuador,2
2019-09,2019-10,3,El Salvador,21
2019-09,2019-10,3,Guatemala,37
2019-09,2019-10,3,Honduras,25
2019-09,2019-10,3,India,14
2019-09,2019-10,3,Mexico,7
2019-09,2019-10,3,Nicaragua,3
2019-09,2019-10,3,Other,7
2019-09,2019-11,1,Ecuador,7
2019-09,2019-11,1,El Salvador,13
2019-09,2019-11,1,Guatemala,19
2019-09,2019-11,1,Honduras,22
2019-09,2019-11,1,Mexico,7
2019-09,2019-11,1,Nicaragua,1
2019-09,2019-11,1,Other,4
2019-09,2019-11,2,Ecuador,2
2019-09,2019-11,2,El Salvador,14
2019-09,2019-11,2,Guatemala,57
2019-09,2019-11,2,Honduras,37
2019-09,2019-11,2,India,4
2019-09,2019-11,2,Mexico,7
2019-09,2019-11,2,Nicaragua,2
2019-09,2019-11,2,Other,4
2019-09,2019-11,3,Ecuador,2
2019-09,2019-11,3,El Salvador,12
2019-09,2019-11,3,Guatemala,24
2019-09,2019-11,3,Honduras,17
2019-09,2019-11,3,India,8
2019-09,2019-11,3,Mexico,3
2019-09,2019-11,3,Other,6
2019-09,2019-12,1,Ecuador,1
2019-09,2019-12,1,El Salvador,2
2019-09,2019-12,1,Guatemala,2
2019-09,2019-12,1,Honduras,7
2019-09,2019-12,1,Mexico,2
2019-09,2019-12,1,Other,3
2019-09,2019-12,2,Ecuador,2
2019-09,2019-12,2,El Salvador,1
2019-09,2019-12,2,Guatemala,10
2019-09,2019-12,2,Honduras,14
2019-09,2019-12,2,Mexico,2
2019-09,2019-12,2,Nicaragua,2
2019-09,2019-12,3,El Salvador,2
2019-09,2019-12,3,Guatemala,13
2019-09,2019-12,3,Honduras,7
2019-09,2019-12,3,India,5
2019-09,2019-12,3,Other,4
2019-09,2020-01,1,Honduras,2
2019-09,2020-01,2,Ecuador,1
2019-09,2020-01,2,Guatemala,6
2019-09,2020-01,2,Honduras,4
2019-09,2020-01,2,Other,1
2019-09,2020-01,3,El Salvador,2
2019-09,2020-01,3,Guatemala,8
2019-09,2020-01,3,Honduras,2
2019-09,2020-01,3,India,2
2019-09,2020-01,3,Mexico,1
2019-09,2020-01,3,Other,1
2019-09,2020-02,1,Other,1
2019-09,2020-02,2,El Salvador,3
2019-09,2020-02,2,Guatemala,2
2019-09,2020-02,2,Honduras,2
2019-09,2020-02,3,Guatemala,3
2019-09,2020-02,3,Honduras,2
2019-09,2020-03,1,Ecuador,1
2019-09,2020-03,1,El Salvador,1
2019-09,2020-03,1,Guatemala,1
2019-09,2020-03,2,Honduras,1
2019-09,2020-03,3,Guatemala,3
2019-09,2020-03,3,Honduras,1
2019-09,2020-03,3,India,1
2019-09,2020-04,2,Honduras,1
2019-09,2020-04,3,Honduras,1
2019-09,2020-04,3,Other,1
2019-09,2020-05,1,Honduras,1
2019-09,2020-05,3,Honduras,1
2019-09,2020-05,3,Other,1
2019-09,2020-06,2,Honduras,1
2019-09,2020-07,1,Honduras,1
2019-09,2020-08,2,Mexico,1
2019-09,2020-09,1,Guatemala,1
2019-09,2020-12,2,Guatemala,1
2019-10,2019-10,1,Ecuador,22
2019-10,2019-10,1,El Salvador,75
2019-10,2019-10,1,Guatemala,92
2019-10,2019-10,1,Honduras,87
2019-10,2019-10,1,Mexico,15
2019-10,2019-10,1,Nicaragua,3
2019-10,2019-10,1,Other,3
2019-10,2019-10,1,Venezuela,1
2019-10,2019-10,2,Ecuador,4
2019-10,2019-10,2,El Salvador,44
2019-10,2019-10,2,Guatemala,99
2019-10,2019-10,2,Honduras,63
2019-10,2019-10,2,India,7
2019-10,2019-10,2,Mexico,8
2019-10,2019-10,2,Other,2
2019-10,2019-10,2,Venezuela,1
2019-10,2019-10,3,El Salvador,3
2019-10,2019-10,3,Guatemala,6
2019-10,2019-10,3,Honduras,2
2019-10,2019-10,3,India,2
2019-10,2019-11,1,Cuba,1
2019-10,2019-11,1,Ecuador,30
2019-10,2019-11,1,El Salvador,109
2019-10,2019-11,1,Guatemala,164
2019-10,2019-11,1,Honduras,139
2019-10,2019-11,1,Mexico,25
2019-10,2019-11,1,Nicaragua,8
2019-10,2019-11,1,Other,5
2019-10,2019-11,2,Cuba,1
2019-10,2019-11,2,Ecuador,10
2019-10,2019-11,2,El Salvador,72
2019-10,2019-11,2,Guatemala,278
2019-10,2019-11,2,Honduras,132
2019-10,2019-11,2,India,5
2019-10,2019-11,2,Mexico,25
2019-10,2019-11,2,Nicaragua,5
2019-10,2019-11,2,Other,7
2019-10,2019-11,2,Venezuela,1
2019-10,2019-11,3,El Salvador,15
2019-10,2019-11,3,Guatemala,45
2019-10,2019-11,3,Honduras,25
2019-10,2019-11,3,India,10
2019-10,2019-11,3,Mexico,2
2019-10,2019-11,3,Other,2
2019-10,2019-11,3,Venezuela,1
2019-10,2019-12,1,Ecuador,4
2019-10,2019-12,1,El Salvador,20
2019-10,2019-12,1,Guatemala,26
2019-10,2019-12,1,Honduras,25
2019-10,2019-12,1,Mexico,10
2019-10,2019-12,1,Nicaragua,1
2019-10,2019-12,1,Other,3
2019-10,2019-12,2,El Salvador,18
2019-10,2019-12,2,Guatemala,58
2019-10,2019-12,2,Honduras,31
2019-10,2019-12,2,India,1
2019-10,2019-12,2,Mexico,16
2019-10,2019-12,2,Nicaragua,1
2019-10,2019-12,2,Other,1
2019-10,2019-12,2,Venezuela,1
2019-10,2019-12,3,El Salvador,5
2019-10,2019-12,3,Guatemala,32
2019-10,2019-12,3,Honduras,20
2019-10,2019-12,3,India,7
2019-10,2019-12,3,Mexico,7
2019-10,2020-01,1,Ecuador,1
2019-10,2020-01,1,El Salvador,4
2019-10,2020-01,1,Guatemala,3
2019-10,2020-01,1,Honduras,7
2019-10,2020-01,1,Mexico,2
2019-10,2020-01,2,El Salvador,4
2019-10,2020-01,2,Guatemala,17
2019-10,2020-01,2,Honduras,11
2019-10,2020-01,2,Mexico,1
2019-10,2020-01,3,Ecuador,1
2019-10,2020-01,3,El Salvador,5
2019-10,2020-01,3,Guatemala,6
2019-10,2020-01,3,Honduras,11
2019-10,2020-01,3,India,2
2019-10,2020-01,3,Mexico,2
2019-10,2020-01,3,Other,1
2019-10,2020-02,1,El Salvador,4
2019-10,2020-02,1,Honduras,1
2019-10,2020-02,1,Other,2
2019-10,2020-02,2,Ecuador,1
2019-10,2020-02,2,Guatemala,9
2019-10,2020-02,2,Honduras,6
2019-10,2020-02,2,Mexico,2
2019-10,2020-02,3,El Salvador,2
2019-10,2020-02,3,Guatemala,3
2019-10,2020-02,3,Honduras,3
2019-10,2020-02,3,India,2
2019-10,2020-02,3,Mexico,1
2019-10,2020-02,3,Other,2
2019-10,2020-03,1,Mexico,1
2019-10,2020-03,2,El Salvador,1
2019-10,2020-03,2,Guatemala,2
2019-10,2020-03,2,Honduras,4
2019-10,2020-03,3,Honduras,4
2019-10,2020-03,3,Nicaragua,1
2019-10,2020-04,1,Guatemala,1
2019-10,2020-04,1,Honduras,1
2019-10,2020-04,2,El Salvador,2
2019-10,2020-04,2,Honduras,2
2019-10,2020-04,2,India,1
2019-10,2020-04,2,Nicaragua,1
2019-10,2020-04,3,Guatemala,1
2019-10,2020-04,3,Honduras,3
2019-10,2020-05,2,El Salvador,1
2019-10,2020-05,2,Guatemala,2
2019-10,2020-05,2,Honduras,2
2019-10,2020-05,3,Guatemala,1
2019-10,2020-05,3,Honduras,1
2019-10,2020-06,2,Honduras,2
2019-10,2020-06,3,Guatemala,2
2019-10,2020-06,3,Honduras,1
2019-10,2020-07,1,El Salvador,1
2019-10,2020-07,3,Other,1
2019-10,2021-04,1,Other,1
2019-10,2021-04,2,Honduras,1
2019-10,2021-06,2,Honduras,1
2019-10,2021-07,1,Honduras,1
2019-11,2019-11,1,Cuba,1
2019-11,2019-11,1,Ecuador,21
2019-11,2019-11,1,El Salvador,38
2019-11,2019-11,1,Guatemala,123
2019-11,2019-11,1,Honduras,68
2019-11,2019-11,1,Mexico,8
2019-11,2019-11,1,Nicaragua,6
2019-11,2019-11,1,Other,3
2019-11,2019-11,1,Venezuela,3
2019-11,2019-11,2,Ecuador,9
2019-11,2019-11,2,El Salvador,34
2019-11,2019-11,2,Guatemala,116
2019-11,2019-11,2,Honduras,54
2019-11,2019-11,2,Mexico,9
2019-11,2019-11,2,Nicaragua,1
2019-11,2019-11,2,Other,3
2019-11,2019-11,3,El Salvador,3
2019-11,2019-11,3,Guatemala,5
2019-11,2019-11,3,Honduras,5
2019-11,2019-11,3,Nicaragua,1
2019-11,2019-12,1,Colombia,1
2019-11,2019-12,1,Ecuador,41
2019-11,2019-12,1,El Salvador,94
2019-11,2019-12,1,Guatemala,261
2019-11,2019-12,1,Honduras,170
2019-11,2019-12,1,India,1
2019-11,2019-12,1,Mexico,23
2019-11,2019-12,1,Other,8
2019-11,2019-12,1,Venezuela,1
2019-11,2019-12,2,Ecuador,9
2019-11,2019-12,2,El Salvador,69
2019-11,2019-12,2,Guatemala,374
2019-11,2019-12,2,Honduras,122
2019-11,2019-12,2,India,4
2019-11,2019-12,2,Mexico,19
2019-11,2019-12,2,Nicaragua,3
2019-11,2019-12,2,Other,11
2019-11,2019-12,2,Venezuela,2
2019-11,2019-12,3,Ecuador,1
2019-11,2019-12,3,El Salvador,16
2019-11,2019-12,3,Guatemala,52
2019-11,2019-12,3,Honduras,21
2019-11,2019-12,3,India,7
2019-11,2019-12,3,Mexico,4
2019-11,2019-12,3,Other,4
2019-11,2020-01,1,Ecuador,8
2019-11,2020-01,1,El Salvador,19
2019-11,2020-01,1,Guatemala,48
2019-11,2020-01,1,Honduras,36
2019-11,2020-01,1,Mexico,5
2019-11,2020-01,1,Other,3
2019-11,2020-01,2,Ecuador,3
2019-11,2020-01,2,El Salvador,10
2019-11,2020-01,2,Guatemala,97
2019-11,2020-01,2,Honduras,33
2019-11,2020-01,2,Mexico,17
2019-11,2020-01,2,Other,4
2019-11,2020-01,3,Ecuador,1
2019-11,2020-01,3,El Salvador,4
2019-11,2020-01,3,Guatemala,44
2019-11,2020-01,3,Honduras,20
2019-11,2020-01,3,India,4
2019-11,2020-01,3,Mexico,5
2019-11,2020-01,3,Nicaragua,2
2019-11,2020-01,3,Other,6
2019-11,2020-02,1,El Salvador,5
2019-11,2020-02,1,Guatemala,10
2019-11,2020-02,1,Honduras,10
2019-11,2020-02,1,Other,1
2019-11,2020-02,2,Ecuador,2
2019-11,2020-02,2,El Salvador,2
2019-11,2020-02,2,Guatemala,30
2019-11,2020-02,2,Honduras,15
2019-11,2020-02,2,Mexico,3
2019-11,2020-02,2,Nicaragua,1
2019-11,2020-02,2,Other,2
2019-11,2020-02,3,El Salvador,6
2019-11,2020-02,3,Guatemala,14
2019-11,2020-02,3,Honduras,18
2019-11,2020-02,3,India,1
2019-11,2020-02,3,Mexico,2
2019-11,2020-03,1,El Salvador,1
2019-11,2020-03,1,Guatemala,6
2019-11,2020-03,1,Honduras,3
2019-11,2020-03,1,Mexico,1
2019-11,2020-03,2,El Salvador,1
2019-11,2020-03,2,Guatemala,13
2019-11,2020-03,2,Honduras,8
2019-11,2020-03,2,Mexico,4
2019-11,2020-03,3,Ecuador,1
2019-11,2020-03,3,El Salvador,1
2019-11,2020-03,3,Guatemala,6
2019-11,2020-03,3,Honduras,3
2019-11,2020-03,3,Other,1
2019-11,2020-04,1,El Salvador,1
2019-11,2020-04,1,Guatemala,3
2019-11,2020-04,1,Honduras,2
2019-11,2020-04,2,El Salvador,1
2019-11,2020-04,2,Guatemala,5
2019-11,2020-04,2,Honduras,1
2019-11,2020-04,3,Guatemala,6
2019-11,2020-04,3,Honduras,2
2019-11,2020-04,3,Mexico,1
2019-11,2020-05,1,Guatemala,1
2019-11,2020-05,2,Cuba,1
2019-11,2020-05,2,Guatemala,4
2019-11,2020-05,2,Honduras,1
2019-11,2020-05,2,Mexico,2
2019-11,2020-05,2,Other,1
2019-11,2020-05,3,El Salvador,1
2019-11,2020-05,3,Guatemala,2
2019-11,2020-05,3,Honduras,1
2019-11,2020-06,1,Other,1
2019-11,2020-06,2,Guatemala,2
2019-11,2020-06,2,Honduras,1
2019-11,2020-06,3,Guatemala,1
2019-11,2020-07,2,Guatemala,1
2019-11,2020-07,3,Guatemala,3
2019-11,2020-07,3,Nicaragua,1
2019-11,2020-08,1,Guatemala,1
2019-11,2020-08,3,El Salvador,1
2019-11,2020-12,3,Other,1
2019-11,2021-03,3,Guatemala,1
2019-11,2021-04,3,Guatemala,1
2019-11,2021-08,3,Honduras,1
2019-11,2022-07,1,Guatemala,1
2019-12,2019-12,1,Colombia,1
2019-12,2019-12,1,Cuba,1
2019-12,2019-12,1,Ecuador,35
2019-12,2019-12,1,El Salvador,57
2019-12,2019-12,1,Guatemala,139
2019-12,2019-12,1,Honduras,88
2019-12,2019-12,1,Mexico,25
2019-12,2019-12,1,Nicaragua,2
2019-12,2019-12,1,Other,7
2019-12,2019-12,2,Ecuador,3
2019-12,2019-12,2,El Salvador,35
2019-12,2019-12,2,Guatemala,168
2019-12,2019-12,2,Honduras,37
2019-12,2019-12,2,India,2
2019-12,2019-12,2,Mexico,4
2019-12,2019-12,2,Nicaragua,2
2019-12,2019-12,2,Other,3
2019-12,2019-12,3,Ecuador,1
2019-12,2019-12,3,El Salvador,5
2019-12,2019-12,3,Guatemala,6
2019-12,2019-12,3,Honduras,2
2019-12,2020-01,1,Ecuador,32
2019-12,2020-01,1,El Salvador,78
2019-12,2020-01,1,Guatemala,203
2019-12,2020-01,1,Honduras,141
2019-12,2020-01,1,Mexico,31
2019-12,2020-01,1,Nicaragua,2
2019-12,2020-01,1,Other,10
2019-12,2020-01,1,Venezuela,1
2019-12,2020-01,2,Ecuador,10
2019-12,2020-01,2,El Salvador,73
2019-12,2020-01,2,Guatemala,390
2019-12,2020-01,2,Honduras,117
2019-12,2020-01,2,India,6
2019-12,2020-01,2,Mexico,26
2019-12,2020-01,2,Nicaragua,5
2019-12,2020-01,2,Other,15
2019-12,2020-01,3,El Salvador,15
2019-12,2020-01,3,Guatemala,59
2019-12,2020-01,3,Honduras,24
2019-12,2020-01,3,India,9
2019-12,2020-01,3,Mexico,7
2019-12,2020-01,3,Nicaragua,1
2019-12,2020-01,3,Other,3
2019-12,2020-02,1,Ecuador,3
2019-12,2020-02,1,El Salvador,7
2019-12,2020-02,1,Guatemala,56
2019-12,2020-02,1,Honduras,24
2019-12,2020-02,1,Mexico,14
2019-12,2020-02,1,Nicaragua,1
2019-12,2020-02,1,Other,2
2019-12,2020-02,2,Ecuador,2
2019-12,2020-02,2,El Salvador,17
2019-12,2020-02,2,Guatemala,93
2019-12,2020-02,2,Honduras,25
2019-12,2020-02,2,India,2
2019-12,2020-02,2,Mexico,12
2019-12,2020-02,2,Nicaragua,2
2019-12,2020-02,2,Other,3
2019-12,2020-02,2,Venezuela,1
2019-12,2020-02,3,Ecuador,1
2019-12,2020-02,3,El Salvador,6
2019-12,2020-02,3,Guatemala,45
2019-12,2020-02,3,Honduras,12
2019-12,2020-02,3,India,6
2019-12,2020-02,3,Mexico,7
2019-12,2020-02,3,Other,5
2019-12,2020-03,1,Ecuador,2
2019-12,2020-03,1,El Salvador,6
2019-12,2020-03,1,Guatemala,14
2019-12,2020-03,1,Honduras,10
2019-12,2020-03,1,Other,1
2019-12,2020-03,2,Ecuador,1
2019-12,2020-03,2,El Salvador,4
2019-12,2020-03,2,Guatemala,32
2019-12,2020-03,2,Honduras,6
2019-12,2020-03,2,Mexico,2
2019-12,2020-03,2,Other,3
2019-12,2020-03,3,Ecuador,3
2019-12,2020-03,3,El Salvador,5
2019-12,2020-03,3,Guatemala,25
2019-12,2020-03,3,Honduras,5
2019-12,2020-03,3,India,3
2019-12,2020-03,3,Other,2
2019-12,2020-04,1,El Salvador,2
2019-12,2020-04,1,Guatemala,3
2019-12,2020-04,1,Honduras,1
2019-12,2020-04,1,Mexico,2
2019-12,2020-04,1,Other,4
2019-12,2020-04,2,El Salvador,2
2019-12,2020-04,2,Guatemala,4
2019-12,2020-04,2,Other,1
2019-12,2020-04,3,El Salvador,1
2019-12,2020-04,3,Guatemala,3
2019-12,2020-04,3,Honduras,2
2019-12,2020-04,3,Mexico,1
2019-12,2020-05,1,El Salvador,1
2019-12,2020-05,1,Guatemala,1
2019-12,2020-05,1,Honduras,1
2019-12,2020-05,2,Guatemala,4
2019-12,2020-05,2,Honduras,1
2019-12,2020-05,2,Nicaragua,1
2019-12,2020-05,2,Other,1
2019-12,2020-05,3,Guatemala,5
2019-12,2020-05,3,Honduras,6
2019-12,2020-05,3,India,3
2019-12,2020-05,3,Other,2
2019-12,2020-06,1,Guatemala,1
2019-12,2020-06,1,Honduras,1
2019-12,2020-06,2,Guatemala,1
2019-12,2020-06,2,Nicaragua,1
2019-12,2020-06,3,Guatemala,2
2019-12,2020-06,3,Honduras,4
2019-12,2020-06,3,Nicaragua,1
2019-12,2020-07,1,Mexico,1
2019-12,2020-07,2,Guatemala,3
2019-12,2020-07,2,Honduras,2
2019-12,2020-07,3,Guatemala,1
2019-12,2020-07,3,Honduras,2
2019-12,2020-08,3,El Salvador,1
2019-12,2020-08,3,Honduras,1
2019-12,2020-08,3,Other,1
2019-12,2020-09,2,Other,1
2019-12,2020-09,3,Guatemala,2
2019-12,2021-01,2,Guatemala,1
2019-12,2021-03,1,El Salvador,1
2019-12,2021-04,1,Guatemala,1
2019-12,2021-04,2,Guatemala,1
2019-12,2021-04,3,Guatemala,1
2019-12,2021-05,3,Guatemala,1
2019-12,2021-06,1,Honduras,2
2020-01,2020-01,1,Cuba,1
2020-01,2020-01,1,Ecuador,15
2020-01,2020-01,1,El Salvador,15
2020-01,2020-01,1,Guatemala,47
2020-01,2020-01,1,Honduras,35
2020-01,2020-01,1,Mexico,19
2020-01,2020-01,1,Nicaragua,2
2020-01,2020-01,1,Venezuela,1
2020-01,2020-01,2,Colombia,1
2020-01,2020-01,2,Ecuador,4
2020-01,2020-01,2,El Salvador,16
2020-01,2020-01,2,Guatemala,85
2020-01,2020-01,2,Honduras,25
2020-01,2020-01,2,India,2
2020-01,2020-01,2,Mexico,7
2020-01,2020-01,2,Other,6
2020-01,2020-01,3,Colombia,1
2020-01,2020-01,3,El Salvador,3
2020-01,2020-01,3,Guatemala,13
2020-01,2020-01,3,Honduras,2
2020-01,2020-01,3,India,1
2020-01,2020-02,1,Colombia,4
2020-01,2020-02,1,Ecuador,34
2020-01,2020-02,1,El Salvador,74
2020-01,2020-02,1,Guatemala,168
2020-01,2020-02,1,Honduras,94
2020-01,2020-02,1,Mexico,26
2020-01,2020-02,1,Nicaragua,1
2020-01,2020-02,1,Other,6
2020-01,2020-02,2,Colombia,1
2020-01,2020-02,2,Ecuador,10
2020-01,2020-02,2,El Salvador,53
2020-01,2020-02,2,Guatemala,368
2020-01,2020-02,2,Honduras,88
2020-01,2020-02,2,India,3
2020-01,2020-02,2,Mexico,11
2020-01,2020-02,2,Other,11
2020-01,2020-02,2,Venezuela,3
2020-01,2020-02,3,El Salvador,22
2020-01,2020-02,3,Guatemala,49
2020-01,2020-02,3,Honduras,14
2020-01,2020-02,3,India,4
2020-01,2020-02,3,Mexico,5
2020-01,2020-02,3,Nicaragua,1
2020-01,2020-02,3,Other,4
2020-01,2020-03,1,Ecuador,2
2020-01,2020-03,1,El Salvador,11
2020-01,2020-03,1,Guatemala,19
2020-01,2020-03,1,Honduras,20
2020-01,2020-03,1,Mexico,8
2020-01,2020-03,1,Other,1
2020-01,2020-03,2,Ecuador,2
2020-01,2020-03,2,El Salvador,20
2020-01,2020-03,2,Guatemala,86
2020-01,2020-03,2,Honduras,26
2020-01,2020-03,2,Mexico,13
2020-01,2020-03,2,Nicaragua,1
2020-01,2020-03,2,Other,2
2020-01,2020-03,3,El Salvador,12
2020-01,2020-03,3,Guatemala,22
2020-01,2020-03,3,Honduras,24
2020-01,2020-03,3,India,5
2020-01,2020-03,3,Mexico,4
2020-01,2020-03,3,Other,1
2020-01,2020-04,1,El Salvador,7
2020-01,2020-04,1,Guatemala,9
2020-01,2020-04,1,Honduras,2
2020-01,2020-04,1,Mexico,1
2020-01,2020-04,1,Other,1
2020-01,2020-04,2,El Salvador,8
2020-01,2020-04,2,Guatemala,25
2020-01,2020-04,2,Honduras,8
2020-01,2020-04,2,Mexico,4
2020-01,2020-04,2,Other,1
2020-01,2020-04,3,Ecuador,1
2020-01,2020-04,3,El Salvador,2
2020-01,2020-04,3,Guatemala,12
2020-01,2020-04,3,Honduras,3
2020-01,2020-04,3,India,1
2020-01,2020-04,3,Mexico,1
2020-01,2020-05,1,El Salvador,3
2020-01,2020-05,1,Guatemala,1
2020-01,2020-05,1,Honduras,1
2020-01,2020-05,2,Ecuador,1
2020-01,2020-05,2,El Salvador,1
2020-01,2020-05,2,Guatemala,10
2020-01,2020-05,2,Honduras,6
2020-01,2020-05,2,Mexico,1
2020-01,2020-05,3,Guatemala,6
2020-01,2020-05,3,Honduras,1
2020-01,2020-06,1,El Salvador,1
2020-01,2020-06,1,Honduras,1
2020-01,2020-06,2,El Salvador,2
2020-01,2020-06,2,Guatemala,4
2020-01,2020-06,2,Mexico,2
2020-01,2020-06,2,Other,1
2020-01,2020-06,3,Guatemala,3
2020-01,2020-06,3,Honduras,2
2020-01,2020-06,3,India,1
2020-01,2020-06,3,Mexico,1
2020-01,2020-06,3,Other,1
2020-01,2020-07,1,Honduras,1
2020-01,2020-07,2,Guatemala,3
2020-01,2020-07,2,India,1
2020-01,2020-07,3,Guatemala,2
2020-01,2020-07,3,Other,1
2020-01,2020-08,2,Mexico,1
2020-01,2020-08,3,Nicaragua,1
2020-01,2020-09,2,Guatemala,2
2020-01,2021-02,1,Honduras,3
2020-01,2021-06,1,El Salvador,1
2020-01,2021-07,3,Guatemala,1
2020-02,2020-02,1,Ecuador,13
2020-02,2020-02,1,El Salvador,53
2020-02,2020-02,1,Guatemala,84
2020-02,2020-02,1,Honduras,50
2020-02,2020-02,1,India,3
2020-02,2020-02,1,Mexico,23
2020-02,2020-02,1,Nicaragua,2
2020-02,2020-02,2,Ecuador,2
2020-02,2020-02,2,El Salvador,37
2020-02,2020-02,2,Guatemala,148
2020-02,2020-02,2,Honduras,40
2020-02,2020-02,2,India,3
2020-02,2020-02,2,Mexico,7
2020-02,2020-02,2,Nicaragua,1
2020-02,2020-02,2,Other,3
2020-02,2020-02,3,El Salvador,2
2020-02,2020-02,3,Guatemala,10
2020-02,2020-02,3,Honduras,3
2020-02,2020-02,3,Mexico,1
2020-02,2020-03,1,Ecuador,23
2020-02,2020-03,1,El Salvador,63
2020-02,2020-03,1,Guatemala,183
2020-02,2020-03,1,Honduras,124
2020-02,2020-03,1,India,2
2020-02,2020-03,1,Mexico,24
2020-02,2020-03,1,Nicaragua,8
2020-02,2020-03,1,Other,5
2020-02,2020-03,1,Venezuela,1
2020-02,2020-03,2,Ecuador,14
2020-02,2020-03,2,El Salvador,66
2020-02,2020-03,2,Guatemala,334
2020-02,2020-03,2,Honduras,101
2020-02,2020-03,2,India,8
2020-02,2020-03,2,Mexico,29
2020-02,2020-03,2,Nicaragua,5
2020-02,2020-03,2,Other,7
2020-02,2020-03,3,Ecuador,2
2020-02,2020-03,3,El Salvador,15
2020-02,2020-03,3,Guatemala,54
2020-02,2020-03,3,Honduras,18
2020-02,2020-03,3,India,7
2020-02,2020-03,3,Mexico,2
2020-02,2020-03,3,Other,3
2020-02,2020-04,1,Ecuador,4
2020-02,2020-04,1,El Salvador,14
2020-02,2020-04,1,Guatemala,38
2020-02,2020-04,1,Honduras,30
2020-02,2020-04,1,Mexico,8
2020-02,2020-04,1,Other,3
2020-02,2020-04,2,Ecuador,3
2020-02,2020-04,2,El Salvador,17
2020-02,2020-04,2,Guatemala,91
2020-02,2020-04,2,Honduras,27
2020-02,2020-04,2,India,3
2020-02,2020-04,2,Mexico,17
2020-02,2020-04,2,Other,2
2020-02,2020-04,2,Venezuela,2
2020-02,2020-04,3,El Salvador,11
2020-02,2020-04,3,Guatemala,30
2020-02,2020-04,3,Honduras,8
2020-02,2020-04,3,India,4
2020-02,2020-04,3,Mexico,5
2020-02,2020-04,3,Nicaragua,1
2020-02,2020-04,3,Other,2
2020-02,2020-05,1,Ecuador,3
2020-02,2020-05,1,El Salvador,4
2020-02,2020-05,1,Guatemala,7
2020-02,2020-05,1,Honduras,10
2020-02,2020-05,1,India,1
2020-02,2020-05,1,Mexico,2
2020-02,2020-05,1,Other,1
2020-02,2020-05,2,Ecuador,3
2020-02,2020-05,2,El Salvador,9
2020-02,2020-05,2,Guatemala,24
2020-02,2020-05,2,Honduras,14
2020-02,2020-05,2,India,1
2020-02,2020-05,2,Mexico,4
2020-02,2020-05,2,Other,1
2020-02,2020-05,3,El Salvador,1
2020-02,2020-05,3,Guatemala,19
2020-02,2020-05,3,Honduras,11
2020-02,2020-05,3,India,6
2020-02,2020-05,3,Mexico,1
2020-02,2020-05,3,Other,3
2020-02,2020-06,1,El Salvador,5
2020-02,2020-06,1,Guatemala,4
2020-02,2020-06,1,Honduras,4
2020-02,2020-06,1,Mexico,1
2020-02,2020-06,2,El Salvador,2
2020-02,2020-06,2,Guatemala,20
2020-02,2020-06,2,Honduras,9
2020-02,2020-06,2,Mexico,3
2020-02,2020-06,2,Other,1
2020-02,2020-06,3,Ecuador,1
2020-02,2020-06,3,El Salvador,3
2020-02,2020-06,3,Guatemala,7
2020-02,2020-06,3,Honduras,8
2020-02,2020-06,3,India,2
2020-02,2020-06,3,Mexico,1
2020-02,2020-06,3,Other,1
2020-02,2020-07,1,Ecuador,1
2020-02,2020-07,1,Guatemala,2
2020-02,2020-07,1,Honduras,1
2020-02,2020-07,1,Mexico,1
2020-02,2020-07,2,Guatemala,6
2020-02,2020-07,2,Honduras,1
2020-02,2020-07,3,Guatemala,7
2020-02,2020-07,3,Honduras,4
2020-02,2020-08,1,Honduras,1
2020-02,2020-08,2,Mexico,2
2020-02,2020-08,3,Guatemala,3
2020-02,2020-08,3,Honduras,4
2020-02,2020-09,1,Honduras,1
2020-02,2020-09,3,Guatemala,2
2020-02,2020-09,3,Mexico,1
2020-02,2020-10,2,Guatemala,2
2020-02,2020-10,3,Guatemala,1
2020-02,2020-10,3,Honduras,1
2020-02,2020-12,2,Guatemala,1
2020-02,2020-12,3,Guatemala,1
2020-02,2020-12,3,Honduras,1
2020-02,2021-01,3,Guatemala,1
2020-02,2021-02,3,Guatemala,1
2020-02,2021-09,3,Honduras,1
2020-02,2022-02,2,Guatemala,1
2020-03,2020-03,1,Ecuador,24
2020-03,2020-03,1,El Salvador,40
2020-03,2020-03,1,Guatemala,102
2020-03,2020-03,1,Honduras,92
2020-03,2020-03,1,Mexico,11
2020-03,2020-03,1,Nicaragua,2
2020-03,2020-03,2,Ecuador,3
2020-03,2020-03,2,El Salvador,28
2020-03,2020-03,2,Guatemala,166
2020-03,2020-03,2,Honduras,47
2020-03,2020-03,2,India,2
2020-03,2020-03,2,Mexico,7
2020-03,2020-03,2,Nicaragua,2
2020-03,2020-03,2,Other,1
2020-03,2020-03,3,El Salvador,3
2020-03,2020-03,3,Guatemala,10
2020-03,2020-03,3,Honduras,5
2020-03,2020-03,3,India,1
2020-03,2020-04,1,Ecuador,33
2020-03,2020-04,1,El Salvador,57
2020-03,2020-04,1,Guatemala,106
2020-03,2020-04,1,Honduras,94
2020-03,2020-04,1,Mexico,14
2020-03,2020-04,1,Nicaragua,3
2020-03,2020-04,2,Cuba,1
2020-03,2020-04,2,Ecuador,8
2020-03,2020-04,2,El Salvador,53
2020-03,2020-04,2,Guatemala,236
2020-03,2020-04,2,Honduras,80
2020-03,2020-04,2,India,4
2020-03,2020-04,2,Mexico,15
2020-03,2020-04,2,Nicaragua,3
2020-03,2020-04,2,Venezuela,1
2020-03,2020-04,3,Ecuador,2
2020-03,2020-04,3,El Salvador,9
2020-03,2020-04,3,Guatemala,34
2020-03,2020-04,3,Honduras,26
2020-03,2020-04,3,India,1
2020-03,2020-04,3,Mexico,2
2020-03,2020-04,3,Nicaragua,1
2020-03,2020-04,3,Other,3
2020-03,2020-05,1,Ecuador,2
2020-03,2020-05,1,El Salvador,12
2020-03,2020-05,1,Guatemala,20
2020-03,2020-05,1,Honduras,21
2020-03,2020-05,1,Mexico,6
2020-03,2020-05,1,Nicaragua,1
2020-03,2020-05,2,Ecuador,2
2020-03,2020-05,2,El Salvador,23
2020-03,2020-05,2,Guatemala,66
2020-03,2020-05,2,Honduras,25
2020-03,2020-05,2,India,3
2020-03,2020-05,2,Mexico,7
2020-03,2020-05,3,El Salvador,6
2020-03,2020-05,3,Guatemala,42
2020-03,2020-05,3,Honduras,19
2020-03,2020-05,3,India,10
2020-03,2020-05,3,Other,4
2020-03,2020-06,1,Ecuador,4
2020-03,2020-06,1,El Salvador,7
2020-03,2020-06,1,Guatemala,1
2020-03,2020-06,1,Honduras,7
2020-03,2020-06,2,El Salvador,7
2020-03,2020-06,2,Guatemala,15
2020-03,2020-06,2,Honduras,8
2020-03,2020-06,2,Mexico,1
2020-03,2020-06,3,Ecuador,1
2020-03,2020-06,3,El Salvador,2
2020-03,2020-06,3,Guatemala,13
2020-03,2020-06,3,Honduras,8
2020-03,2020-06,3,India,6
2020-03,2020-06,3,Other,1
2020-03,2020-07,1,Guatemala,3
2020-03,2020-07,1,Honduras,3
2020-03,2020-07,2,El Salvador,1
2020-03,2020-07,2,Guatemala,10
2020-03,2020-07,2,Other,1
2020-03,2020-07,3,Guatemala,4
2020-03,2020-07,3,Honduras,3
2020-03,2020-07,3,India,2
2020-03,2020-07,3,Mexico,1
2020-03,2020-08,2,Guatemala,1
2020-03,2020-08,3,Guatemala,4
2020-03,2020-08,3,Honduras,1
2020-03,2020-08,3,Other,1
2020-03,2020-09,1,Honduras,1
2020-03,2020-09,3,Guatemala,1
2020-03,2020-10,2,Guatemala,1
2020-03,2020-12,2,Guatemala,2
2020-03,2021-01,1,El Salvador,1
2020-03,2021-01,3,Honduras,1
2020-03,2021-05,1,Honduras,1
2020-03,2021-07,2,Honduras,1
2020-03,2021-11,1,Honduras,5
2020-03,2022-03,1,Honduras,1
2020-03,2022-10,3,Mexico,1
2020-04,2020-04,1,Ecuador,1
2020-04,2020-04,1,El Salvador,2
2020-04,2020-04,1,Guatemala,3
2020-04,2020-04,1,Mexico,1
2020-04,2020-04,2,Ecuador,2
2020-04,2020-04,2,Guatemala,9
2020-04,2020-04,2,India,1
2020-04,2020-04,2,Other,2
2020-04,2020-04,3,Guatemala,1
2020-04,2020-05,1,Ecuador,3
2020-04,2020-05,1,El Salvador,1
2020-04,2020-05,1,Guatemala,1
2020-04,2020-05,1,Honduras,1
2020-04,2020-05,2,Ecuador,2
2020-04,2020-05,2,El Salvador,1
2020-04,2020-05,2,Guatemala,1
2020-04,2020-05,2,India,1
2020-04,2020-05,2,Other,2
2020-04,2020-05,3,Ecuador,1
2020-04,2020-05,3,El Salvador,2
2020-04,2020-05,3,India,1
2020-04,2020-05,3,Mexico,2
2020-04,2020-05,3,Other,1
2020-04,2020-06,1,Honduras,3
2020-04,2020-06,1,Other,1
2020-04,2020-06,2,Guatemala,1
2020-04,2020-06,2,India,2
2020-04,2020-06,2,Other,1
2020-04,2020-06,3,India,5
2020-04,2020-06,3,Other,2
2020-04,2020-07,1,Other,1
2020-05,2020-05,1,Cuba,1
2020-05,2020-05,1,Honduras,1
2020-05,2020-05,1,Mexico,4
2020-05,2020-05,1,Other,1
2020-05,2020-05,2,Honduras,2
2020-05,2020-05,2,India,1
2020-05,2020-05,2,Mexico,2
2020-05,2020-06,1,Honduras,1
2020-05,2020-06,1,Mexico,2
2020-05,2020-06,1,Other,2
2020-05,2020-06,2,Ecuador,1
2020-05,2020-06,2,El Salvador,1
2020-05,2020-06,2,India,1
2020-05,2020-06,2,Mexico,1
2020-05,2020-06,3,India,2
2020-05,2020-06,3,Mexico,1
2020-05,2020-07,1,Mexico,1
2020-05,2020-07,1,Other,2
2020-05,2020-07,2,Other,1
2020-05,2020-07,3,India,1
2020-05,2020-07,3,Other,2
2020-05,2020-10,1,Mexico,1
2020-06,2020-06,1,Honduras,1
2020-06,2020-06,2,Guatemala,1
2020-06,2020-06,2,Other,1
2020-06,2020-06,3,Guatemala,1
2020-06,2020-07,1,Ecuador,2
2020-06,2020-07,1,El Salvador,4
2020-06,2020-07,1,Guatemala,2
2020-06,2020-07,1,Honduras,9
2020-06,2020-07,1,Mexico,2
2020-06,2020-07,2,Honduras,3
2020-06,2020-07,2,India,1
2020-06,2020-07,2,Mexico,1
2020-06,2020-07,2,Other,3
2020-06,2020-07,3,Honduras,2
2020-06,2020-07,3,India,3
2020-06,2020-07,3,Other,1
2020-06,2020-08,2,El Salvador,1
2020-06,2020-08,2,Guatemala,2
2020-06,2020-08,2,Honduras,1
2020-06,2020-08,2,Other,1
2020-06,2020-08,3,El Salvador,2
2020-06,2020-08,3,Mexico,1
2020-06,2020-08,3,Other,1
2020-06,2020-09,2,Guatemala,1
2020-06,2020-10,2,Guatemala,1
2020-06,2020-10,3,Mexico,1
2020-06,2021-05,3,Honduras,1
2020-07,2020-07,1,Ecuador,3
2020-07,2020-07,1,Guatemala,7
2020-07,2020-07,1,Honduras,8
2020-07,2020-07,1,Mexico,1
2020-07,2020-07,1,Nicaragua,2
2020-07,2020-07,2,El Salvador,2
2020-07,2020-07,2,Guatemala,3
2020-07,2020-07,2,Honduras,3
2020-07,2020-07,2,Other,1
2020-07,2020-07,3,El Salvador,1
2020-07,2020-07,3,Mexico,1
2020-07,2020-08,1,Ecuador,3
2020-07,2020-08,1,El Salvador,6
2020-07,2020-08,1,Guatemala,15
2020-07,2020-08,1,Honduras,20
2020-07,2020-08,1,Mexico,2
2020-07,2020-08,1,Nicaragua,1
2020-07,2020-08,1,Other,2
2020-07,2020-08,2,El Salvador,3
2020-07,2020-08,2,Guatemala,14
2020-07,2020-08,2,Honduras,13
2020-07,2020-08,2,Mexico,2
2020-07,2020-08,2,Other,3
2020-07,2020-08,3,Guatemala,2
2020-07,2020-08,3,Honduras,1
2020-07,2020-08,3,Other,1
2020-07,2020-09,1,El Salvador,2
2020-07,2020-09,1,Guatemala,1
2020-07,2020-09,1,Honduras,5
2020-07,2020-09,1,Mexico,2
2020-07,2020-09,2,Guatemala,3
2020-07,2020-09,2,Honduras,2
2020-07,2020-09,3,Other,1
2020-07,2020-10,1,Guatemala,1
2020-07,2020-10,1,Honduras,1
2020-07,2020-10,1,Other,2
2020-07,2020-10,2,Honduras,1
2020-07,2020-10,3,Guatemala,1
2020-07,2020-11,2,Honduras,1
2020-07,2020-11,3,El Salvador,1
2020-07,2020-11,3,Guatemala,1
2020-07,2020-11,3,Honduras,2
2020-07,2020-11,3,Other,1
2020-07,2020-12,3,Other,1
2020-08,2020-08,1,Cuba,1
2020-08,2020-08,1,Ecuador,2
2020-08,2020-08,1,El Salvador,8
2020-08,2020-08,1,Guatemala,9
2020-08,2020-08,1,Honduras,19
2020-08,2020-08,1,Mexico,1
2020-08,2020-08,1,Nicaragua,1
2020-08,2020-08,1,Other,1
2020-08,2020-08,2,El Salvador,6
2020-08,2020-08,2,Guatemala,7
2020-08,2020-08,2,Honduras,4
2020-08,2020-08,2,Nicaragua,1
2020-08,2020-09,1,Colombia,1
2020-08,2020-09,1,Cuba,2
2020-08,2020-09,1,Ecuador,5
2020-08,2020-09,1,El Salvador,15
2020-08,2020-09,1,Guatemala,30
2020-08,2020-09,1,Honduras,57
2020-08,2020-09,1,Mexico,9
2020-08,2020-09,1,Nicaragua,2
2020-08,2020-09,1,Other,1
2020-08,2020-09,2,Ecuador,3
2020-08,2020-09,2,El Salvador,17
2020-08,2020-09,2,Guatemala,37
2020-08,2020-09,2,Honduras,21
2020-08,2020-09,2,Other,4
2020-08,2020-09,3,Ecuador,1
2020-08,2020-09,3,El Salvador,1
2020-08,2020-09,3,Guatemala,4
2020-08,2020-09,3,Honduras,4
2020-08,2020-09,3,Mexico,2
2020-08,2020-10,1,Ecuador,1
2020-08,2020-10,1,El Salvador,5
2020-08,2020-10,1,Guatemala,8
2020-08,2020-10,1,Honduras,15
2020-08,2020-10,1,Mexico,3
2020-08,2020-10,1,Nicaragua,3
2020-08,2020-10,1,Other,2
2020-08,2020-10,2,El Salvador,5
2020-08,2020-10,2,Guatemala,21
2020-08,2020-10,2,Honduras,4
2020-08,2020-10,2,Nicaragua,1
2020-08,2020-10,3,El Salvador,1
2020-08,2020-10,3,Guatemala,9
2020-08,2020-10,3,Honduras,2
2020-08,2020-10,3,Other,1
2020-08,2020-11,1,Guatemala,2
2020-08,2020-11,1,Honduras,1
2020-08,2020-11,2,Ecuador,2
2020-08,2020-11,2,Guatemala,4
2020-08,2020-11,2,Honduras,2
2020-08,2020-11,3,Guatemala,2
2020-08,2020-11,3,Honduras,5
2020-08,2020-11,3,Other,1
2020-08,2020-12,1,Honduras,1
2020-08,2020-12,2,El Salvador,1
2020-08,2020-12,2,Guatemala,3
2020-08,2020-12,2,Mexico,1
2020-08,2021-01,2,Guatemala,3
2020-08,2021-01,3,Guatemala,1
2020-08,2021-01,3,Honduras,1
2020-08,2022-02,1,Honduras,1
2020-09,2020-09,1,Ecuador,22
2020-09,2020-09,1,El Salvador,22
2020-09,2020-09,1,Guatemala,27
2020-09,2020-09,1,Honduras,36
2020-09,2020-09,1,Mexico,4
2020-09,2020-09,1,Nicaragua,1
2020-09,2020-09,1,Other,3
2020-09,2020-09,2,Ecuador,2
2020-09,2020-09,2,El Salvador,5
2020-09,2020-09,2,Guatemala,24
2020-09,2020-09,2,Honduras,16
2020-09,2020-09,2,Nicaragua,2
2020-09,2020-09,2,Other,1
2020-09,2020-10,1,Cuba,1
2020-09,2020-10,1,Ecuador,26
2020-09,2020-10,1,El Salvador,54
2020-09,2020-10,1,Guatemala,102
2020-09,2020-10,1,Honduras,125
2020-09,2020-10,1,Mexico,13
2020-09,2020-10,1,Nicaragua,5
2020-09,2020-10,1,Other,4
2020-09,2020-10,2,Cuba,2
2020-09,2020-10,2,Ecuador,7
2020-09,2020-10,2,El Salvador,30
2020-09,2020-10,2,Guatemala,180
2020-09,2020-10,2,Honduras,84
2020-09,2020-10,2,Mexico,5
2020-09,2020-10,2,Nicaragua,2
2020-09,2020-10,3,El Salvador,9
2020-09,2020-10,3,Guatemala,18
2020-09,2020-10,3,Honduras,14
2020-09,2020-10,3,Other,1
2020-09,2020-11,1,Ecuador,5
2020-09,2020-11,1,El Salvador,11
2020-09,2020-11,1,Guatemala,20
2020-09,2020-11,1,Honduras,30
2020-09,2020-11,2,Cuba,2
2020-09,2020-11,2,Ecuador,3
2020-09,2020-11,2,El Salvador,10
2020-09,2020-11,2,Guatemala,44
2020-09,2020-11,2,Honduras,28
2020-09,2020-11,3,Cuba,3
2020-09,2020-11,3,Ecuador,2
2020-09,2020-11,3,El Salvador,2
2020-09,2020-11,3,Guatemala,22
2020-09,2020-11,3,Honduras,8
2020-09,2020-11,3,Mexico,1
2020-09,2020-12,1,Ecuador,3
2020-09,2020-12,1,El Salvador,1
2020-09,2020-12,1,Guatemala,6
2020-09,2020-12,1,Honduras,6
2020-09,2020-12,2,Ecuador,1
2020-09,2020-12,2,El Salvador,2
2020-09,2020-12,2,Guatemala,11
2020-09,2020-12,2,Honduras,14
2020-09,2020-12,3,El Salvador,3
2020-09,2020-12,3,Guatemala,12
2020-09,2021-01,1,El Salvador,1
2020-09,2021-01,1,Honduras,5
2020-09,2021-01,2,Guatemala,1
2020-09,2021-01,2,Honduras,5
2020-09,2021-01,2,Other,1
2020-09,2021-01,3,El Salvador,1
2020-09,2021-01,3,Guatemala,2
2020-09,2021-01,3,Honduras,1
2020-09,2021-01,3,Nicaragua,1
2020-09,2021-02,1,Guatemala,2
2020-09,2021-02,1,Honduras,3
2020-09,2021-02,2,Cuba,1
2020-09,2021-02,2,Guatemala,2
2020-09,2021-02,3,Guatemala,2
2020-09,2021-02,3,Honduras,1
2020-09,2021-02,3,Other,1
2020-09,2021-03,1,Guatemala,1
2020-09,2021-03,2,Honduras,1
2020-09,2021-03,3,Guatemala,2
2020-09,2021-03,3,Honduras,1
2020-09,2021-04,3,Guatemala,1
2020-09,2022-01,1,Honduras,1
2020-10,2020-10,1,Ecuador,22
2020-10,2020-10,1,El Salvador,31
2020-10,2020-10,1,Guatemala,49
2020-10,2020-10,1,Honduras,65
2020-10,2020-10,1,Mexico,2
2020-10,2020-10,1,Nicaragua,2
2020-10,2020-10,1,Other,2
2020-10,2020-10,2,Ecuador,1
2020-10,2020-10,2,El Salvador,22
2020-10,2020-10,2,Guatemala,59
2020-10,2020-10,2,Honduras,21
2020-10,2020-10,3,Ecuador,1
2020-10,2020-10,3,El Salvador,1
2020-10,2020-10,3,Guatemala,2
2020-10,2020-10,3,India,1
2020-10,2020-11,1,Colombia,1
2020-10,2020-11,1,Ecuador,40
2020-10,2020-11,1,El Salvador,55
2020-10,2020-11,1,Guatemala,131
2020-10,2020-11,1,Honduras,139
2020-10,2020-11,1,Mexico,10
2020-10,2020-11,1,Nicaragua,2
2020-10,2020-11,2,Ecuador,12
2020-10,2020-11,2,El Salvador,52
2020-10,2020-11,2,Guatemala,174
2020-10,2020-11,2,Honduras,97
2020-10,2020-11,2,India,2
2020-10,2020-11,2,Mexico,3
2020-10,2020-11,2,Nicaragua,7
2020-10,2020-11,2,Other,2
2020-10,2020-11,3,Ecuador,3
2020-10,2020-11,3,El Salvador,13
2020-10,2020-11,3,Guatemala,32
2020-10,2020-11,3,Honduras,11
2020-10,2020-11,3,Mexico,2
2020-10,2020-11,3,Other,1
2020-10,2020-12,1,Ecuador,13
2020-10,2020-12,1,El Salvador,9
2020-10,2020-12,1,Guatemala,26
2020-10,2020-12,1,Honduras,40
2020-10,2020-12,1,Mexico,2
2020-10,2020-12,1,Nicaragua,1
2020-10,2020-12,1,Other,2
2020-10,2020-12,2,Ecuador,3
2020-10,2020-12,2,El Salvador,19
2020-10,2020-12,2,Guatemala,44
2020-10,2020-12,2,Honduras,27
2020-10,2020-12,2,Nicaragua,2
2020-10,2020-12,2,Other,1
2020-10,2020-12,3,El Salvador,11
2020-10,2020-12,3,Guatemala,32
2020-10,2020-12,3,Honduras,21
2020-10,2020-12,3,Other,2
2020-10,2021-01,1,El Salvador,3
2020-10,2021-01,1,Guatemala,3
2020-10,2021-01,1,Honduras,5
2020-10,2021-01,2,El Salvador,3
2020-10,2021-01,2,Guatemala,9
2020-10,2021-01,2,Honduras,9
2020-10,2021-01,3,Guatemala,10
2020-10,2021-01,3,Honduras,8
2020-10,2021-01,3,Nicaragua,2
2020-10,2021-02,1,Ecuador,1
2020-10,2021-02,1,El Salvador,2
2020-10,2021-02,1,Honduras,6
2020-10,2021-02,2,Guatemala,8
2020-10,2021-02,2,Honduras,1
2020-10,2021-02,3,El Salvador,1
2020-10,2021-02,3,Guatemala,2
2020-10,2021-02,3,Honduras,6
2020-10,2021-03,1,El Salvador,2
2020-10,2021-03,1,Honduras,2
2020-10,2021-03,2,Guatemala,1
2020-10,2021-03,2,Honduras,3
2020-10,2021-03,3,Guatemala,2
2020-10,2021-03,3,Other,1
2020-10,2021-04,1,Guatemala,1
2020-10,2021-04,1,Honduras,1
2020-10,2021-04,2,El Salvador,2
2020-10,2021-04,2,Guatemala,2
2020-10,2021-04,3,Guatemala,1
2020-10,2021-04,3,Honduras,1
2020-10,2021-04,3,Mexico,1
2020-10,2021-05,2,Guatemala,2
2020-10,2021-06,3,Guatemala,1
2020-10,2021-08,1,Honduras,1
2020-10,2022-01,1,Other,1
2020-11,2020-11,1,Ecuador,14
2020-11,2020-11,1,El Salvador,14
2020-11,2020-11,1,Guatemala,22
2020-11,2020-11,1,Honduras,66
2020-11,2020-11,1,Mexico,3
2020-11,2020-11,1,Nicaragua,2
2020-11,2020-11,2,Ecuador,2
2020-11,2020-11,2,El Salvador,12
2020-11,2020-11,2,Guatemala,45
2020-11,2020-11,2,Honduras,30
2020-11,2020-11,2,Mexico,1
2020-11,2020-11,3,El Salvador,1
2020-11,2020-11,3,Guatemala,3
2020-11,2020-11,3,Honduras,1
2020-11,2020-11,3,Other,1
2020-11,2020-12,1,Ecuador,95
2020-11,2020-12,1,El Salvador,105
2020-11,2020-12,1,Guatemala,236
2020-11,2020-12,1,Honduras,212
2020-11,2020-12,1,Mexico,19
2020-11,2020-12,1,Nicaragua,4
2020-11,2020-12,1,Other,2
2020-11,2020-12,1,Venezuela,1
2020-11,2020-12,2,Cuba,1
2020-11,2020-12,2,Ecuador,38
2020-11,2020-12,2,El Salvador,81
2020-11,2020-12,2,Guatemala,336
2020-11,2020-12,2,Honduras,160
2020-11,2020-12,2,India,1
2020-11,2020-12,2,Mexico,4
2020-11,2020-12,2,Nicaragua,5
2020-11,2020-12,2,Other,3
2020-11,2020-12,3,El Salvador,4
2020-11,2020-12,3,Guatemala,32
2020-11,2020-12,3,Honduras,24
2020-11,2020-12,3,India,2
2020-11,2020-12,3,Mexico,1
2020-11,2020-12,3,Other,1
2020-11,2021-01,1,Ecuador,6
2020-11,2021-01,1,El Salvador,11
2020-11,2021-01,1,Guatemala,45
2020-11,2021-01,1,Honduras,37
2020-11,2021-01,1,Mexico,3
2020-11,2021-01,1,Nicaragua,3
2020-11,2021-01,1,Other,1
2020-11,2021-01,2,Ecuador,2
2020-11,2021-01,2,El Salvador,25
2020-11,2021-01,2,Guatemala,133
2020-11,2021-01,2,Honduras,61
2020-11,2021-01,2,Mexico,3
2020-11,2021-01,2,Nicaragua,3
2020-11,2021-01,2,Other,1
2020-11,2021-01,3,El Salvador,6
2020-11,2021-01,3,Guatemala,38
2020-11,2021-01,3,Honduras,25
2020-11,2021-01,3,India,1
2020-11,2021-01,3,Nicaragua,1
2020-11,2021-01,3,Other,1
2020-11,2021-02,1,Ecuador,2
2020-11,2021-02,1,El Salvador,4
2020-11,2021-02,1,Guatemala,10
2020-11,2021-02,1,Honduras,10
2020-11,2021-02,1,Mexico,2
2020-11,2021-02,2,Ecuador,2
2020-11,2021-02,2,El Salvador,7
2020-11,2021-02,2,Guatemala,29
2020-11,2021-02,2,Honduras,9
2020-11,2021-02,2,Mexico,1
2020-11,2021-02,2,Nicaragua,1
2020-11,2021-02,3,El Salvador,3
2020-11,2021-02,3,Guatemala,15
2020-11,2021-02,3,Honduras,19
2020-11,2021-02,3,Nicaragua,1
2020-11,2021-03,1,El Salvador,2
2020-11,2021-03,1,Guatemala,2
2020-11,2021-03,1,Honduras,6
2020-11,2021-03,1,Mexico,1
2020-11,2021-03,2,El Salvador,3
2020-11,2021-03,2,Guatemala,6
2020-11,2021-03,2,Honduras,4
2020-11,2021-03,3,El Salvador,4
2020-11,2021-03,3,Guatemala,15
2020-11,2021-03,3,Honduras,9
2020-11,2021-04,1,Guatemala,4
2020-11,2021-04,1,Honduras,2
2020-11,2021-04,2,Guatemala,4
2020-11,2021-04,2,Honduras,5
2020-11,2021-04,3,Guatemala,6
2020-11,2021-04,3,Honduras,3
2020-11,2021-05,2,Guatemala,1
2020-11,2021-05,3,Honduras,2
2020-11,2021-06,1,Guatemala,3
2020-11,2021-06,1,Mexico,1
2020-11,2021-06,3,Honduras,1
2020-11,2021-07,2,Guatemala,2
2020-11,2021-07,3,Guatemala,1
2020-11,2021-08,3,Guatemala,2
2020-11,2022-07,2,Guatemala,1
2020-12,2020-12,1,Ecuador,26
2020-12,2020-12,1,El Salvador,44
2020-12,2020-12,1,Guatemala,129
2020-12,2020-12,1,Honduras,110
2020-12,2020-12,1,Mexico,11
2020-12,2020-12,1,Nicaragua,1
2020-12,2020-12,1,Other,2
2020-12,2020-12,2,Ecuador,23
2020-12,2020-12,2,El Salvador,33
2020-12,2020-12,2,Guatemala,139
2020-12,2020-12,2,Honduras,50
2020-12,2020-12,2,Mexico,5
2020-12,2020-12,2,Nicaragua,5
2020-12,2020-12,3,Guatemala,12
2020-12,2020-12,3,Honduras,5
2020-12,2020-12,3,Mexico,1
2020-12,2021-01,1,Cuba,1
2020-12,2021-01,1,Ecuador,68
2020-12,2021-01,1,El Salvador,102
2020-12,2021-01,1,Guatemala,311
2020-12,2021-01,1,Honduras,295
2020-12,2021-01,1,Mexico,23
2020-12,2021-01,1,Nicaragua,9
2020-12,2021-01,1,Other,7
2020-12,2021-01,1,Venezuela,1
2020-12,2021-01,2,Ecuador,39
2020-12,2021-01,2,El Salvador,91
2020-12,2021-01,2,Guatemala,494
2020-12,2021-01,2,Honduras,210
2020-12,2021-01,2,Mexico,5
2020-12,2021-01,2,Nicaragua,6
2020-12,2021-01,2,Other,1
2020-12,2021-01,3,Ecuador,5
2020-12,2021-01,3,El Salvador,13
2020-12,2021-01,3,Guatemala,57
2020-12,2021-01,3,Honduras,34
2020-12,2021-01,3,India,3
2020-12,2021-01,3,Nicaragua,2
2020-12,2021-02,1,Ecuador,12
2020-12,2021-02,1,El Salvador,15
2020-12,2021-02,1,Guatemala,58
2020-12,2021-02,1,Honduras,45
2020-12,2021-02,1,Mexico,3
2020-12,2021-02,1,Nicaragua,2
2020-12,2021-02,2,Cuba,1
2020-12,2021-02,2,Ecuador,9
2020-12,2021-02,2,El Salvador,28
2020-12,2021-02,2,Guatemala,148
2020-12,2021-02,2,Honduras,70
2020-12,2021-02,2,Mexico,4
2020-12,2021-02,2,Nicaragua,1
2020-12,2021-02,3,Ecuador,2
2020-12,2021-02,3,El Salvador,8
2020-12,2021-02,3,Guatemala,73
2020-12,2021-02,3,Honduras,25
2020-12,2021-02,3,India,1
2020-12,2021-02,3,Mexico,2
2020-12,2021-02,3,Nicaragua,4
2020-12,2021-02,3,Other,1
2020-12,2021-03,1,Ecuador,3
2020-12,2021-03,1,El Salvador,3
2020-12,2021-03,1,Guatemala,13
2020-12,2021-03,1,Honduras,9
2020-12,2021-03,1,Mexico,2
2020-12,2021-03,2,El Salvador,4
2020-12,2021-03,2,Guatemala,46
2020-12,2021-03,2,Honduras,27
2020-12,2021-03,2,Mexico,3
2020-12,2021-03,2,Nicaragua,2
2020-12,2021-03,3,Ecuador,2
2020-12,2021-03,3,El Salvador,6
2020-12,2021-03,3,Guatemala,54
2020-12,2021-03,3,Honduras,13
2020-12,2021-03,3,Other,5
2020-12,2021-04,1,Guatemala,3
2020-12,2021-04,1,Other,1
2020-12,2021-04,2,El Salvador,2
2020-12,2021-04,2,Guatemala,11
2020-12,2021-04,2,Honduras,5
2020-12,2021-04,3,El Salvador,2
2020-12,2021-04,3,Guatemala,28
2020-12,2021-04,3,Honduras,5
2020-12,2021-05,1,Guatemala,2
2020-12,2021-05,2,Guatemala,2
2020-12,2021-05,3,El Salvador,4
2020-12,2021-05,3,Guatemala,4
2020-12,2021-05,3,Honduras,1
2020-12,2021-06,1,Guatemala,3
2020-12,2021-06,2,Guatemala,3
2020-12,2021-06,3,Guatemala,7
2020-12,2021-07,2,Guatemala,2
2020-12,2021-07,3,Guatemala,2
2020-12,2021-08,3,Guatemala,2
2020-12,2021-09,2,Guatemala,1
2020-12,2021-09,3,Guatemala,1
2020-12,2021-12,3,Guatemala,1
2020-12,2022-07,3,Other,1
2021-01,2021-01,1,Ecuador,28
2021-01,2021-01,1,El Salvador,14
2021-01,2021-01,1,Guatemala,72
2021-01,2021-01,1,Honduras,56
2021-01,2021-01,1,Mexico,9
2021-01,2021-01,1,Other,2
2021-01,2021-01,1,Venezuela,2
2021-01,2021-01,2,Ecuador,21
2021-01,2021-01,2,El Salvador,13
2021-01,2021-01,2,Guatemala,97
2021-01,2021-01,2,Honduras,35
2021-01,2021-01,2,India,2
2021-01,2021-01,2,Mexico,3
2021-01,2021-01,2,Nicaragua,2
2021-01,2021-01,2,Other,1
2021-01,2021-01,3,El Salvador,2
2021-01,2021-01,3,Guatemala,5
2021-01,2021-01,3,Honduras,1
2021-01,2021-01,3,India,2
2021-01,2021-01,3,Mexico,1
2021-01,2021-01,3,Nicaragua,1
2021-01,2021-02,1,Cuba,1
2021-01,2021-02,1,Ecuador,95
2021-01,2021-02,1,El Salvador,119
2021-01,2021-02,1,Guatemala,405
2021-01,2021-02,1,Honduras,355
2021-01,2021-02,1,Mexico,18
2021-01,2021-02,1,Nicaragua,6
2021-01,2021-02,1,Other,6
2021-01,2021-02,2,Ecuador,52
2021-01,2021-02,2,El Salvador,107
2021-01,2021-02,2,Guatemala,534
2021-01,2021-02,2,Honduras,272
2021-01,2021-02,2,India,10
2021-01,2021-02,2,Mexico,17
2021-01,2021-02,2,Nicaragua,2
2021-01,2021-02,2,Other,6
2021-01,2021-02,3,Ecuador,8
2021-01,2021-02,3,El Salvador,7
2021-01,2021-02,3,Guatemala,49
2021-01,2021-02,3,Honduras,29
2021-01,2021-02,3,India,7
2021-01,2021-02,3,Mexico,2
2021-01,2021-02,3,Other,3
2021-01,2021-02,3,Venezuela,1
2021-01,2021-03,1,Ecuador,17
2021-01,2021-03,1,El Salvador,29
2021-01,2021-03,1,Guatemala,104
2021-01,2021-03,1,Honduras,76
2021-01,2021-03,1,Mexico,2
2021-01,2021-03,1,Nicaragua,1
2021-01,2021-03,1,Other,2
2021-01,2021-03,2,Ecuador,11
2021-01,2021-03,2,El Salvador,42
2021-01,2021-03,2,Guatemala,312
2021-01,2021-03,2,Honduras,132
2021-01,2021-03,2,India,2
2021-01,2021-03,2,Mexico,11
2021-01,2021-03,2,Nicaragua,3
2021-01,2021-03,2,Other,1
2021-01,2021-03,3,Ecuador,2
2021-01,2021-03,3,El Salvador,17
2021-01,2021-03,3,Guatemala,135
2021-01,2021-03,3,Honduras,45
2021-01,2021-03,3,India,7
2021-01,2021-03,3,Mexico,2
2021-01,2021-03,3,Other,1
2021-01,2021-04,1,Ecuador,1
2021-01,2021-04,1,El Salvador,9
2021-01,2021-04,1,Guatemala,16
2021-01,2021-04,1,Honduras,14
2021-01,2021-04,1,Mexico,1
2021-01,2021-04,2,Ecuador,1
2021-01,2021-04,2,El Salvador,6
2021-01,2021-04,2,Guatemala,51
2021-01,2021-04,2,Honduras,18
2021-01,2021-04,2,Mexico,1
2021-01,2021-04,2,Other,1
2021-01,2021-04,3,Cuba,1
2021-01,2021-04,3,El Salvador,4
2021-01,2021-04,3,Guatemala,59
2021-01,2021-04,3,Honduras,21
2021-01,2021-05,1,El Salvador,1
2021-01,2021-05,1,Guatemala,11
2021-01,2021-05,1,Honduras,1
2021-01,2021-05,1,Mexico,1
2021-01,2021-05,2,El Salvador,1
2021-01,2021-05,2,Guatemala,29
2021-01,2021-05,2,Honduras,6
2021-01,2021-05,2,Mexico,1
2021-01,2021-05,2,Other,1
2021-01,2021-05,3,Ecuador,2
2021-01,2021-05,3,El Salvador,1
2021-01,2021-05,3,Guatemala,47
2021-01,2021-05,3,Honduras,12
2021-01,2021-06,1,Honduras,2
2021-01,2021-06,2,El Salvador,1
2021-01,2021-06,2,Guatemala,6
2021-01,2021-06,2,Honduras,4
2021-01,2021-06,3,Guatemala,16
2021-01,2021-06,3,Honduras,2
2021-01,2021-06,3,Mexico,1
2021-01,2021-07,1,Honduras,1
2021-01,2021-07,2,Guatemala,3
2021-01,2021-07,2,Honduras,3
2021-01,2021-07,3,Guatemala,17
2021-01,2021-07,3,Honduras,1
2021-01,2021-07,3,Mexico,1
2021-01,2021-08,2,Guatemala,1
2021-01,2021-08,2,Honduras,1
2021-01,2021-08,3,Guatemala,2
2021-01,2021-09,2,Guatemala,2
2021-01,2021-09,3,Guatemala,4
2021-01,2021-10,1,Guatemala,1
2021-01,2021-12,3,Guatemala,1
2021-01,2022-01,2,Guatemala,1
2021-01,2022-01,3,Guatemala,1
2021-01,2022-04,3,Guatemala,1
2021-01,2022-07,3,Honduras,1
2021-01,2022-09,2,Guatemala,1
2021-02,2021-02,1,Colombia,1
2021-02,2021-02,1,Ecuador,25
2021-02,2021-02,1,El Salvador,43
2021-02,2021-02,1,Guatemala,148
2021-02,2021-02,1,Honduras,121
2021-02,2021-02,1,Mexico,13
2021-02,2021-02,1,Nicaragua,1
2021-02,2021-02,1,Other,1
2021-02,2021-02,2,Ecuador,13
2021-02,2021-02,2,El Salvador,25
2021-02,2021-02,2,Guatemala,147
2021-02,2021-02,2,Honduras,62
2021-02,2021-02,2,India,1
2021-02,2021-02,2,Mexico,1
2021-02,2021-02,2,Nicaragua,2
2021-02,2021-02,3,Ecuador,2
2021-02,2021-02,3,El Salvador,2
2021-02,2021-02,3,Guatemala,11
2021-02,2021-02,3,Honduras,2
2021-02,2021-02,3,India,1
2021-02,2021-03,1,Ecuador,73
2021-02,2021-03,1,El Salvador,231
2021-02,2021-03,1,Guatemala,647
2021-02,2021-03,1,Honduras,688
2021-02,2021-03,1,India,1
2021-02,2021-03,1,Mexico,31
2021-02,2021-03,1,Nicaragua,16
2021-02,2021-03,1,Other,5
2021-02,2021-03,1,Venezuela,4
2021-02,2021-03,2,Ecuador,34
2021-02,2021-03,2,El Salvador,170
2021-02,2021-03,2,Guatemala,1100
2021-02,2021-03,2,Honduras,537
2021-02,2021-03,2,India,6
2021-02,2021-03,2,Mexico,17
2021-02,2021-03,2,Nicaragua,11
2021-02,2021-03,2,Other,5
2021-02,2021-03,3,Ecuador,8
2021-02,2021-03,3,El Salvador,27
2021-02,2021-03,3,Guatemala,145
2021-02,2021-03,3,Honduras,59
2021-02,2021-03,3,India,7
2021-02,2021-03,3,Nicaragua,2
2021-02,2021-03,3,Other,2
2021-02,2021-04,1,Ecuador,6
2021-02,2021-04,1,El Salvador,13
2021-02,2021-04,1,Guatemala,60
2021-02,2021-04,1,Honduras,75
2021-02,2021-04,1,Mexico,7
2021-02,2021-04,1,Nicaragua,1
2021-02,2021-04,1,Other,2
2021-02,2021-04,2,Ecuador,11
2021-02,2021-04,2,El Salvador,55
2021-02,2021-04,2,Guatemala,353
2021-02,2021-04,2,Honduras,184
2021-02,2021-04,2,Mexico,2
2021-02,2021-04,2,Nicaragua,3
2021-02,2021-04,2,Other,1
2021-02,2021-04,3,Ecuador,1
2021-02,2021-04,3,El Salvador,9
2021-02,2021-04,3,Guatemala,153
2021-02,2021-04,3,Honduras,61
2021-02,2021-04,3,India,8
2021-02,2021-04,3,Mexico,1
2021-02,2021-04,3,Nicaragua,1
2021-02,2021-04,3,Other,3
2021-02,2021-05,1,Ecuador,4
2021-02,2021-05,1,El Salvador,5
2021-02,2021-05,1,Guatemala,11
2021-02,2021-05,1,Honduras,7
2021-02,2021-05,2,Ecuador,2
2021-02,2021-05,2,El Salvador,14
2021-02,2021-05,2,Guatemala,58
2021-02,2021-05,2,Honduras,48
2021-02,2021-05,2,Mexico,2
2021-02,2021-05,3,El Salvador,6
2021-02,2021-05,3,Guatemala,88
2021-02,2021-05,3,Honduras,28
2021-02,2021-05,3,India,1
2021-02,2021-06,1,El Salvador,1
2021-02,2021-06,1,Guatemala,4
2021-02,2021-06,1,Honduras,6
2021-02,2021-06,2,El Salvador,2
2021-02,2021-06,2,Guatemala,21
2021-02,2021-06,2,Honduras,6
2021-02,2021-06,3,El Salvador,2
2021-02,2021-06,3,Guatemala,44
2021-02,2021-06,3,Honduras,18
2021-02,2021-06,3,Mexico,1
2021-02,2021-06,3,Nicaragua,2
2021-02,2021-07,1,Guatemala,3
2021-02,2021-07,1,Honduras,1
2021-02,2021-07,2,Guatemala,14
2021-02,2021-07,2,Honduras,3
2021-02,2021-07,2,Mexico,1
2021-02,2021-07,2,Nicaragua,1
2021-02,2021-07,2,Other,1
2021-02,2021-07,3,Guatemala,40
2021-02,2021-07,3,Honduras,16
2021-02,2021-08,1,Guatemala,1
2021-02,2021-08,1,Honduras,2
2021-02,2021-08,1,Nicaragua,2
2021-02,2021-08,2,Guatemala,3
2021-02,2021-08,2,Honduras,1
2021-02,2021-08,3,Guatemala,10
2021-02,2021-09,1,Guatemala,1
2021-02,2021-09,1,Honduras,2
2021-02,2021-09,3,Guatemala,3
2021-02,2021-09,3,Honduras,1
2021-02,2021-10,1,Guatemala,1
2021-02,2021-10,2,El Salvador,2
2021-02,2021-10,2,Honduras,2
2021-02,2021-10,3,Guatemala,2
2021-02,2021-11,2,Guatemala,2
2021-02,2021-11,3,Guatemala,2
2021-02,2021-12,2,Guatemala,1
2021-02,2022-02,1,Guatemala,1
2021-02,2022-03,3,Guatemala,1
2021-02,2022-09,1,Guatemala,1
2021-03,2021-03,1,Ecuador,53
2021-03,2021-03,1,El Salvador,114
2021-03,2021-03,1,Guatemala,395
2021-03,2021-03,1,Honduras,400
2021-03,2021-03,1,India,1
2021-03,2021-03,1,Mexico,17
2021-03,2021-03,1,Nicaragua,12
2021-03,2021-03,1,Other,1
2021-03,2021-03,2,Ecuador,7
2021-03,2021-03,2,El Salvador,58
2021-03,2021-03,2,Guatemala,247
2021-03,2021-03,2,Honduras,186
2021-03,2021-03,2,Mexico,2
2021-03,2021-03,2,Nicaragua,1
2021-03,2021-03,2,Other,7
2021-03,2021-03,3,Ecuador,1
2021-03,2021-03,3,El Salvador,1
2021-03,2021-03,3,Guatemala,9
2021-03,2021-03,3,Honduras,8
2021-03,2021-04,1,Colombia,1
2021-03,2021-04,1,Ecuador,75
2021-03,2021-04,1,El Salvador,377
2021-03,2021-04,1,Guatemala,1273
2021-03,2021-04,1,Honduras,1302
2021-03,2021-04,1,India,2
2021-03,2021-04,1,Mexico,42
2021-03,2021-04,1,Nicaragua,27
2021-03,2021-04,1,Other,12
2021-03,2021-04,1,Venezuela,4
2021-03,2021-04,2,Cuba,1
2021-03,2021-04,2,Ecuador,62
2021-03,2021-04,2,El Salvador,237
2021-03,2021-04,2,Guatemala,1565
2021-03,2021-04,2,Honduras,946
2021-03,2021-04,2,India,5
2021-03,2021-04,2,Mexico,23
2021-03,2021-04,2,Nicaragua,19
2021-03,2021-04,2,Other,11
2021-03,2021-04,3,Ecuador,1
2021-03,2021-04,3,El Salvador,25
2021-03,2021-04,3,Guatemala,167
2021-03,2021-04,3,Honduras,80
2021-03,2021-04,3,India,7
2021-03,2021-04,3,Mexico,2
2021-03,2021-04,3,Nicaragua,3
2021-03,2021-04,3,Other,8
2021-03,2021-05,1,Ecuador,9
2021-03,2021-05,1,El Salvador,44
2021-03,2021-05,1,Guatemala,198
2021-03,2021-05,1,Honduras,212
2021-03,2021-05,1,Mexico,11
2021-03,2021-05,1,Nicaragua,5
2021-03,2021-05,1,Other,2
2021-03,2021-05,2,Cuba,1
2021-03,2021-05,2,Ecuador,24
2021-03,2021-05,2,El Salvador,204
2021-03,2021-05,2,Guatemala,1564
2021-03,2021-05,2,Honduras,758
2021-03,2021-05,2,India,2
2021-03,2021-05,2,Mexico,4
2021-03,2021-05,2,Nicaragua,26
2021-03,2021-05,2,Other,4
2021-03,2021-05,2,Venezuela,1
2021-03,2021-05,3,Cuba,1
2021-03,2021-05,3,El Salvador,37
2021-03,2021-05,3,Guatemala,263
2021-03,2021-05,3,Honduras,177
2021-03,2021-05,3,India,4
2021-03,2021-05,3,Mexico,1
2021-03,2021-05,3,Nicaragua,7
2021-03,2021-05,3,Other,5
2021-03,2021-06,1,Ecuador,2
2021-03,2021-06,1,El Salvador,4
2021-03,2021-06,1,Guatemala,32
2021-03,2021-06,1,Honduras,39
2021-03,2021-06,1,Mexico,1
2021-03,2021-06,1,Nicaragua,1
2021-03,2021-06,1,Other,1
2021-03,2021-06,2,Ecuador,1
2021-03,2021-06,2,El Salvador,46
2021-03,2021-06,2,Guatemala,341
2021-03,2021-06,2,Honduras,151
2021-03,2021-06,2,India,1
2021-03,2021-06,2,Mexico,4
2021-03,2021-06,2,Nicaragua,6
2021-03,2021-06,2,Other,4
2021-03,2021-06,3,Ecuador,3
2021-03,2021-06,3,El Salvador,16
2021-03,2021-06,3,Guatemala,248
2021-03,2021-06,3,Honduras,107
2021-03,2021-06,3,India,5
2021-03,2021-06,3,Mexico,1
2021-03,2021-06,3,Nicaragua,7
2021-03,2021-07,1,Ecuador,1
2021-03,2021-07,1,El Salvador,4
2021-03,2021-07,1,Guatemala,13
2021-03,2021-07,1,Honduras,13
2021-03,2021-07,1,Nicaragua,2
2021-03,2021-07,2,El Salvador,8
2021-03,2021-07,2,Guatemala,149
2021-03,2021-07,2,Honduras,61
2021-03,2021-07,2,Mexico,1
2021-03,2021-07,2,Nicaragua,2
2021-03,2021-07,2,Other,2
2021-03,2021-07,3,Ecuador,1
2021-03,2021-07,3,El Salvador,17
2021-03,2021-07,3,Guatemala,236
2021-03,2021-07,3,Honduras,103
2021-03,2021-07,3,Nicaragua,1
2021-03,2021-07,3,Other,1
2021-03,2021-07,3,Venezuela,2
2021-03,2021-08,1,Guatemala,3
2021-03,2021-08,1,Honduras,5
2021-03,2021-08,2,Guatemala,35
2021-03,2021-08,2,Honduras,13
2021-03,2021-08,2,Nicaragua,2
2021-03,2021-08,3,El Salvador,5
2021-03,2021-08,3,Guatemala,59
2021-03,2021-08,3,Honduras,15
2021-03,2021-08,3,Nicaragua,2
2021-03,2021-08,3,Other,2
2021-03,2021-09,1,Guatemala,3
2021-03,2021-09,1,Honduras,1
2021-03,2021-09,2,El Salvador,1
2021-03,2021-09,2,Guatemala,11
2021-03,2021-09,2,Honduras,1
2021-03,2021-09,3,El Salvador,1
2021-03,2021-09,3,Guatemala,19
2021-03,2021-09,3,Honduras,7
2021-03,2021-09,3,India,1
2021-03,2021-09,3,Mexico,1
2021-03,2021-10,2,Guatemala,7
2021-03,2021-10,2,Honduras,3
2021-03,2021-10,3,Guatemala,9
2021-03,2021-10,3,Honduras,1
2021-03,2021-11,1,Honduras,1
2021-03,2021-11,2,Guatemala,3
2021-03,2021-11,3,Guatemala,6
2021-03,2021-12,2,Guatemala,1
2021-03,2021-12,3,Guatemala,4
2021-03,2022-01,3,Guatemala,3
2021-03,2022-01,3,Honduras,1
2021-03,2022-02,3,Guatemala,2
2021-03,2022-05,2,Guatemala,1
2021-03,2022-05,3,Guatemala,2
2021-03,2022-06,3,Guatemala,2
2021-03,2022-08,2,Guatemala,1
2021-03,2022-09,3,Guatemala,1
2021-03,2022-10,2,Guatemala,1
2021-04,2021-04,1,Cuba,1
2021-04,2021-04,1,Ecuador,86
2021-04,2021-04,1,El Salvador,300
2021-04,2021-04,1,Guatemala,732
2021-04,2021-04,1,Honduras,940
2021-04,2021-04,1,Mexico,42
2021-04,2021-04,1,Nicaragua,23
2021-04,2021-04,1,Other,11
2021-04,2021-04,1,Venezuela,10
2021-04,2021-04,2,Colombia,2
2021-04,2021-04,2,Ecuador,11
2021-04,2021-04,2,El Salvador,73
2021-04,2021-04,2,Guatemala,247
2021-04,2021-04,2,Honduras,218
2021-04,2021-04,2,India,1
2021-04,2021-04,2,Mexico,5
2021-04,2021-04,2,Nicaragua,12
2021-04,2021-04,2,Other,7
2021-04,2021-04,3,Guatemala,5
2021-04,2021-04,3,Honduras,3
2021-04,2021-05,1,Colombia,4
2021-04,2021-05,1,Cuba,2
2021-04,2021-05,1,Ecuador,187
2021-04,2021-05,1,El Salvador,757
2021-04,2021-05,1,Guatemala,1833
2021-04,2021-05,1,Honduras,2027
2021-04,2021-05,1,India,1
2021-04,2021-05,1,Mexico,60
2021-04,2021-05,1,Nicaragua,62
2021-04,2021-05,1,Other,29
2021-04,2021-05,1,Venezuela,20
2021-04,2021-05,2,Colombia,1
2021-04,2021-05,2,Ecuador,95
2021-04,2021-05,2,El Salvador,697
2021-04,2021-05,2,Guatemala,2519
2021-04,2021-05,2,Honduras,1654
2021-04,2021-05,2,India,9
2021-04,2021-05,2,Mexico,45
2021-04,2021-05,2,Nicaragua,76
2021-04,2021-05,2,Other,28
2021-04,2021-05,3,Ecuador,3
2021-04,2021-05,3,El Salvador,44
2021-04,2021-05,3,Guatemala,145
2021-04,2021-05,3,Honduras,121
2021-04,2021-05,3,India,7
2021-04,2021-05,3,Mexico,5
2021-04,2021-05,3,Nicaragua,2
2021-04,2021-05,3,Other,6
2021-04,2021-05,3,Venezuela,1
2021-04,2021-06,1,Ecuador,9
2021-04,2021-06,1,El Salvador,62
2021-04,2021-06,1,Guatemala,145
2021-04,2021-06,1,Honduras,153
2021-04,2021-06,1,Mexico,8
2021-04,2021-06,1,Nicaragua,9
2021-04,2021-06,1,Other,3
2021-04,2021-06,2,Colombia,1
2021-04,2021-06,2,Ecuador,24
2021-04,2021-06,2,El Salvador,290
2021-04,2021-06,2,Guatemala,1220
2021-04,2021-06,2,Honduras,810
2021-04,2021-06,2,India,2
2021-04,2021-06,2,Mexico,12
2021-04,2021-06,2,Nicaragua,37
2021-04,2021-06,2,Other,6
2021-04,2021-06,2,Venezuela,2
2021-04,2021-06,3,Ecuador,8
2021-04,2021-06,3,El Salvador,103
2021-04,2021-06,3,Guatemala,328
2021-04,2021-06,3,Honduras,234
2021-04,2021-06,3,India,10
2021-04,2021-06,3,Mexico,6
2021-04,2021-06,3,Nicaragua,21
2021-04,2021-06,3,Other,6
2021-04,2021-06,3,Venezuela,1
2021-04,2021-07,1,Ecuador,5
2021-04,2021-07,1,El Salvador,19
2021-04,2021-07,1,Guatemala,54
2021-04,2021-07,1,Honduras,89
2021-04,2021-07,1,Mexico,4
2021-04,2021-07,1,Nicaragua,1
2021-04,2021-07,1,Other,1
2021-04,2021-07,2,Ecuador,4
2021-04,2021-07,2,El Salvador,48
2021-04,2021-07,2,Guatemala,309
2021-04,2021-07,2,Honduras,165
2021-04,2021-07,2,India,1
2021-04,2021-07,2,Mexico,1
2021-04,2021-07,2,Nicaragua,8
2021-04,2021-07,2,Other,2
2021-04,2021-07,3,Ecuador,3
2021-04,2021-07,3,El Salvador,64
2021-04,2021-07,3,Guatemala,310
2021-04,2021-07,3,Honduras,169
2021-04,2021-07,3,India,3
2021-04,2021-07,3,Mexico,8
2021-04,2021-07,3,Nicaragua,5
2021-04,2021-07,3,Other,2
2021-04,2021-08,1,El Salvador,6
2021-04,2021-08,1,Guatemala,15
2021-04,2021-08,1,Honduras,17
2021-04,2021-08,1,Mexico,1
2021-04,2021-08,2,El Salvador,9
2021-04,2021-08,2,Guatemala,72
2021-04,2021-08,2,Honduras,32
2021-04,2021-08,2,Mexico,2
2021-04,2021-08,2,Nicaragua,1
2021-04,2021-08,3,Ecuador,1
2021-04,2021-08,3,El Salvador,14
2021-04,2021-08,3,Guatemala,132
2021-04,2021-08,3,Honduras,60
2021-04,2021-08,3,Mexico,1
2021-04,2021-08,3,Nicaragua,3
2021-04,2021-09,1,Guatemala,10
2021-04,2021-09,1,Honduras,2
2021-04,2021-09,1,Nicaragua,1
2021-04,2021-09,2,El Salvador,3
2021-04,2021-09,2,Guatemala,15
2021-04,2021-09,2,Honduras,11
2021-04,2021-09,3,El Salvador,4
2021-04,2021-09,3,Guatemala,43
2021-04,2021-09,3,Honduras,18
2021-04,2021-09,3,Nicaragua,1
2021-04,2021-10,1,El Salvador,1
2021-04,2021-10,1,Guatemala,5
2021-04,2021-10,1,Honduras,2
2021-04,2021-10,2,El Salvador,3
2021-04,2021-10,2,Guatemala,14
2021-04,2021-10,2,Honduras,3
2021-04,2021-10,3,Guatemala,22
2021-04,2021-10,3,Honduras,8
2021-04,2021-10,3,India,1
2021-04,2021-11,1,Honduras,1
2021-04,2021-11,2,Guatemala,6
2021-04,2021-11,2,Honduras,3
2021-04,2021-11,3,Guatemala,10
2021-04,2021-11,3,Honduras,2
2021-04,2021-12,2,Guatemala,2
2021-04,2021-12,3,Guatemala,3
2021-04,2021-12,3,Honduras,3
2021-04,2022-01,2,Guatemala,1
2021-04,2022-01,2,Honduras,1
2021-04,2022-01,3,Guatemala,4
2021-04,2022-02,1,Honduras,1
2021-04,2022-02,2,Guatemala,1
2021-04,2022-02,2,Honduras,1
2021-04,2022-02,3,Guatemala,2
2021-04,2022-03,1,Honduras,4
2021-04,2022-03,2,Honduras,1
2021-04,2022-03,3,Guatemala,2
2021-04,2022-04,3,Guatemala,1
2021-04,2022-04,3,Honduras,1
2021-04,2022-05,2,Ecuador,1
2021-04,2022-05,2,Guatemala,1
2021-04,2022-05,3,Guatemala,1
2021-04,2022-05,3,Honduras,1
2021-04,2022-06,1,Honduras,1
2021-04,2022-06,2,Guatemala,1
2021-04,2022-09,2,Honduras,1
2021-04,2022-11,1,Honduras,1
2021-04,2023-01,2,Guatemala,2
2021-05,2021-05,1,Ecuador,110
2021-05,2021-05,1,El Salvador,266
2021-05,2021-05,1,Guatemala,551
2021-05,2021-05,1,Honduras,647
2021-05,2021-05,1,India,1
2021-05,2021-05,1,Mexico,27
2021-05,2021-05,1,Nicaragua,32
2021-05,2021-05,1,Other,17
2021-05,2021-05,1,Venezuela,15
2021-05,2021-05,2,Ecuador,28
2021-05,2021-05,2,El Salvador,137
2021-05,2021-05,2,Guatemala,409
2021-05,2021-05,2,Honduras,258
2021-05,2021-05,2,India,1
2021-05,2021-05,2,Mexico,7
2021-05,2021-05,2,Nicaragua,13
2021-05,2021-05,2,Other,13
2021-05,2021-05,2,Venezuela,5
2021-05,2021-05,3,El Salvador,1
2021-05,2021-05,3,Guatemala,5
2021-05,2021-05,3,Honduras,2
2021-05,2021-05,3,Nicaragua,2
2021-05,2021-05,3,Other,1
2021-05,2021-06,1,Colombia,2
2021-05,2021-06,1,Ecuador,147
2021-05,2021-06,1,El Salvador,394
2021-05,2021-06,1,Guatemala,949
2021-05,2021-06,1,Honduras,916
2021-05,2021-06,1,Mexico,59
2021-05,2021-06,1,Nicaragua,55
2021-05,2021-06,1,Other,10
2021-05,2021-06,1,Venezuela,15
2021-05,2021-06,2,Cuba,1
2021-05,2021-06,2,Ecuador,77
2021-05,2021-06,2,El Salvador,495
2021-05,2021-06,2,Guatemala,1862
2021-05,2021-06,2,Honduras,1078
2021-05,2021-06,2,India,8
2021-05,2021-06,2,Mexico,36
2021-05,2021-06,2,Nicaragua,87
2021-05,2021-06,2,Other,17
2021-05,2021-06,2,Venezuela,8
2021-05,2021-06,3,Ecuador,4
2021-05,2021-06,3,El Salvador,92
2021-05,2021-06,3,Guatemala,253
2021-05,2021-06,3,Honduras,146
2021-05,2021-06,3,India,9
2021-05,2021-06,3,Mexico,5
2021-05,2021-06,3,Nicaragua,16
2021-05,2021-06,3,Other,5
2021-05,2021-07,1,Ecuador,12
2021-05,2021-07,1,El Salvador,26
2021-05,2021-07,1,Guatemala,80
2021-05,2021-07,1,Honduras,100
2021-05,2021-07,1,Mexico,5
2021-05,2021-07,1,Nicaragua,9
2021-05,2021-07,1,Other,8
2021-05,2021-07,1,Venezuela,1
2021-05,2021-07,2,Ecuador,13
2021-05,2021-07,2,El Salvador,114
2021-05,2021-07,2,Guatemala,397
2021-05,2021-07,2,Honduras,255
2021-05,2021-07,2,India,2
2021-05,2021-07,2,Mexico,9
2021-05,2021-07,2,Nicaragua,18
2021-05,2021-07,2,Other,12
2021-05,2021-07,3,Ecuador,4
2021-05,2021-07,3,El Salvador,75
2021-05,2021-07,3,Guatemala,210
2021-05,2021-07,3,Honduras,141
2021-05,2021-07,3,India,11
2021-05,2021-07,3,Mexico,4
2021-05,2021-07,3,Nicaragua,15
2021-05,2021-07,3,Other,13
2021-05,2021-08,1,Ecuador,2
2021-05,2021-08,1,El Salvador,10
2021-05,2021-08,1,Guatemala,19
2021-05,2021-08,1,Honduras,31
2021-05,2021-08,1,Mexico,1
2021-05,2021-08,2,Ecuador,1
2021-05,2021-08,2,El Salvador,13
2021-05,2021-08,2,Guatemala,93
2021-05,2021-08,2,Honduras,54
2021-05,2021-08,2,India,1
2021-05,2021-08,2,Mexico,1
2021-05,2021-08,2,Nicaragua,1
2021-05,2021-08,3,Ecuador,3
2021-05,2021-08,3,El Salvador,16
2021-05,2021-08,3,Guatemala,107
2021-05,2021-08,3,Honduras,54
2021-05,2021-08,3,India,1
2021-05,2021-08,3,Mexico,5
2021-05,2021-08,3,Nicaragua,12
2021-05,2021-08,3,Other,4
2021-05,2021-09,1,El Salvador,2
2021-05,2021-09,1,Guatemala,3
2021-05,2021-09,1,Honduras,7
2021-05,2021-09,2,Ecuador,2
2021-05,2021-09,2,El Salvador,6
2021-05,2021-09,2,Guatemala,23
2021-05,2021-09,2,Honduras,13
2021-05,2021-09,2,Other,1
2021-05,2021-09,3,Ecuador,1
2021-05,2021-09,3,El Salvador,5
2021-05,2021-09,3,Guatemala,35
2021-05,2021-09,3,Honduras,15
2021-05,2021-09,3,India,2
2021-05,2021-09,3,Mexico,2
2021-05,2021-09,3,Nicaragua,2
2021-05,2021-09,3,Other,3
2021-05,2021-10,1,Guatemala,3
2021-05,2021-10,1,Honduras,7
2021-05,2021-10,1,Other,1
2021-05,2021-10,2,El Salvador,1
2021-05,2021-10,2,Guatemala,12
2021-05,2021-10,2,Honduras,4
2021-05,2021-10,3,Guatemala,20
2021-05,2021-10,3,Honduras,2
2021-05,2021-10,3,Nicaragua,2
2021-05,2021-11,1,Guatemala,2
2021-05,2021-11,1,Honduras,3
2021-05,2021-11,2,Guatemala,4
2021-05,2021-11,2,Honduras,1
2021-05,2021-11,3,Guatemala,5
2021-05,2021-11,3,Honduras,4
2021-05,2021-12,2,Ecuador,1
2021-05,2021-12,2,Guatemala,3
2021-05,2021-12,3,Guatemala,4
2021-05,2021-12,3,Honduras,2
2021-05,2022-01,2,Guatemala,2
2021-05,2022-01,2,Honduras,1
2021-05,2022-01,3,Guatemala,2
2021-05,2022-02,1,Honduras,1
2021-05,2022-02,3,Mexico,1
2021-05,2022-03,1,Guatemala,1
2021-05,2022-04,3,Guatemala,2
2021-05,2022-06,2,Guatemala,1
2021-05,2022-06,3,Other,1
2021-05,2022-07,2,Honduras,1
2021-05,2022-08,3,Other,1
2021-06,2021-06,1,Colombia,1
2021-06,2021-06,1,Cuba,1
2021-06,2021-06,1,Ecuador,94
2021-06,2021-06,1,El Salvador,308
2021-06,2021-06,1,Guatemala,721
2021-06,2021-06,1,Honduras,634
2021-06,2021-06,1,Mexico,28
2021-06,2021-06,1,Nicaragua,41
2021-06,2021-06,1,Other,6
2021-06,2021-06,1,Venezuela,21
2021-06,2021-06,2,Ecuador,25
2021-06,2021-06,2,El Salvador,240
2021-06,2021-06,2,Guatemala,771
2021-06,2021-06,2,Honduras,428
2021-06,2021-06,2,Mexico,13
2021-06,2021-06,2,Nicaragua,23
2021-06,2021-06,2,Other,4
2021-06,2021-06,2,Venezuela,2
2021-06,2021-06,3,Ecuador,1
2021-06,2021-06,3,El Salvador,19
2021-06,2021-06,3,Guatemala,47
2021-06,2021-06,3,Honduras,32
2021-06,2021-06,3,Nicaragua,4
2021-06,2021-06,3,Other,1
2021-06,2021-07,1,Colombia,2
2021-06,2021-07,1,Ecuador,124
2021-06,2021-07,1,El Salvador,421
2021-06,2021-07,1,Guatemala,1081
2021-06,2021-07,1,Honduras,1009
2021-06,2021-07,1,Mexico,53
2021-06,2021-07,1,Nicaragua,64
2021-06,2021-07,1,Other,15
2021-06,2021-07,1,Venezuela,19
2021-06,2021-07,2,Ecuador,63
2021-06,2021-07,2,El Salvador,509
2021-06,2021-07,2,Guatemala,2106
2021-06,2021-07,2,Honduras,1135
2021-06,2021-07,2,India,3
2021-06,2021-07,2,Mexico,46
2021-06,2021-07,2,Nicaragua,61
2021-06,2021-07,2,Other,15
2021-06,2021-07,2,Venezuela,2
2021-06,2021-07,3,Cuba,2
2021-06,2021-07,3,Ecuador,5
2021-06,2021-07,3,El Salvador,89
2021-06,2021-07,3,Guatemala,349
2021-06,2021-07,3,Honduras,226
2021-06,2021-07,3,India,4
2021-06,2021-07,3,Mexico,2
2021-06,2021-07,3,Nicaragua,21
2021-06,2021-07,3,Other,12
2021-06,2021-07,3,Venezuela,1
2021-06,2021-08,1,Ecuador,5
2021-06,2021-08,1,El Salvador,27
2021-06,2021-08,1,Guatemala,65
2021-06,2021-08,1,Honduras,66
2021-06,2021-08,1,Mexico,6
2021-06,2021-08,1,Nicaragua,5
2021-06,2021-08,1,Other,3
2021-06,2021-08,1,Venezuela,1
2021-06,2021-08,2,Ecuador,8
2021-06,2021-08,2,El Salvador,53
2021-06,2021-08,2,Guatemala,298
2021-06,2021-08,2,Honduras,178
2021-06,2021-08,2,Mexico,9
2021-06,2021-08,2,Nicaragua,6
2021-06,2021-08,2,Other,8
2021-06,2021-08,3,Colombia,1
2021-06,2021-08,3,El Salvador,48
2021-06,2021-08,3,Guatemala,239
2021-06,2021-08,3,Honduras,95
2021-06,2021-08,3,India,5
2021-06,2021-08,3,Mexico,3
2021-06,2021-08,3,Nicaragua,11
2021-06,2021-08,3,Other,9
2021-06,2021-08,3,Venezuela,1
2021-06,2021-09,1,Ecuador,3
2021-06,2021-09,1,El Salvador,5
2021-06,2021-09,1,Guatemala,14
2021-06,2021-09,1,Honduras,15
2021-06,2021-09,1,Mexico,4
2021-06,2021-09,1,Nicaragua,3
2021-06,2021-09,1,Other,1
2021-06,2021-09,2,Ecuador,3
2021-06,2021-09,2,El Salvador,7
2021-06,2021-09,2,Guatemala,73
2021-06,2021-09,2,Honduras,40
2021-06,2021-09,2,Mexico,2
2021-06,2021-09,2,Nicaragua,4
2021-06,2021-09,3,Ecuador,3
2021-06,2021-09,3,El Salvador,18
2021-06,2021-09,3,Guatemala,92
2021-06,2021-09,3,Honduras,50
2021-06,2021-09,3,India,1
2021-06,2021-09,3,Mexico,1
2021-06,2021-09,3,Nicaragua,3
2021-06,2021-09,3,Other,3
2021-06,2021-10,1,Colombia,1
2021-06,2021-10,1,Guatemala,4
2021-06,2021-10,1,Honduras,4
2021-06,2021-10,1,Mexico,1
2021-06,2021-10,2,El Salvador,4
2021-06,2021-10,2,Guatemala,18
2021-06,2021-10,2,Honduras,14
2021-06,2021-10,2,Mexico,1
2021-06,2021-10,2,Nicaragua,1
2021-06,2021-10,3,Ecuador,1
2021-06,2021-10,3,El Salvador,3
2021-06,2021-10,3,Guatemala,38
2021-06,2021-10,3,Honduras,24
2021-06,2021-11,1,Guatemala,5
2021-06,2021-11,1,Honduras,1
2021-06,2021-11,2,Guatemala,10
2021-06,2021-11,2,Honduras,3
2021-06,2021-11,2,Mexico,2
2021-06,2021-11,3,El Salvador,4
2021-06,2021-11,3,Guatemala,14
2021-06,2021-11,3,Honduras,4
2021-06,2021-11,3,Other,1
2021-06,2021-12,1,El Salvador,4
2021-06,2021-12,1,Guatemala,1
2021-06,2021-12,2,El Salvador,2
2021-06,2021-12,2,Guatemala,6
2021-06,2021-12,2,Honduras,1
2021-06,2021-12,3,Guatemala,14
2021-06,2021-12,3,Honduras,3
2021-06,2022-01,1,Honduras,1
2021-06,2022-01,2,Guatemala,1
2021-06,2022-01,2,Honduras,1
2021-06,2022-01,3,Guatemala,4
2021-06,2022-01,3,Honduras,1
2021-06,2022-02,1,Guatemala,1
2021-06,2022-02,1,Mexico,1
2021-06,2022-02,2,Guatemala,1
2021-06,2022-02,3,El Salvador,1
2021-06,2022-02,3,Guatemala,3
2021-06,2022-02,3,Honduras,1
2021-06,2022-03,2,Guatemala,1
2021-06,2022-03,2,Honduras,1
2021-06,2022-03,2,Other,2
2021-06,2022-03,3,El Salvador,1
2021-06,2022-03,3,Guatemala,3
2021-06,2022-03,3,Honduras,1
2021-06,2022-03,3,Other,1
2021-06,2022-04,2,Guatemala,1
2021-06,2022-04,3,Guatemala,1
2021-06,2022-04,3,Honduras,2
2021-06,2022-05,1,Guatemala,2
2021-06,2022-05,3,Honduras,1
2021-06,2022-06,3,Honduras,1
2021-06,2022-07,2,Mexico,1
2021-06,2023-01,2,Guatemala,1
2021-07,2021-07,1,Colombia,3
2021-07,2021-07,1,Ecuador,125
2021-07,2021-07,1,El Salvador,301
2021-07,2021-07,1,Guatemala,808
2021-07,2021-07,1,Honduras,813
2021-07,2021-07,1,Mexico,49
2021-07,2021-07,1,Nicaragua,56
2021-07,2021-07,1,Other,8
2021-07,2021-07,1,Venezuela,16
2021-07,2021-07,2,Colombia,1
2021-07,2021-07,2,Cuba,1
2021-07,2021-07,2,Ecuador,61
2021-07,2021-07,2,El Salvador,351
2021-07,2021-07,2,Guatemala,1245
2021-07,2021-07,2,Honduras,779
2021-07,2021-07,2,India,1
2021-07,2021-07,2,Mexico,22
2021-07,2021-07,2,Nicaragua,56
2021-07,2021-07,2,Other,10
2021-07,2021-07,2,Venezuela,1
2021-07,2021-07,3,Ecuador,6
2021-07,2021-07,3,El Salvador,32
2021-07,2021-07,3,Guatemala,130
2021-07,2021-07,3,Honduras,85
2021-07,2021-07,3,India,1
2021-07,2021-07,3,Mexico,2
2021-07,2021-07,3,Nicaragua,10
2021-07,2021-07,3,Other,1
2021-07,2021-07,3,Venezuela,2
2021-07,2021-08,1,Colombia,5
2021-07,2021-08,1,Cuba,2
2021-07,2021-08,1,Ecuador,213
2021-07,2021-08,1,El Salvador,420
2021-07,2021-08,1,Guatemala,1240
2021-07,2021-08,1,Honduras,1188
2021-07,2021-08,1,Mexico,64
2021-07,2021-08,1,Nicaragua,77
2021-07,2021-08,1,Other,16
2021-07,2021-08,1,Venezuela,13
2021-07,2021-08,2,Ecuador,98
2021-07,2021-08,2,El Salvador,534
2021-07,2021-08,2,Guatemala,2389
2021-07,2021-08,2,Honduras,1226
2021-07,2021-08,2,Mexico,56
2021-07,2021-08,2,Nicaragua,73
2021-07,2021-08,2,Other,20
2021-07,2021-08,2,Venezuela,4
2021-07,2021-08,3,Colombia,1
2021-07,2021-08,3,Ecuador,10
2021-07,2021-08,3,El Salvador,92
2021-07,2021-08,3,Guatemala,479
2021-07,2021-08,3,Honduras,266
2021-07,2021-08,3,India,2
2021-07,2021-08,3,Mexico,8
2021-07,2021-08,3,Nicaragua,26
2021-07,2021-08,3,Other,10
2021-07,2021-08,3,Venezuela,2
2021-07,2021-09,1,Colombia,3
2021-07,2021-09,1,Ecuador,19
2021-07,2021-09,1,El Salvador,33
2021-07,2021-09,1,Guatemala,78
2021-07,2021-09,1,Honduras,81
2021-07,2021-09,1,Mexico,4
2021-07,2021-09,1,Other,4
2021-07,2021-09,2,Ecuador,12
2021-07,2021-09,2,El Salvador,74
2021-07,2021-09,2,Guatemala,365
2021-07,2021-09,2,Honduras,198
2021-07,2021-09,2,India,1
2021-07,2021-09,2,Mexico,12
2021-07,2021-09,2,Nicaragua,18
2021-07,2021-09,2,Other,6
2021-07,2021-09,3,Ecuador,5
2021-07,2021-09,3,El Salvador,30
2021-07,2021-09,3,Guatemala,243
2021-07,2021-09,3,Honduras,145
2021-07,2021-09,3,India,1
2021-07,2021-09,3,Mexico,9
2021-07,2021-09,3,Nicaragua,7
2021-07,2021-09,3,Other,10
2021-07,2021-10,1,Ecuador,1
2021-07,2021-10,1,El Salvador,7
2021-07,2021-10,1,Guatemala,19
2021-07,2021-10,1,Honduras,22
2021-07,2021-10,1,Mexico,2
2021-07,2021-10,1,Nicaragua,1
2021-07,2021-10,1,Other,1
2021-07,2021-10,2,Ecuador,4
2021-07,2021-10,2,El Salvador,7
2021-07,2021-10,2,Guatemala,81
2021-07,2021-10,2,Honduras,52
2021-07,2021-10,2,Mexico,1
2021-07,2021-10,2,Nicaragua,4
2021-07,2021-10,2,Other,3
2021-07,2021-10,2,Venezuela,1
2021-07,2021-10,3,Ecuador,2
2021-07,2021-10,3,El Salvador,11
2021-07,2021-10,3,Guatemala,140
2021-07,2021-10,3,Honduras,52
2021-07,2021-10,3,Mexico,1
2021-07,2021-10,3,Nicaragua,3
2021-07,2021-10,3,Other,4
2021-07,2021-11,1,El Salvador,3
2021-07,2021-11,1,Guatemala,10
2021-07,2021-11,1,Honduras,12
2021-07,2021-11,1,Nicaragua,2
2021-07,2021-11,1,Other,1
2021-07,2021-11,2,Guatemala,30
2021-07,2021-11,2,Honduras,14
2021-07,2021-11,2,Mexico,1
2021-07,2021-11,2,Nicaragua,2
2021-07,2021-11,2,Other,2
2021-07,2021-11,3,El Salvador,4
2021-07,2021-11,3,Guatemala,52
2021-07,2021-11,3,Honduras,18
2021-07,2021-11,3,Mexico,2
2021-07,2021-11,3,Nicaragua,1
2021-07,2021-12,1,Guatemala,3
2021-07,2021-12,1,Honduras,2
2021-07,2021-12,2,Guatemala,21
2021-07,2021-12,2,Honduras,4
2021-07,2021-12,2,Mexico,1
2021-07,2021-12,2,Other,2
2021-07,2021-12,3,Ecuador,1
2021-07,2021-12,3,El Salvador,1
2021-07,2021-12,3,Guatemala,17
2021-07,2021-12,3,Honduras,5
2021-07,2022-01,1,Guatemala,1
2021-07,2022-01,1,Honduras,2
2021-07,2022-01,2,Guatemala,8
2021-07,2022-01,3,Guatemala,11
2021-07,2022-01,3,Honduras,1
2021-07,2022-01,3,Other,1
2021-07,2022-02,1,Guatemala,2
2021-07,2022-02,2,Guatemala,4
2021-07,2022-02,2,Honduras,1
2021-07,2022-02,3,Guatemala,5
2021-07,2022-02,3,Honduras,2
2021-07,2022-02,3,Other,2
2021-07,2022-03,1,Guatemala,2
2021-07,2022-03,2,Guatemala,1
2021-07,2022-03,2,Honduras,2
2021-07,2022-03,3,Guatemala,7
2021-07,2022-03,3,Honduras,3
2021-07,2022-04,1,Guatemala,1
2021-07,2022-04,2,Guatemala,2
2021-07,2022-04,2,Honduras,1
2021-07,2022-04,3,El Salvador,1
2021-07,2022-04,3,Guatemala,2
2021-07,2022-05,3,Guatemala,2
2021-07,2022-06,2,Guatemala,1
2021-07,2022-06,3,Guatemala,1
2021-07,2022-07,2,Guatemala,1
2021-07,2022-07,3,Guatemala,1
2021-07,2022-08,1,Honduras,1
2021-07,2022-08,2,Guatemala,1
2021-07,2022-12,2,Honduras,1
2021-08,2021-08,1,Afghanistan,2
2021-08,2021-08,1,Colombia,2
2021-08,2021-08,1,Ecuador,197
2021-08,2021-08,1,El Salvador,421
2021-08,2021-08,1,Guatemala,1125
2021-08,2021-08,1,Honduras,1151
2021-08,2021-08,1,Mexico,52
2021-08,2021-08,1,Nicaragua,63
2021-08,2021-08,1,Other,13
2021-08,2021-08,1,Venezuela,16
2021-08,2021-08,2,Afghanistan,27
2021-08,2021-08,2,Colombia,2
2021-08,2021-08,2,Ecuador,50
2021-08,2021-08,2,El Salvador,459
2021-08,2021-08,2,Guatemala,1600
2021-08,2021-08,2,Honduras,1034
2021-08,2021-08,2,India,1
2021-08,2021-08,2,Mexico,26
2021-08,2021-08,2,Nicaragua,57
2021-08,2021-08,2,Other,5
2021-08,2021-08,2,Venezuela,3
2021-08,2021-08,3,Afghanistan,4
2021-08,2021-08,3,Colombia,1
2021-08,2021-08,3,Ecuador,3
2021-08,2021-08,3,El Salvador,55
2021-08,2021-08,3,Guatemala,154
2021-08,2021-08,3,Honduras,120
2021-08,2021-08,3,India,1
2021-08,2021-08,3,Mexico,1
2021-08,2021-08,3,Nicaragua,13
2021-08,2021-09,1,Afghanistan,4
2021-08,2021-09,1,Colombia,7
2021-08,2021-09,1,Cuba,3
2021-08,2021-09,1,Ecuador,214
2021-08,2021-09,1,El Salvador,422
2021-08,2021-09,1,Guatemala,1167
2021-08,2021-09,1,Honduras,1079
2021-08,2021-09,1,Mexico,64
2021-08,2021-09,1,Nicaragua,52
2021-08,2021-09,1,Other,24
2021-08,2021-09,1,Venezuela,16
2021-08,2021-09,2,Afghanistan,13
2021-08,2021-09,2,Colombia,6
2021-08,2021-09,2,Ecuador,71
2021-08,2021-09,2,El Salvador,586
2021-08,2021-09,2,Guatemala,2565
2021-08,2021-09,2,Honduras,1389
2021-08,2021-09,2,India,6
2021-08,2021-09,2,Mexico,52
2021-08,2021-09,2,Nicaragua,66
2021-08,2021-09,2,Other,26
2021-08,2021-09,2,Venezuela,6
2021-08,2021-09,3,Afghanistan,6
2021-08,2021-09,3,Colombia,1
2021-08,2021-09,3,Cuba,1
2021-08,2021-09,3,Ecuador,6
2021-08,2021-09,3,El Salvador,163
2021-08,2021-09,3,Guatemala,577
2021-08,2021-09,3,Honduras,339
2021-08,2021-09,3,India,9
2021-08,2021-09,3,Mexico,10
2021-08,2021-09,3,Nicaragua,25
2021-08,2021-09,3,Other,15
2021-08,2021-10,1,Ecuador,26
2021-08,2021-10,1,El Salvador,21
2021-08,2021-10,1,Guatemala,72
2021-08,2021-10,1,Honduras,92
2021-08,2021-10,1,Mexico,9
2021-08,2021-10,1,Nicaragua,7
2021-08,2021-10,1,Other,3
2021-08,2021-10,2,Afghanistan,10
2021-08,2021-10,2,Ecuador,9
2021-08,2021-10,2,El Salvador,59
2021-08,2021-10,2,Guatemala,368
2021-08,2021-10,2,Honduras,208
2021-08,2021-10,2,Mexico,10
2021-08,2021-10,2,Nicaragua,7
2021-08,2021-10,2,Other,6
2021-08,2021-10,2,Venezuela,2
2021-08,2021-10,3,Afghanistan,4
2021-08,2021-10,3,El Salvador,41
2021-08,2021-10,3,Guatemala,279
2021-08,2021-10,3,Honduras,140
2021-08,2021-10,3,India,5
2021-08,2021-10,3,Mexico,9
2021-08,2021-10,3,Nicaragua,11
2021-08,2021-10,3,Other,9
2021-08,2021-11,1,Ecuador,1
2021-08,2021-11,1,El Salvador,7
2021-08,2021-11,1,Guatemala,20
2021-08,2021-11,1,Honduras,16
2021-08,2021-11,1,Mexico,2
2021-08,2021-11,2,Afghanistan,1
2021-08,2021-11,2,Ecuador,5
2021-08,2021-11,2,El Salvador,14
2021-08,2021-11,2,Guatemala,101
2021-08,2021-11,2,Honduras,48
2021-08,2021-11,2,Mexico,4
2021-08,2021-11,2,Nicaragua,2
2021-08,2021-11,3,Ecuador,1
2021-08,2021-11,3,El Salvador,11
2021-08,2021-11,3,Guatemala,134
2021-08,2021-11,3,Honduras,62
2021-08,2021-11,3,India,2
2021-08,2021-11,3,Mexico,6
2021-08,2021-11,3,Nicaragua,1
2021-08,2021-11,3,Other,2
2021-08,2021-12,1,Ecuador,1
2021-08,2021-12,1,El Salvador,6
2021-08,2021-12,1,Guatemala,6
2021-08,2021-12,1,Honduras,5
2021-08,2021-12,1,Mexico,1
2021-08,2021-12,1,Other,1
2021-08,2021-12,2,Afghanistan,1
2021-08,2021-12,2,El Salvador,2
2021-08,2021-12,2,Guatemala,53
2021-08,2021-12,2,Honduras,18
2021-08,2021-12,2,Mexico,1
2021-08,2021-12,2,Nicaragua,1
2021-08,2021-12,2,Other,1
2021-08,2021-12,3,Afghanistan,1
2021-08,2021-12,3,Ecuador,1
2021-08,2021-12,3,El Salvador,3
2021-08,2021-12,3,Guatemala,76
2021-08,2021-12,3,Honduras,30
2021-08,2021-12,3,Nicaragua,2
2021-08,2021-12,3,Other,1
2021-08,2022-01,1,El Salvador,1
2021-08,2022-01,1,Guatemala,2
2021-08,2022-01,1,Honduras,4
2021-08,2022-01,2,Guatemala,15
2021-08,2022-01,2,Honduras,1
2021-08,2022-01,3,El Salvador,3
2021-08,2022-01,3,Guatemala,28
2021-08,2022-01,3,Honduras,11
2021-08,2022-01,3,Other,1
2021-08,2022-02,1,Guatemala,4
2021-08,2022-02,2,Afghanistan,1
2021-08,2022-02,2,El Salvador,1
2021-08,2022-02,2,Guatemala,10
2021-08,2022-02,2,Honduras,5
2021-08,2022-02,3,Afghanistan,2
2021-08,2022-02,3,Guatemala,16
2021-08,2022-02,3,Honduras,6
2021-08,2022-02,3,Other,3
2021-08,2022-03,1,Honduras,2
2021-08,2022-03,2,Guatemala,11
2021-08,2022-03,2,Honduras,1
2021-08,2022-03,3,Afghanistan,2
2021-08,2022-03,3,El Salvador,1
2021-08,2022-03,3,Guatemala,19
2021-08,2022-03,3,Honduras,6
2021-08,2022-04,1,Guatemala,1
2021-08,2022-04,2,Guatemala,2
2021-08,2022-04,3,Guatemala,6
2021-08,2022-05,1,El Salvador,1
2021-08,2022-05,2,El Salvador,2
2021-08,2022-05,2,Guatemala,1
2021-08,2022-05,3,Guatemala,7
2021-08,2022-05,3,Honduras,2
2021-08,2022-06,1,Afghanistan,1
2021-08,2022-06,2,Guatemala,1
2021-08,2022-06,3,Guatemala,3
2021-08,2022-06,3,Honduras,2
2021-08,2022-07,1,El Salvador,1
2021-08,2022-07,2,Honduras,2
2021-08,2022-08,1,Guatemala,3
2021-08,2022-08,2,Guatemala,1
2021-08,2022-08,3,Guatemala,2
2021-08,2022-09,1,Afghanistan,2
2021-08,2022-09,3,Afghanistan,1
2021-08,2022-10,3,Guatemala,1
2021-08,2022-10,3,Honduras,1
2021-08,2022-11,3,Guatemala,1
2021-08,2022-12,1,Honduras,1
2021-08,2022-12,2,Honduras,2
2021-08,2023-04,1,Afghanistan,1
2021-08,2023-05,1,Afghanistan,1
2021-08,2023-05,1,Guatemala,1
2021-09,2021-09,1,Afghanistan,16
2021-09,2021-09,1,Colombia,9
2021-09,2021-09,1,Cuba,2
2021-09,2021-09,1,Ecuador,112
2021-09,2021-09,1,El Salvador,349
2021-09,2021-09,1,Guatemala,780
2021-09,2021-09,1,Honduras,695
2021-09,2021-09,1,India,2
2021-09,2021-09,1,Mexico,44
2021-09,2021-09,1,Nicaragua,25
2021-09,2021-09,1,Other,22
2021-09,2021-09,1,Venezuela,23
2021-09,2021-09,2,Afghanistan,484
2021-09,2021-09,2,Colombia,4
2021-09,2021-09,2,Ecuador,27
2021-09,2021-09,2,El Salvador,325
2021-09,2021-09,2,Guatemala,967
2021-09,2021-09,2,Honduras,559
2021-09,2021-09,2,India,2
2021-09,2021-09,2,Mexico,17
2021-09,2021-09,2,Nicaragua,24
2021-09,2021-09,2,Other,8
2021-09,2021-09,2,Venezuela,9
2021-09,2021-09,3,Afghanistan,31
2021-09,2021-09,3,Ecuador,2
2021-09,2021-09,3,El Salvador,28
2021-09,2021-09,3,Guatemala,89
2021-09,2021-09,3,Honduras,64
2021-09,2021-09,3,Mexico,1
2021-09,2021-09,3,Nicaragua,3
2021-09,2021-09,3,Other,1
2021-09,2021-09,3,Venezuela,1
2021-09,2021-10,1,Afghanistan,13
2021-09,2021-10,1,Colombia,10
2021-09,2021-10,1,Cuba,3
2021-09,2021-10,1,Ecuador,24
2021-09,2021-10,1,El Salvador,357
2021-09,2021-10,1,Guatemala,784
2021-09,2021-10,1,Honduras,734
2021-09,2021-10,1,Mexico,58
2021-09,2021-10,1,Nicaragua,41
2021-09,2021-10,1,Other,33
2021-09,2021-10,1,Venezuela,19
2021-09,2021-10,2,Afghanistan,94
2021-09,2021-10,2,Colombia,5
2021-09,2021-10,2,Cuba,1
2021-09,2021-10,2,Ecuador,23
2021-09,2021-10,2,El Salvador,544
2021-09,2021-10,2,Guatemala,1832
2021-09,2021-10,2,Honduras,945
2021-09,2021-10,2,India,5
2021-09,2021-10,2,Mexico,26
2021-09,2021-10,2,Nicaragua,39
2021-09,2021-10,2,Other,31
2021-09,2021-10,2,Venezuela,10
2021-09,2021-10,3,Afghanistan,18
2021-09,2021-10,3,Colombia,5
2021-09,2021-10,3,Ecuador,3
2021-09,2021-10,3,El Salvador,129
2021-09,2021-10,3,Guatemala,439
2021-09,2021-10,3,Honduras,218
2021-09,2021-10,3,India,7
2021-09,2021-10,3,Mexico,9
2021-09,2021-10,3,Nicaragua,14
2021-09,2021-10,3,Other,19
2021-09,2021-10,3,Venezuela,5
2021-09,2021-11,1,Ecuador,6
2021-09,2021-11,1,El Salvador,31
2021-09,2021-11,1,Guatemala,49
2021-09,2021-11,1,Honduras,40
2021-09,2021-11,1,Mexico,9
2021-09,2021-11,1,Nicaragua,1
2021-09,2021-11,1,Other,1
2021-09,2021-11,2,Afghanistan,5
2021-09,2021-11,2,Ecuador,4
2021-09,2021-11,2,El Salvador,61
2021-09,2021-11,2,Guatemala,272
2021-09,2021-11,2,Honduras,158
2021-09,2021-11,2,Mexico,6
2021-09,2021-11,2,Nicaragua,6
2021-09,2021-11,2,Other,7
2021-09,2021-11,3,Afghanistan,9
2021-09,2021-11,3,Ecuador,3
2021-09,2021-11,3,El Salvador,41
2021-09,2021-11,3,Guatemala,197
2021-09,2021-11,3,Honduras,87
2021-09,2021-11,3,India,3
2021-09,2021-11,3,Mexico,3
2021-09,2021-11,3,Nicaragua,9
2021-09,2021-11,3,Other,13
2021-09,2021-12,1,Afghanistan,1
2021-09,2021-12,1,Colombia,1
2021-09,2021-12,1,Ecuador,4
2021-09,2021-12,1,El Salvador,7
2021-09,2021-12,1,Guatemala,19
2021-09,2021-12,1,Honduras,9
2021-09,2021-12,1,Mexico,2
2021-09,2021-12,1,Nicaragua,2
2021-09,2021-12,1,Other,1
2021-09,2021-12,2,Afghanistan,3
2021-09,2021-12,2,Ecuador,1
2021-09,2021-12,2,El Salvador,11
2021-09,2021-12,2,Guatemala,86
2021-09,2021-12,2,Honduras,51
2021-09,2021-12,2,Nicaragua,5
2021-09,2021-12,2,Other,2
2021-09,2021-12,3,Afghanistan,2
2021-09,2021-12,3,Ecuador,2
2021-09,2021-12,3,El Salvador,14
2021-09,2021-12,3,Guatemala,135
2021-09,2021-12,3,Honduras,42
2021-09,2021-12,3,India,1
2021-09,2021-12,3,Mexico,4
2021-09,2021-12,3,Nicaragua,3
2021-09,2021-12,3,Other,5
2021-09,2022-01,1,El Salvador,4
2021-09,2022-01,1,Guatemala,8
2021-09,2022-01,1,Honduras,5
2021-09,2022-01,2,El Salvador,2
2021-09,2022-01,2,Guatemala,27
2021-09,2022-01,2,Honduras,13
2021-09,2022-01,2,Mexico,1
2021-09,2022-01,2,Nicaragua,4
2021-09,2022-01,2,Other,3
2021-09,2022-01,3,Afghanistan,4
2021-09,2022-01,3,Guatemala,49
2021-09,2022-01,3,Honduras,7
2021-09,2022-01,3,Nicaragua,1
2021-09,2022-01,3,Other,1
2021-09,2022-02,1,Guatemala,4
2021-09,2022-02,1,Honduras,4
2021-09,2022-02,1,Mexico,1
2021-09,2022-02,2,El Salvador,1
2021-09,2022-02,2,Guatemala,12
2021-09,2022-02,2,Honduras,3
2021-09,2022-02,3,Afghanistan,1
2021-09,2022-02,3,Ecuador,2
2021-09,2022-02,3,El Salvador,1
2021-09,2022-02,3,Guatemala,27
2021-09,2022-02,3,Honduras,5
2021-09,2022-02,3,Other,1
2021-09,2022-03,1,Guatemala,1
2021-09,2022-03,1,Honduras,5
2021-09,2022-03,1,Nicaragua,1
2021-09,2022-03,2,Afghanistan,1
2021-09,2022-03,2,Guatemala,9
2021-09,2022-03,2,Other,1
2021-09,2022-03,3,El Salvador,2
2021-09,2022-03,3,Guatemala,15
2021-09,2022-03,3,Honduras,2
2021-09,2022-03,3,Other,1
2021-09,2022-04,1,Honduras,1
2021-09,2022-04,2,El Salvador,1
2021-09,2022-04,2,Guatemala,6
2021-09,2022-04,2,Honduras,1
2021-09,2022-04,3,Guatemala,15
2021-09,2022-04,3,Other,1
2021-09,2022-05,1,Guatemala,1
2021-09,2022-05,2,Guatemala,2
2021-09,2022-05,3,Guatemala,3
2021-09,2022-06,1,Guatemala,1
2021-09,2022-06,2,Guatemala,1
2021-09,2022-06,3,Guatemala,2
2021-09,2022-07,1,Afghanistan,1
2021-09,2022-07,2,Guatemala,1
2021-09,2022-07,2,Honduras,1
2021-09,2022-07,3,Guatemala,3
2021-09,2022-08,1,Honduras,2
2021-09,2022-09,1,Afghanistan,1
2021-09,2022-09,3,Guatemala,2
2021-09,2022-11,1,Honduras,1
2021-09,2022-11,3,Afghanistan,1
2021-09,2022-12,2,Guatemala,1
2021-09,2023-01,2,Nicaragua,1
2021-09,2023-03,2,Guatemala,1
2021-09,2023-03,3,Guatemala,1
2021-09,2023-05,1,Afghanistan,1
2021-10,2021-10,1,Afghanistan,12
2021-10,2021-10,1,Colombia,6
2021-10,2021-10,1,Cuba,3
2021-10,2021-10,1,Ecuador,3
2021-10,2021-10,1,El Salvador,295
2021-10,2021-10,1,Guatemala,601
2021-10,2021-10,1,Honduras,586
2021-10,2021-10,1,Mexico,57
2021-10,2021-10,1,Nicaragua,31
2021-10,2021-10,1,Other,16
2021-10,2021-10,1,Venezuela,28
2021-10,2021-10,2,Afghanistan,265
2021-10,2021-10,2,Colombia,1
2021-10,2021-10,2,Cuba,1
2021-10,2021-10,2,El Salvador,230
2021-10,2021-10,2,Guatemala,690
2021-10,2021-10,2,Honduras,431
2021-10,2021-10,2,India,1
2021-10,2021-10,2,Mexico,10
2021-10,2021-10,2,Nicaragua,31
2021-10,2021-10,2,Other,5
2021-10,2021-10,2,Venezuela,7
2021-10,2021-10,3,Afghanistan,16
2021-10,2021-10,3,El Salvador,25
2021-10,2021-10,3,Guatemala,74
2021-10,2021-10,3,Honduras,51
2021-10,2021-10,3,Nicaragua,4
2021-10,2021-10,3,Other,6
2021-10,2021-10,3,Venezuela,2
2021-10,2021-11,1,Afghanistan,1
2021-10,2021-11,1,Colombia,10
2021-10,2021-11,1,Cuba,3
2021-10,2021-11,1,Ecuador,8
2021-10,2021-11,1,El Salvador,306
2021-10,2021-11,1,Guatemala,728
2021-10,2021-11,1,Honduras,522
2021-10,2021-11,1,Mexico,63
2021-10,2021-11,1,Nicaragua,39
2021-10,2021-11,1,Other,16
2021-10,2021-11,1,Venezuela,27
2021-10,2021-11,2,Afghanistan,13
2021-10,2021-11,2,Colombia,5
2021-10,2021-11,2,Cuba,2
2021-10,2021-11,2,Ecuador,4
2021-10,2021-11,2,El Salvador,420
2021-10,2021-11,2,Guatemala,1405
2021-10,2021-11,2,Honduras,734
2021-10,2021-11,2,India,2
2021-10,2021-11,2,Mexico,35
2021-10,2021-11,2,Nicaragua,53
2021-10,2021-11,2,Other,19
2021-10,2021-11,2,Venezuela,12
2021-10,2021-11,3,Afghanistan,2
2021-10,2021-11,3,Colombia,2
2021-10,2021-11,3,El Salvador,79
2021-10,2021-11,3,Guatemala,260
2021-10,2021-11,3,Honduras,165
2021-10,2021-11,3,India,1
2021-10,2021-11,3,Mexico,5
2021-10,2021-11,3,Nicaragua,14
2021-10,2021-11,3,Other,6
2021-10,2021-11,3,Venezuela,2
2021-10,2021-12,1,Colombia,2
2021-10,2021-12,1,Ecuador,2
2021-10,2021-12,1,El Salvador,32
2021-10,2021-12,1,Guatemala,51
2021-10,2021-12,1,Honduras,88
2021-10,2021-12,1,Mexico,12
2021-10,2021-12,1,Nicaragua,7
2021-10,2021-12,1,Other,5
2021-10,2021-12,1,Venezuela,3
2021-10,2021-12,2,Colombia,1
2021-10,2021-12,2,Ecuador,1
2021-10,2021-12,2,El Salvador,89
2021-10,2021-12,2,Guatemala,398
2021-10,2021-12,2,Honduras,174
2021-10,2021-12,2,India,2
2021-10,2021-12,2,Mexico,8
2021-10,2021-12,2,Nicaragua,13
2021-10,2021-12,2,Other,10
2021-10,2021-12,3,Afghanistan,1
2021-10,2021-12,3,El Salvador,56
2021-10,2021-12,3,Guatemala,210
2021-10,2021-12,3,Honduras,120
2021-10,2021-12,3,India,5
2021-10,2021-12,3,Mexico,6
2021-10,2021-12,3,Nicaragua,10
2021-10,2021-12,3,Other,10
2021-10,2021-12,3,Venezuela,3
2021-10,2022-01,1,El Salvador,1
2021-10,2022-01,1,Guatemala,8
2021-10,2022-01,1,Honduras,14
2021-10,2022-01,2,Afghanistan,1
2021-10,2022-01,2,El Salvador,13
2021-10,2022-01,2,Guatemala,86
2021-10,2022-01,2,Honduras,29
2021-10,2022-01,2,Mexico,2
2021-10,2022-01,2,Nicaragua,1
2021-10,2022-01,2,Other,2
2021-10,2022-01,3,El Salvador,10
2021-10,2022-01,3,Guatemala,74
2021-10,2022-01,3,Honduras,31
2021-10,2022-01,3,Mexico,1
2021-10,2022-01,3,Nicaragua,3
2021-10,2022-01,3,Other,2
2021-10,2022-02,1,El Salvador,5
2021-10,2022-02,1,Guatemala,7
2021-10,2022-02,1,Honduras,9
2021-10,2022-02,2,El Salvador,2
2021-10,2022-02,2,Guatemala,31
2021-10,2022-02,2,Honduras,8
2021-10,2022-02,2,Mexico,5
2021-10,2022-02,2,Nicaragua,2
2021-10,2022-02,2,Other,1
2021-10,2022-02,3,El Salvador,7
2021-10,2022-02,3,Guatemala,46
2021-10,2022-02,3,Honduras,18
2021-10,2022-02,3,Other,1
2021-10,2022-02,3,Venezuela,1
2021-10,2022-03,1,Guatemala,5
2021-10,2022-03,1,Honduras,2
2021-10,2022-03,1,Nicaragua,2
2021-10,2022-03,2,El Salvador,2
2021-10,2022-03,2,Guatemala,14
2021-10,2022-03,2,Honduras,12
2021-10,2022-03,2,Nicaragua,2
2021-10,2022-03,3,Afghanistan,1
2021-10,2022-03,3,Guatemala,22
2021-10,2022-03,3,Honduras,9
2021-10,2022-03,3,Mexico,1
2021-10,2022-03,3,Nicaragua,1
2021-10,2022-04,1,El Salvador,1
2021-10,2022-04,1,Honduras,1
2021-10,2022-04,1,Mexico,2
2021-10,2022-04,2,Guatemala,7
2021-10,2022-04,2,Honduras,1
2021-10,2022-04,3,El Salvador,2
2021-10,2022-04,3,Guatemala,6
2021-10,2022-04,3,Honduras,2
2021-10,2022-04,3,Nicaragua,1
2021-10,2022-05,1,Other,1
2021-10,2022-05,2,Guatemala,5
2021-10,2022-05,2,Other,1
2021-10,2022-05,3,Guatemala,5
2021-10,2022-05,3,Honduras,1
2021-10,2022-06,1,Guatemala,1
2021-10,2022-06,1,Honduras,1
2021-10,2022-06,2,El Salvador,1
2021-10,2022-06,2,Guatemala,2
2021-10,2022-06,2,Honduras,1
2021-10,2022-06,3,Guatemala,3
2021-10,2022-07,1,Guatemala,1
2021-10,2022-07,1,Honduras,2
2021-10,2022-08,2,Guatemala,1
2021-10,2022-11,2,Afghanistan,1
2021-10,2022-12,1,Afghanistan,2
2021-10,2022-12,2,El Salvador,1
2021-10,2023-02,1,Honduras,1
2021-10,2023-03,2,Guatemala,1
2021-10,2023-05,1,Afghanistan,1
2021-11,2021-11,1,Afghanistan,3
2021-11,2021-11,1,Colombia,5
2021-11,2021-11,1,Cuba,6
2021-11,2021-11,1,Ecuador,2
2021-11,2021-11,1,El Salvador,261
2021-11,2021-11,1,Guatemala,734
2021-11,2021-11,1,Honduras,598
2021-11,2021-11,1,Mexico,38
2021-11,2021-11,1,Nicaragua,42
2021-11,2021-11,1,Other,12
2021-11,2021-11,1,Venezuela,40
2021-11,2021-11,2,Afghanistan,64
2021-11,2021-11,2,Colombia,2
2021-11,2021-11,2,Cuba,1
2021-11,2021-11,2,El Salvador,243
2021-11,2021-11,2,Guatemala,737
2021-11,2021-11,2,Honduras,339
2021-11,2021-11,2,Mexico,16
2021-11,2021-11,2,Nicaragua,36
2021-11,2021-11,2,Other,7
2021-11,2021-11,2,Venezuela,9
2021-11,2021-11,3,Afghanistan,2
2021-11,2021-11,3,El Salvador,21
2021-11,2021-11,3,Guatemala,70
2021-11,2021-11,3,Honduras,35
2021-11,2021-11,3,Mexico,1
2021-11,2021-11,3,Nicaragua,3
2021-11,2021-11,3,Other,4
2021-11,2021-12,1,Colombia,5
2021-11,2021-12,1,Cuba,4
2021-11,2021-12,1,Ecuador,14
2021-11,2021-12,1,El Salvador,376
2021-11,2021-12,1,Guatemala,1012
2021-11,2021-12,1,Honduras,857
2021-11,2021-12,1,Mexico,75
2021-11,2021-12,1,Nicaragua,83
2021-11,2021-12,1,Other,31
2021-11,2021-12,1,Venezuela,41
2021-11,2021-12,2,Afghanistan,2
2021-11,2021-12,2,Colombia,3
2021-11,2021-12,2,Cuba,2
2021-11,2021-12,2,Ecuador,6
2021-11,2021-12,2,El Salvador,588
2021-11,2021-12,2,Guatemala,2081
2021-11,2021-12,2,Honduras,923
2021-11,2021-12,2,India,3
2021-11,2021-12,2,Mexico,40
2021-11,2021-12,2,Nicaragua,84
2021-11,2021-12,2,Other,18
2021-11,2021-12,2,Venezuela,24
2021-11,2021-12,3,Afghanistan,1
2021-11,2021-12,3,Colombia,2
2021-11,2021-12,3,El Salvador,88
2021-11,2021-12,3,Guatemala,407
2021-11,2021-12,3,Honduras,195
2021-11,2021-12,3,India,10
2021-11,2021-12,3,Mexico,12
2021-11,2021-12,3,Nicaragua,34
2021-11,2021-12,3,Other,9
2021-11,2021-12,3,Venezuela,5
2021-11,2022-01,1,Colombia,1
2021-11,2022-01,1,El Salvador,37
2021-11,2022-01,1,Guatemala,70
2021-11,2022-01,1,Honduras,54
2021-11,2022-01,1,Mexico,7
2021-11,2022-01,1,Nicaragua,2
2021-11,2022-01,1,Other,3
2021-11,2022-01,2,Afghanistan,2
2021-11,2022-01,2,Colombia,1
2021-11,2022-01,2,Ecuador,1
2021-11,2022-01,2,El Salvador,51
2021-11,2022-01,2,Guatemala,310
2021-11,2022-01,2,Honduras,140
2021-11,2022-01,2,India,1
2021-11,2022-01,2,Mexico,12
2021-11,2022-01,2,Nicaragua,12
2021-11,2022-01,2,Other,11
2021-11,2022-01,2,Venezuela,1
2021-11,2022-01,3,Afghanistan,1
2021-11,2022-01,3,Ecuador,2
2021-11,2022-01,3,El Salvador,40
2021-11,2022-01,3,Guatemala,289
2021-11,2022-01,3,Honduras,103
2021-11,2022-01,3,India,4
2021-11,2022-01,3,Mexico,1
2021-11,2022-01,3,Nicaragua,8
2021-11,2022-01,3,Other,5
2021-11,2022-01,3,Venezuela,2
2021-11,2022-02,1,El Salvador,6
2021-11,2022-02,1,Guatemala,23
2021-11,2022-02,1,Honduras,16
2021-11,2022-02,1,Mexico,1
2021-11,2022-02,2,Afghanistan,1
2021-11,2022-02,2,Cuba,1
2021-11,2022-02,2,El Salvador,14
2021-11,2022-02,2,Guatemala,111
2021-11,2022-02,2,Honduras,55
2021-11,2022-02,2,India,1
2021-11,2022-02,2,Mexico,8
2021-11,2022-02,2,Nicaragua,1
2021-11,2022-02,2,Other,1
2021-11,2022-02,3,Afghanistan,5
2021-11,2022-02,3,Ecuador,1
2021-11,2022-02,3,El Salvador,19
2021-11,2022-02,3,Guatemala,123
2021-11,2022-02,3,Honduras,34
2021-11,2022-02,3,India,3
2021-11,2022-02,3,Mexico,2
2021-11,2022-02,3,Nicaragua,9
2021-11,2022-02,3,Other,3
2021-11,2022-02,3,Venezuela,1
2021-11,2022-03,1,Ecuador,1
2021-11,2022-03,1,El Salvador,2
2021-11,2022-03,1,Guatemala,10
2021-11,2022-03,1,Honduras,9
2021-11,2022-03,2,El Salvador,2
2021-11,2022-03,2,Guatemala,51
2021-11,2022-03,2,Honduras,9
2021-11,2022-03,2,Mexico,1
2021-11,2022-03,2,Nicaragua,1
2021-11,2022-03,2,Other,2
2021-11,2022-03,3,El Salvador,6
2021-11,2022-03,3,Guatemala,73
2021-11,2022-03,3,Honduras,18
2021-11,2022-03,3,Mexico,1
2021-11,2022-03,3,Nicaragua,2
2021-11,2022-03,3,Other,4
2021-11,2022-04,1,El Salvador,2
2021-11,2022-04,1,Guatemala,3
2021-11,2022-04,1,Honduras,5
2021-11,2022-04,2,Guatemala,14
2021-11,2022-04,2,Honduras,1
2021-11,2022-04,2,Mexico,1
2021-11,2022-04,3,Guatemala,31
2021-11,2022-04,3,Honduras,6
2021-11,2022-04,3,Nicaragua,1
2021-11,2022-04,3,Other,1
2021-11,2022-05,1,Afghanistan,2
2021-11,2022-05,1,Guatemala,1
2021-11,2022-05,2,Guatemala,5
2021-11,2022-05,2,Honduras,3
2021-11,2022-05,2,Other,1
2021-11,2022-05,3,Guatemala,12
2021-11,2022-05,3,Honduras,3
2021-11,2022-05,3,Nicaragua,1
2021-11,2022-06,1,Afghanistan,2
2021-11,2022-06,2,El Salvador,1
2021-11,2022-06,2,Guatemala,1
2021-11,2022-06,2,Honduras,1
2021-11,2022-06,2,Nicaragua,2
2021-11,2022-06,3,Guatemala,5
2021-11,2022-06,3,Honduras,1
2021-11,2022-07,1,Afghanistan,1
2021-11,2022-07,2,Guatemala,2
2021-11,2022-07,2,Venezuela,1
2021-11,2022-07,3,Guatemala,4
2021-11,2022-08,1,Honduras,2
2021-11,2022-08,1,Mexico,1
2021-11,2022-08,2,Guatemala,2
2021-11,2022-08,2,Honduras,1
2021-11,2022-08,3,Guatemala,3
2021-11,2022-08,3,Honduras,1
2021-11,2022-08,3,Mexico,1
2021-11,2022-09,1,Afghanistan,3
2021-11,2022-09,2,Guatemala,1
2021-11,2022-10,2,Guatemala,1
2021-11,2022-10,3,Guatemala,1
2021-11,2022-11,1,Afghanistan,1
2021-11,2022-11,2,Honduras,1
2021-11,2022-11,3,Guatemala,1
2021-11,2022-11,3,Other,1
2021-11,2022-12,1,Guatemala,1
2021-11,2022-12,2,Guatemala,2
2021-11,2022-12,2,Honduras,1
2021-11,2022-12,3,Other,1
2021-11,2023-01,1,Afghanistan,2
2021-11,2023-01,2,Guatemala,1
2021-11,2023-03,2,Afghanistan,2
2021-11,2023-04,1,Afghanistan,2
2021-11,2023-04,2,Honduras,1
2021-11,2023-04,3,Afghanistan,1
2021-11,2023-05,1,Afghanistan,2
2021-11,2023-05,3,Afghanistan,1
2021-12,2021-12,1,Afghanistan,2
2021-12,2021-12,1,Colombia,12
2021-12,2021-12,1,Cuba,4
2021-12,2021-12,1,Ecuador,14
2021-12,2021-12,1,El Salvador,295
2021-12,2021-12,1,Guatemala,922
2021-12,2021-12,1,Honduras,585
2021-12,2021-12,1,India,1
2021-12,2021-12,1,Mexico,68
2021-12,2021-12,1,Nicaragua,58
2021-12,2021-12,1,Other,15
2021-12,2021-12,1,Venezuela,55
2021-12,2021-12,2,Afghanistan,26
2021-12,2021-12,2,Colombia,5
2021-12,2021-12,2,Cuba,1
2021-12,2021-12,2,Ecuador,3
2021-12,2021-12,2,El Salvador,287
2021-12,2021-12,2,Guatemala,919
2021-12,2021-12,2,Honduras,456
2021-12,2021-12,2,India,3
2021-12,2021-12,2,Mexico,15
2021-12,2021-12,2,Nicaragua,34
2021-12,2021-12,2,Other,9
2021-12,2021-12,2,Venezuela,14
2021-12,2021-12,3,Afghanistan,2
2021-12,2021-12,3,Colombia,1
2021-12,2021-12,3,El Salvador,33
2021-12,2021-12,3,Guatemala,72
2021-12,2021-12,3,Honduras,42
2021-12,2021-12,3,India,1
2021-12,2021-12,3,Nicaragua,9
2021-12,2021-12,3,Other,3
2021-12,2022-01,1,Colombia,8
2021-12,2022-01,1,Cuba,6
2021-12,2022-01,1,Ecuador,7
2021-12,2022-01,1,El Salvador,221
2021-12,2022-01,1,Guatemala,567
2021-12,2022-01,1,Honduras,398
2021-12,2022-01,1,India,4
2021-12,2022-01,1,Mexico,55
2021-12,2022-01,1,Nicaragua,63
2021-12,2022-01,1,Other,26
2021-12,2022-01,1,Venezuela,42
2021-12,2022-01,2,Afghanistan,2
2021-12,2022-01,2,Colombia,3
2021-12,2022-01,2,Cuba,4
2021-12,2022-01,2,Ecuador,1
2021-12,2022-01,2,El Salvador,323
2021-12,2022-01,2,Guatemala,1514
2021-12,2022-01,2,Honduras,583
2021-12,2022-01,2,India,14
2021-12,2022-01,2,Mexico,35
2021-12,2022-01,2,Nicaragua,82
2021-12,2022-01,2,Other,30
2021-12,2022-01,2,Venezuela,23
2021-12,2022-01,3,Colombia,2
2021-12,2022-01,3,Cuba,3
2021-12,2022-01,3,El Salvador,80
2021-12,2022-01,3,Guatemala,334
2021-12,2022-01,3,Honduras,130
2021-12,2022-01,3,India,11
2021-12,2022-01,3,Mexico,10
2021-12,2022-01,3,Nicaragua,17
2021-12,2022-01,3,Other,23
2021-12,2022-01,3,Venezuela,3
2021-12,2022-02,1,Colombia,1
2021-12,2022-02,1,El Salvador,26
2021-12,2022-02,1,Guatemala,57
2021-12,2022-02,1,Honduras,46
2021-12,2022-02,1,Mexico,2
2021-12,2022-02,1,Nicaragua,4
2021-12,2022-02,1,Other,1
2021-12,2022-02,1,Venezuela,5
2021-12,2022-02,2,Colombia,2
2021-12,2022-02,2,El Salvador,55
2021-12,2022-02,2,Guatemala,300
2021-12,2022-02,2,Honduras,124
2021-12,2022-02,2,India,1
2021-12,2022-02,2,Mexico,10
2021-12,2022-02,2,Nicaragua,13
2021-12,2022-02,2,Other,14
2021-12,2022-02,2,Venezuela,4
2021-12,2022-02,3,El Salvador,47
2021-12,2022-02,3,Guatemala,229
2021-12,2022-02,3,Honduras,94
2021-12,2022-02,3,India,6
2021-12,2022-02,3,Mexico,1
2021-12,2022-02,3,Nicaragua,10
2021-12,2022-02,3,Other,19
2021-12,2022-02,3,Venezuela,1
2021-12,2022-03,1,El Salvador,6
2021-12,2022-03,1,Guatemala,15
2021-12,2022-03,1,Honduras,9
2021-12,2022-03,1,Mexico,1
2021-12,2022-03,1,Nicaragua,1
2021-12,2022-03,1,Other,6
2021-12,2022-03,2,El Salvador,7
2021-12,2022-03,2,Guatemala,89
2021-12,2022-03,2,Honduras,29
2021-12,2022-03,2,India,1
2021-12,2022-03,2,Mexico,4
2021-12,2022-03,2,Nicaragua,3
2021-12,2022-03,2,Other,4
2021-12,2022-03,3,Colombia,1
2021-12,2022-03,3,El Salvador,3
2021-12,2022-03,3,Guatemala,122
2021-12,2022-03,3,Honduras,42
2021-12,2022-03,3,India,1
2021-12,2022-03,3,Mexico,1
2021-12,2022-03,3,Nicaragua,4
2021-12,2022-03,3,Other,3
2021-12,2022-03,3,Venezuela,1
2021-12,2022-04,1,El Salvador,2
2021-12,2022-04,1,Guatemala,6
2021-12,2022-04,1,Honduras,3
2021-12,2022-04,1,Other,3
2021-12,2022-04,2,Guatemala,27
2021-12,2022-04,2,Honduras,8
2021-12,2022-04,2,Mexico,1
2021-12,2022-04,2,Nicaragua,2
2021-12,2022-04,3,El Salvador,2
2021-12,2022-04,3,Guatemala,42
2021-12,2022-04,3,Honduras,18
2021-12,2022-04,3,Nicaragua,2
2021-12,2022-04,3,Other,2
2021-12,2022-05,1,El Salvador,2
2021-12,2022-05,1,Guatemala,3
2021-12,2022-05,1,Honduras,1
2021-12,2022-05,1,Other,2
2021-12,2022-05,2,El Salvador,1
2021-12,2022-05,2,Guatemala,7
2021-12,2022-05,2,Honduras,5
2021-12,2022-05,3,El Salvador,2
2021-12,2022-05,3,Guatemala,21
2021-12,2022-05,3,Honduras,4
2021-12,2022-05,3,Nicaragua,2
2021-12,2022-05,3,Other,1
2021-12,2022-06,1,Honduras,1
2021-12,2022-06,1,Other,1
2021-12,2022-06,2,Guatemala,2
2021-12,2022-06,2,Honduras,1
2021-12,2022-06,2,Mexico,1
2021-12,2022-06,3,Guatemala,9
2021-12,2022-06,3,Honduras,2
2021-12,2022-06,3,Other,2
2021-12,2022-07,1,Guatemala,1
2021-12,2022-07,1,Honduras,4
2021-12,2022-07,2,Guatemala,2
2021-12,2022-07,2,Honduras,2
2021-12,2022-07,3,Guatemala,1
2021-12,2022-08,2,Honduras,1
2021-12,2022-08,3,Guatemala,3
2021-12,2022-08,3,Honduras,2
2021-12,2022-09,1,Guatemala,2
2021-12,2022-09,1,Honduras,3
2021-12,2022-09,2,Guatemala,1
2021-12,2022-10,1,Other,1
2021-12,2022-10,3,Other,1
2021-12,2022-11,3,Guatemala,2
2021-12,2022-11,3,Honduras,1
2021-12,2022-11,3,Mexico,1
2021-12,2022-12,1,Guatemala,1
2021-12,2022-12,3,Guatemala,1
2021-12,2023-01,3,Guatemala,1
2021-12,2023-01,3,Honduras,1
2021-12,2023-05,1,Honduras,3
2021-12,2023-05,3,Guatemala,1
2022-01,2022-01,1,Colombia,4
2022-01,2022-01,1,Cuba,3
2022-01,2022-01,1,Ecuador,7
2022-01,2022-01,1,El Salvador,100
2022-01,2022-01,1,Guatemala,275
2022-01,2022-01,1,Honduras,204
2022-01,2022-01,1,Mexico,27
2022-01,2022-01,1,Nicaragua,39
2022-01,2022-01,1,Other,17
2022-01,2022-01,1,Venezuela,47
2022-01,2022-01,2,Afghanistan,13
2022-01,2022-01,2,Ecuador,2
2022-01,2022-01,2,El Salvador,66
2022-01,2022-01,2,Guatemala,206
2022-01,2022-01,2,Honduras,122
2022-01,2022-01,2,India,2
2022-01,2022-01,2,Mexico,16
2022-01,2022-01,2,Nicaragua,17
2022-01,2022-01,2,Other,10
2022-01,2022-01,2,Venezuela,8
2022-01,2022-01,3,El Salvador,9
2022-01,2022-01,3,Guatemala,18
2022-01,2022-01,3,Honduras,9
2022-01,2022-01,3,India,3
2022-01,2022-01,3,Mexico,2
2022-01,2022-01,3,Nicaragua,3
2022-01,2022-01,3,Other,2
2022-01,2022-01,3,Venezuela,2
2022-01,2022-02,1,Colombia,10
2022-01,2022-02,1,Cuba,16
2022-01,2022-02,1,Ecuador,3
2022-01,2022-02,1,El Salvador,215
2022-01,2022-02,1,Guatemala,485
2022-01,2022-02,1,Honduras,451
2022-01,2022-02,1,Mexico,45
2022-01,2022-02,1,Nicaragua,46
2022-01,2022-02,1,Other,16
2022-01,2022-02,1,Venezuela,64
2022-01,2022-02,2,Afghanistan,2
2022-01,2022-02,2,Colombia,6
2022-01,2022-02,2,Cuba,4
2022-01,2022-02,2,Ecuador,1
2022-01,2022-02,2,El Salvador,351
2022-01,2022-02,2,Guatemala,1162
2022-01,2022-02,2,Honduras,650
2022-01,2022-02,2,India,9
2022-01,2022-02,2,Mexico,25
2022-01,2022-02,2,Nicaragua,56
2022-01,2022-02,2,Other,21
2022-01,2022-02,2,Venezuela,26
2022-01,2022-02,3,Colombia,1
2022-01,2022-02,3,Cuba,1
2022-01,2022-02,3,El Salvador,69
2022-01,2022-02,3,Guatemala,193
2022-01,2022-02,3,Honduras,93
2022-01,2022-02,3,India,13
2022-01,2022-02,3,Mexico,6
2022-01,2022-02,3,Nicaragua,23
2022-01,2022-02,3,Other,16
2022-01,2022-02,3,Venezuela,12
2022-01,2022-03,1,Colombia,1
2022-01,2022-03,1,El Salvador,13
2022-01,2022-03,1,Guatemala,39
2022-01,2022-03,1,Honduras,37
2022-01,2022-03,1,Mexico,6
2022-01,2022-03,1,Nicaragua,2
2022-01,2022-03,1,Other,3
2022-01,2022-03,1,Venezuela,1
2022-01,2022-03,2,Colombia,1
2022-01,2022-03,2,Ecuador,1
2022-01,2022-03,2,El Salvador,36
2022-01,2022-03,2,Guatemala,201
2022-01,2022-03,2,Honduras,109
2022-01,2022-03,2,India,1
2022-01,2022-03,2,Mexico,10
2022-01,2022-03,2,Nicaragua,14
2022-01,2022-03,2,Other,12
2022-01,2022-03,2,Venezuela,4
2022-01,2022-03,3,Afghanistan,1
2022-01,2022-03,3,Colombia,1
2022-01,2022-03,3,El Salvador,31
2022-01,2022-03,3,Guatemala,164
2022-01,2022-03,3,Honduras,84
2022-01,2022-03,3,India,4
2022-01,2022-03,3,Mexico,9
2022-01,2022-03,3,Nicaragua,11
2022-01,2022-03,3,Other,25
2022-01,2022-04,1,El Salvador,4
2022-01,2022-04,1,Guatemala,8
2022-01,2022-04,1,Honduras,10
2022-01,2022-04,1,Mexico,1
2022-01,2022-04,1,Other,2
2022-01,2022-04,1,Venezuela,1
2022-01,2022-04,2,Colombia,1
2022-01,2022-04,2,El Salvador,8
2022-01,2022-04,2,Guatemala,54
2022-01,2022-04,2,Honduras,19
2022-01,2022-04,2,Nicaragua,3
2022-01,2022-04,2,Other,3
2022-01,2022-04,2,Venezuela,1
2022-01,2022-04,3,El Salvador,9
2022-01,2022-04,3,Guatemala,44
2022-01,2022-04,3,Honduras,42
2022-01,2022-04,3,India,1
2022-01,2022-04,3,Mexico,1
2022-01,2022-04,3,Nicaragua,5
2022-01,2022-04,3,Other,3
2022-01,2022-05,1,Ecuador,1
2022-01,2022-05,1,El Salvador,1
2022-01,2022-05,1,Guatemala,1
2022-01,2022-05,1,Honduras,1
2022-01,2022-05,1,Mexico,2
2022-01,2022-05,2,El Salvador,1
2022-01,2022-05,2,Guatemala,12
2022-01,2022-05,2,Honduras,5
2022-01,2022-05,2,Mexico,2
2022-01,2022-05,3,Guatemala,18
2022-01,2022-05,3,Honduras,10
2022-01,2022-05,3,Nicaragua,1
2022-01,2022-05,3,Other,3
2022-01,2022-06,1,Guatemala,2
2022-01,2022-06,1,Honduras,4
2022-01,2022-06,2,Guatemala,1
2022-01,2022-06,2,Honduras,3
2022-01,2022-06,3,Guatemala,12
2022-01,2022-06,3,Honduras,5
2022-01,2022-06,3,Nicaragua,2
2022-01,2022-06,3,Other,2
2022-01,2022-07,1,Guatemala,2
2022-01,2022-07,2,Guatemala,1
2022-01,2022-07,2,Honduras,1
2022-01,2022-07,3,Guatemala,1
2022-01,2022-07,3,Honduras,2
2022-01,2022-08,1,Guatemala,1
2022-01,2022-08,1,Honduras,2
2022-01,2022-08,1,Mexico,1
2022-01,2022-08,2,Guatemala,1
2022-01,2022-08,3,El Salvador,1
2022-01,2022-08,3,Guatemala,2
2022-01,2022-09,2,Honduras,2
2022-01,2022-09,2,Mexico,1
2022-01,2022-09,3,Guatemala,2
2022-01,2023-02,3,Guatemala,1
2022-01,2023-03,2,Guatemala,1
2022-02,2022-02,1,Colombia,13
2022-02,2022-02,1,Cuba,21
2022-02,2022-02,1,Ecuador,12
2022-02,2022-02,1,El Salvador,209
2022-02,2022-02,1,Guatemala,592
2022-02,2022-02,1,Honduras,423
2022-02,2022-02,1,Mexico,40
2022-02,2022-02,1,Nicaragua,43
2022-02,2022-02,1,Other,17
2022-02,2022-02,1,Venezuela,1
2022-02,2022-02,2,Afghanistan,3
2022-02,2022-02,2,Colombia,5
2022-02,2022-02,2,Cuba,1
2022-02,2022-02,2,Ecuador,2
2022-02,2022-02,2,El Salvador,155
2022-02,2022-02,2,Guatemala,623
2022-02,2022-02,2,Honduras,326
2022-02,2022-02,2,India,2
2022-02,2022-02,2,Mexico,15
2022-02,2022-02,2,Nicaragua,21
2022-02,2022-02,2,Other,6
2022-02,2022-02,2,Venezuela,1
2022-02,2022-02,3,Colombia,2
2022-02,2022-02,3,El Salvador,14
2022-02,2022-02,3,Guatemala,41
2022-02,2022-02,3,Honduras,37
2022-02,2022-02,3,Mexico,2
2022-02,2022-02,3,Nicaragua,3
2022-02,2022-02,3,Other,2
2022-02,2022-03,1,Colombia,15
2022-02,2022-03,1,Cuba,24
2022-02,2022-03,1,Ecuador,14
2022-02,2022-03,1,El Salvador,204
2022-02,2022-03,1,Guatemala,654
2022-02,2022-03,1,Honduras,506
2022-02,2022-03,1,India,4
2022-02,2022-03,1,Mexico,69
2022-02,2022-03,1,Nicaragua,43
2022-02,2022-03,1,Other,22
2022-02,2022-03,1,Venezuela,6
2022-02,2022-03,2,Colombia,16
2022-02,2022-03,2,Cuba,3
2022-02,2022-03,2,Ecuador,8
2022-02,2022-03,2,El Salvador,352
2022-02,2022-03,2,Guatemala,1694
2022-02,2022-03,2,Honduras,856
2022-02,2022-03,2,India,9
2022-02,2022-03,2,Mexico,49
2022-02,2022-03,2,Nicaragua,66
2022-02,2022-03,2,Other,21
2022-02,2022-03,2,Venezuela,1
2022-02,2022-03,3,Colombia,1
2022-02,2022-03,3,Cuba,3
2022-02,2022-03,3,Ecuador,2
2022-02,2022-03,3,El Salvador,104
2022-02,2022-03,3,Guatemala,331
2022-02,2022-03,3,Honduras,188
2022-02,2022-03,3,India,25
2022-02,2022-03,3,Mexico,6
2022-02,2022-03,3,Nicaragua,22
2022-02,2022-03,3,Other,19
2022-02,2022-03,3,Venezuela,1
2022-02,2022-04,1,Colombia,1
2022-02,2022-04,1,Cuba,1
2022-02,2022-04,1,Ecuador,1
2022-02,2022-04,1,El Salvador,12
2022-02,2022-04,1,Guatemala,58
2022-02,2022-04,1,Honduras,42
2022-02,2022-04,1,Mexico,3
2022-02,2022-04,1,Nicaragua,1
2022-02,2022-04,1,Other,3
2022-02,2022-04,2,Afghanistan,1
2022-02,2022-04,2,Colombia,3
2022-02,2022-04,2,El Salvador,36
2022-02,2022-04,2,Guatemala,267
2022-02,2022-04,2,Honduras,119
2022-02,2022-04,2,India,2
2022-02,2022-04,2,Mexico,8
2022-02,2022-04,2,Nicaragua,7
2022-02,2022-04,2,Other,6
2022-02,2022-04,2,Venezuela,1
2022-02,2022-04,3,Colombia,3
2022-02,2022-04,3,El Salvador,39
2022-02,2022-04,3,Guatemala,222
2022-02,2022-04,3,Honduras,94
2022-02,2022-04,3,India,8
2022-02,2022-04,3,Mexico,4
2022-02,2022-04,3,Nicaragua,10
2022-02,2022-04,3,Other,8
2022-02,2022-05,1,Guatemala,10
2022-02,2022-05,1,Honduras,10
2022-02,2022-05,1,Mexico,1
2022-02,2022-05,1,Venezuela,1
2022-02,2022-05,2,El Salvador,4
2022-02,2022-05,2,Guatemala,64
2022-02,2022-05,2,Honduras,19
2022-02,2022-05,2,Nicaragua,1
2022-02,2022-05,2,Other,2
2022-02,2022-05,3,El Salvador,2
2022-02,2022-05,3,Guatemala,69
2022-02,2022-05,3,Honduras,52
2022-02,2022-05,3,India,1
2022-02,2022-05,3,Nicaragua,3
2022-02,2022-05,3,Other,2
2022-02,2022-06,1,Colombia,1
2022-02,2022-06,1,Guatemala,7
2022-02,2022-06,1,Honduras,4
2022-02,2022-06,1,Mexico,1
2022-02,2022-06,2,El Salvador,1
2022-02,2022-06,2,Guatemala,18
2022-02,2022-06,2,Honduras,6
2022-02,2022-06,2,Mexico,1
2022-02,2022-06,2,Other,2
2022-02,2022-06,3,Colombia,1
2022-02,2022-06,3,El Salvador,1
2022-02,2022-06,3,Guatemala,32
2022-02,2022-06,3,Honduras,5
2022-02,2022-07,1,El Salvador,1
2022-02,2022-07,1,Honduras,3
2022-02,2022-07,2,Afghanistan,1
2022-02,2022-07,2,Guatemala,8
2022-02,2022-07,2,Honduras,2
2022-02,2022-07,3,Guatemala,8
2022-02,2022-07,3,Honduras,1
2022-02,2022-08,2,Guatemala,2
2022-02,2022-08,2,Honduras,1
2022-02,2022-08,2,Other,1
2022-02,2022-08,3,Guatemala,6
2022-02,2022-08,3,Honduras,2
2022-02,2022-08,3,Mexico,1
2022-02,2022-09,1,Mexico,1
2022-02,2022-09,2,Guatemala,3
2022-02,2022-09,2,Honduras,1
2022-02,2022-09,2,Other,1
2022-02,2022-09,3,Guatemala,2
2022-02,2022-09,3,Honduras,2
2022-02,2022-10,2,Guatemala,3
2022-02,2022-10,2,Honduras,1
2022-02,2022-10,3,Honduras,1
2022-02,2022-11,1,Honduras,1
2022-02,2022-11,2,Guatemala,1
2022-02,2022-11,3,Guatemala,1
2022-02,2022-11,3,Honduras,1
2022-02,2022-11,3,Other,1
2022-02,2022-12,1,Honduras,1
2022-02,2022-12,2,El Salvador,1
2022-02,2022-12,3,El Salvador,1
2022-02,2022-12,3,Guatemala,1
2022-02,2023-01,2,Guatemala,1
2022-02,2023-02,2,Guatemala,1
2022-02,2023-02,2,Honduras,1
2022-03,2022-03,1,Colombia,17
2022-03,2022-03,1,Cuba,40
2022-03,2022-03,1,Ecuador,12
2022-03,2022-03,1,El Salvador,257
2022-03,2022-03,1,Guatemala,705
2022-03,2022-03,1,Honduras,580
2022-03,2022-03,1,India,2
2022-03,2022-03,1,Mexico,61
2022-03,2022-03,1,Nicaragua,49
2022-03,2022-03,1,Other,29
2022-03,2022-03,1,Venezuela,1
2022-03,2022-03,2,Afghanistan,4
2022-03,2022-03,2,Colombia,7
2022-03,2022-03,2,Cuba,13
2022-03,2022-03,2,Ecuador,3
2022-03,2022-03,2,El Salvador,224
2022-03,2022-03,2,Guatemala,932
2022-03,2022-03,2,Honduras,519
2022-03,2022-03,2,India,4
2022-03,2022-03,2,Mexico,25
2022-03,2022-03,2,Nicaragua,33
2022-03,2022-03,2,Other,17
2022-03,2022-03,2,Venezuela,5
2022-03,2022-03,3,Colombia,1
2022-03,2022-03,3,Cuba,1
2022-03,2022-03,3,El Salvador,20
2022-03,2022-03,3,Guatemala,64
2022-03,2022-03,3,Honduras,33
2022-03,2022-03,3,India,2
2022-03,2022-03,3,Mexico,1
2022-03,2022-03,3,Nicaragua,7
2022-03,2022-03,3,Other,6
2022-03,2022-04,1,Colombia,18
2022-03,2022-04,1,Cuba,33
2022-03,2022-04,1,Ecuador,9
2022-03,2022-04,1,El Salvador,249
2022-03,2022-04,1,Guatemala,726
2022-03,2022-04,1,Honduras,584
2022-03,2022-04,1,India,2
2022-03,2022-04,1,Mexico,112
2022-03,2022-04,1,Nicaragua,47
2022-03,2022-04,1,Other,32
2022-03,2022-04,1,Venezuela,1
2022-03,2022-04,2,Colombia,9
2022-03,2022-04,2,Cuba,15
2022-03,2022-04,2,Ecuador,5
2022-03,2022-04,2,El Salvador,465
2022-03,2022-04,2,Guatemala,1771
2022-03,2022-04,2,Honduras,968
2022-03,2022-04,2,India,15
2022-03,2022-04,2,Mexico,54
2022-03,2022-04,2,Nicaragua,72
2022-03,2022-04,2,Other,53
2022-03,2022-04,2,Venezuela,5
2022-03,2022-04,3,Colombia,11
2022-03,2022-04,3,Cuba,4
2022-03,2022-04,3,Ecuador,2
2022-03,2022-04,3,El Salvador,116
2022-03,2022-04,3,Guatemala,416
2022-03,2022-04,3,Honduras,226
2022-03,2022-04,3,India,21
2022-03,2022-04,3,Mexico,10
2022-03,2022-04,3,Nicaragua,20
2022-03,2022-04,3,Other,38
2022-03,2022-05,1,Colombia,3
2022-03,2022-05,1,Cuba,1
2022-03,2022-05,1,El Salvador,20
2022-03,2022-05,1,Guatemala,49
2022-03,2022-05,1,Honduras,56
2022-03,2022-05,1,Mexico,7
2022-03,2022-05,1,Nicaragua,5
2022-03,2022-05,1,Other,2
2022-03,2022-05,2,Colombia,1
2022-03,2022-05,2,Ecuador,1
2022-03,2022-05,2,El Salvador,49
2022-03,2022-05,2,Guatemala,234
2022-03,2022-05,2,Honduras,138
2022-03,2022-05,2,Mexico,11
2022-03,2022-05,2,Nicaragua,11
2022-03,2022-05,2,Other,10
2022-03,2022-05,2,Venezuela,1
2022-03,2022-05,3,Colombia,2
2022-03,2022-05,3,Ecuador,1
2022-03,2022-05,3,El Salvador,29
2022-03,2022-05,3,Guatemala,219
2022-03,2022-05,3,Honduras,100
2022-03,2022-05,3,India,3
2022-03,2022-05,3,Mexico,4
2022-03,2022-05,3,Nicaragua,9
2022-03,2022-05,3,Other,13
2022-03,2022-06,1,El Salvador,3
2022-03,2022-06,1,Guatemala,13
2022-03,2022-06,1,Honduras,5
2022-03,2022-06,2,El Salvador,4
2022-03,2022-06,2,Guatemala,53
2022-03,2022-06,2,Honduras,15
2022-03,2022-06,2,Mexico,1
2022-03,2022-06,2,Nicaragua,2
2022-03,2022-06,3,El Salvador,6
2022-03,2022-06,3,Guatemala,63
2022-03,2022-06,3,Honduras,24
2022-03,2022-06,3,India,1
2022-03,2022-06,3,Nicaragua,1
2022-03,2022-06,3,Other,6
2022-03,2022-07,1,Guatemala,3
2022-03,2022-07,1,Honduras,2
2022-03,2022-07,1,Nicaragua,1
2022-03,2022-07,2,El Salvador,2
2022-03,2022-07,2,Guatemala,17
2022-03,2022-07,2,Honduras,7
2022-03,2022-07,2,Mexico,1
2022-03,2022-07,3,El Salvador,1
2022-03,2022-07,3,Guatemala,27
2022-03,2022-07,3,Honduras,14
2022-03,2022-07,3,Other,1
2022-03,2022-08,1,Honduras,3
2022-03,2022-08,1,Mexico,1
2022-03,2022-08,2,Guatemala,8
2022-03,2022-08,2,Honduras,3
2022-03,2022-08,3,Guatemala,16
2022-03,2022-08,3,Honduras,6
2022-03,2022-08,3,Mexico,1
2022-03,2022-09,1,Honduras,1
2022-03,2022-09,1,Nicaragua,1
2022-03,2022-09,2,Guatemala,4
2022-03,2022-09,2,Honduras,1
2022-03,2022-09,2,Mexico,1
2022-03,2022-09,2,Other,1
2022-03,2022-09,3,El Salvador,1
2022-03,2022-09,3,Guatemala,6
2022-03,2022-09,3,Honduras,1
2022-03,2022-09,3,Other,1
2022-03,2022-10,1,Guatemala,1
2022-03,2022-10,2,Guatemala,1
2022-03,2022-10,2,Honduras,1
2022-03,2022-10,2,Other,1
2022-03,2022-10,3,Guatemala,2
2022-03,2022-10,3,Honduras,2
2022-03,2022-11,2,Guatemala,3
2022-03,2022-11,3,Guatemala,5
2022-03,2022-11,3,Honduras,1
2022-03,2022-12,2,Honduras,1
2022-03,2022-12,3,Guatemala,1
2022-03,2022-12,3,Other,1
2022-03,2023-01,2,Guatemala,1
2022-03,2023-01,2,Honduras,1
2022-03,2023-01,3,Guatemala,1
2022-03,2023-01,3,Honduras,1
2022-03,2023-03,1,Honduras,1
2022-03,2023-05,3,Guatemala,1
2022-04,2022-04,1,Colombia,18
2022-04,2022-04,1,Cuba,65
2022-04,2022-04,1,Ecuador,28
2022-04,2022-04,1,El Salvador,279
2022-04,2022-04,1,Guatemala,761
2022-04,2022-04,1,Honduras,593
2022-04,2022-04,1,Mexico,63
2022-04,2022-04,1,Nicaragua,47
2022-04,2022-04,1,Other,27
2022-04,2022-04,1,Venezuela,4
2022-04,2022-04,2,Afghanistan,8
2022-04,2022-04,2,Colombia,12
2022-04,2022-04,2,Cuba,13
2022-04,2022-04,2,Ecuador,6
2022-04,2022-04,2,El Salvador,285
2022-04,2022-04,2,Guatemala,918
2022-04,2022-04,2,Honduras,487
2022-04,2022-04,2,India,7
2022-04,2022-04,2,Mexico,26
2022-04,2022-04,2,Nicaragua,28
2022-04,2022-04,2,Other,38
2022-04,2022-04,3,Colombia,1
2022-04,2022-04,3,Cuba,4
2022-04,2022-04,3,El Salvador,27
2022-04,2022-04,3,Guatemala,65
2022-04,2022-04,3,Honduras,38
2022-04,2022-04,3,India,5
2022-04,2022-04,3,Mexico,2
2022-04,2022-04,3,Nicaragua,6
2022-04,2022-04,3,Other,9
2022-04,2022-05,1,Colombia,18
2022-04,2022-05,1,Cuba,35
2022-04,2022-05,1,Ecuador,24
2022-04,2022-05,1,El Salvador,158
2022-04,2022-05,1,Guatemala,607
2022-04,2022-05,1,Honduras,405
2022-04,2022-05,1,Mexico,75
2022-04,2022-05,1,Nicaragua,39
2022-04,2022-05,1,Other,43
2022-04,2022-05,1,Venezuela,7
2022-04,2022-05,2,Colombia,11
2022-04,2022-05,2,Cuba,15
2022-04,2022-05,2,Ecuador,8
2022-04,2022-05,2,El Salvador,366
2022-04,2022-05,2,Guatemala,1363
2022-04,2022-05,2,Honduras,638
2022-04,2022-05,2,India,4
2022-04,2022-05,2,Mexico,45
2022-04,2022-05,2,Nicaragua,46
2022-04,2022-05,2,Other,55
2022-04,2022-05,2,Venezuela,2
2022-04,2022-05,3,Colombia,7
2022-04,2022-05,3,Cuba,3
2022-04,2022-05,3,Ecuador,2
2022-04,2022-05,3,El Salvador,75
2022-04,2022-05,3,Guatemala,306
2022-04,2022-05,3,Honduras,149
2022-04,2022-05,3,India,11
2022-04,2022-05,3,Mexico,10
2022-04,2022-05,3,Nicaragua,14
2022-04,2022-05,3,Other,45
2022-04,2022-06,1,El Salvador,8
2022-04,2022-06,1,Guatemala,37
2022-04,2022-06,1,Honduras,28
2022-04,2022-06,1,Mexico,4
2022-04,2022-06,1,Nicaragua,4
2022-04,2022-06,1,Other,4
2022-04,2022-06,2,Colombia,1
2022-04,2022-06,2,El Salvador,21
2022-04,2022-06,2,Guatemala,194
2022-04,2022-06,2,Honduras,78
2022-04,2022-06,2,India,1
2022-04,2022-06,2,Mexico,10
2022-04,2022-06,2,Nicaragua,5
2022-04,2022-06,2,Other,6
2022-04,2022-06,3,Colombia,1
2022-04,2022-06,3,Cuba,1
2022-04,2022-06,3,El Salvador,30
2022-04,2022-06,3,Guatemala,174
2022-04,2022-06,3,Honduras,81
2022-04,2022-06,3,India,2
2022-04,2022-06,3,Mexico,6
2022-04,2022-06,3,Nicaragua,6
2022-04,2022-06,3,Other,16
2022-04,2022-07,1,El Salvador,2
2022-04,2022-07,1,Guatemala,8
2022-04,2022-07,1,Honduras,13
2022-04,2022-07,1,Mexico,4
2022-04,2022-07,1,Nicaragua,1
2022-04,2022-07,2,El Salvador,6
2022-04,2022-07,2,Guatemala,31
2022-04,2022-07,2,Honduras,17
2022-04,2022-07,2,Nicaragua,2
2022-04,2022-07,2,Other,1
2022-04,2022-07,3,Afghanistan,1
2022-04,2022-07,3,Colombia,1
2022-04,2022-07,3,El Salvador,1
2022-04,2022-07,3,Guatemala,62
2022-04,2022-07,3,Honduras,27
2022-04,2022-07,3,Mexico,1
2022-04,2022-07,3,Other,5
2022-04,2022-08,1,Guatemala,3
2022-04,2022-08,1,Honduras,3
2022-04,2022-08,1,Other,1
2022-04,2022-08,2,El Salvador,1
2022-04,2022-08,2,Guatemala,11
2022-04,2022-08,2,Honduras,1
2022-04,2022-08,2,Nicaragua,1
2022-04,2022-08,2,Other,2
2022-04,2022-08,3,Guatemala,25
2022-04,2022-08,3,Honduras,6
2022-04,2022-08,3,Nicaragua,1
2022-04,2022-08,3,Venezuela,1
2022-04,2022-09,1,Honduras,1
2022-04,2022-09,2,Guatemala,4
2022-04,2022-09,2,Nicaragua,1
2022-04,2022-09,3,Guatemala,9
2022-04,2022-09,3,Honduras,4
2022-04,2022-09,3,India,2
2022-04,2022-10,1,Honduras,1
2022-04,2022-10,2,Honduras,2
2022-04,2022-10,3,Guatemala,6
2022-04,2022-10,3,Honduras,5
2022-04,2022-10,3,Mexico,1
2022-04,2022-10,3,Other,1
2022-04,2022-11,1,El Salvador,1
2022-04,2022-11,1,Mexico,1
2022-04,2022-11,2,Guatemala,2
2022-04,2022-11,2,Honduras,1
2022-04,2022-11,3,Guatemala,4
2022-04,2022-11,3,Other,1
2022-04,2022-12,2,Guatemala,1
2022-04,2022-12,3,Guatemala,3
2022-04,2022-12,3,Honduras,1
2022-04,2023-01,1,Guatemala,2
2022-04,2023-01,2,Guatemala,1
2022-04,2023-01,3,Guatemala,3
2022-04,2023-02,3,Honduras,1
2022-04,2023-03,1,Guatemala,1
2022-04,2023-03,2,Guatemala,1
2022-04,2023-03,3,Guatemala,1
2022-04,2023-05,2,Honduras,1
2022-05,2022-05,1,Colombia,26
2022-05,2022-05,1,Cuba,49
2022-05,2022-05,1,Ecuador,43
2022-05,2022-05,1,El Salvador,322
2022-05,2022-05,1,Guatemala,852
2022-05,2022-05,1,Honduras,699
2022-05,2022-05,1,India,1
2022-05,2022-05,1,Mexico,71
2022-05,2022-05,1,Nicaragua,84
2022-05,2022-05,1,Other,35
2022-05,2022-05,1,Venezuela,11
2022-05,2022-05,2,Afghanistan,18
2022-05,2022-05,2,Colombia,9
2022-05,2022-05,2,Cuba,13
2022-05,2022-05,2,Ecuador,11
2022-05,2022-05,2,El Salvador,252
2022-05,2022-05,2,Guatemala,982
2022-05,2022-05,2,Honduras,544
2022-05,2022-05,2,India,1
2022-05,2022-05,2,Mexico,22
2022-05,2022-05,2,Nicaragua,28
2022-05,2022-05,2,Other,31
2022-05,2022-05,2,Venezuela,2
2022-05,2022-05,3,Colombia,3
2022-05,2022-05,3,Cuba,2
2022-05,2022-05,3,El Salvador,29
2022-05,2022-05,3,Guatemala,80
2022-05,2022-05,3,Honduras,51
2022-05,2022-05,3,India,2
2022-05,2022-05,3,Mexico,2
2022-05,2022-05,3,Nicaragua,5
2022-05,2022-05,3,Other,6
2022-05,2022-06,1,Colombia,22
2022-05,2022-06,1,Cuba,24
2022-05,2022-06,1,Ecuador,41
2022-05,2022-06,1,El Salvador,272
2022-05,2022-06,1,Guatemala,747
2022-05,2022-06,1,Honduras,621
2022-05,2022-06,1,Mexico,80
2022-05,2022-06,1,Nicaragua,65
2022-05,2022-06,1,Other,38
2022-05,2022-06,1,Venezuela,8
2022-05,2022-06,2,Afghanistan,1
2022-05,2022-06,2,Colombia,28
2022-05,2022-06,2,Cuba,8
2022-05,2022-06,2,Ecuador,27
2022-05,2022-06,2,El Salvador,494
2022-05,2022-06,2,Guatemala,1882
2022-05,2022-06,2,Honduras,1040
2022-05,2022-06,2,India,6
2022-05,2022-06,2,Mexico,56
2022-05,2022-06,2,Nicaragua,77
2022-05,2022-06,2,Other,63
2022-05,2022-06,2,Venezuela,3
2022-05,2022-06,3,Afghanistan,1
2022-05,2022-06,3,Colombia,17
2022-05,2022-06,3,Cuba,4
2022-05,2022-06,3,Ecuador,3
2022-05,2022-06,3,El Salvador,102
2022-05,2022-06,3,Guatemala,395
2022-05,2022-06,3,Honduras,270
2022-05,2022-06,3,India,18
2022-05,2022-06,3,Mexico,23
2022-05,2022-06,3,Nicaragua,22
2022-05,2022-06,3,Other,32
2022-05,2022-06,3,Venezuela,1
2022-05,2022-07,1,Colombia,1
2022-05,2022-07,1,Ecuador,3
2022-05,2022-07,1,El Salvador,19
2022-05,2022-07,1,Guatemala,61
2022-05,2022-07,1,Honduras,47
2022-05,2022-07,1,Mexico,10
2022-05,2022-07,1,Nicaragua,3
2022-05,2022-07,1,Other,6
2022-05,2022-07,2,Afghanistan,1
2022-05,2022-07,2,Colombia,1
2022-05,2022-07,2,Ecuador,1
2022-05,2022-07,2,El Salvador,31
2022-05,2022-07,2,Guatemala,255
2022-05,2022-07,2,Honduras,142
2022-05,2022-07,2,Mexico,10
2022-05,2022-07,2,Nicaragua,13
2022-05,2022-07,2,Other,6
2022-05,2022-07,2,Venezuela,1
2022-05,2022-07,3,Afghanistan,2
2022-05,2022-07,3,Colombia,4
2022-05,2022-07,3,El Salvador,31
2022-05,2022-07,3,Guatemala,232
2022-05,2022-07,3,Honduras,139
2022-05,2022-07,3,India,5
2022-05,2022-07,3,Mexico,3
2022-05,2022-07,3,Nicaragua,9
2022-05,2022-07,3,Other,14
2022-05,2022-08,1,Ecuador,2
2022-05,2022-08,1,Guatemala,14
2022-05,2022-08,1,Honduras,11
2022-05,2022-08,1,Mexico,2
2022-05,2022-08,2,Ecuador,1
2022-05,2022-08,2,El Salvador,7
2022-05,2022-08,2,Guatemala,47
2022-05,2022-08,2,Honduras,28
2022-05,2022-08,2,Nicaragua,4
2022-05,2022-08,2,Other,4
2022-05,2022-08,3,Colombia,1
2022-05,2022-08,3,El Salvador,5
2022-05,2022-08,3,Guatemala,59
2022-05,2022-08,3,Honduras,29
2022-05,2022-08,3,Mexico,1
2022-05,2022-08,3,Nicaragua,1
2022-05,2022-08,3,Other,3
2022-05,2022-09,1,Guatemala,1
2022-05,2022-09,1,Honduras,7
2022-05,2022-09,2,Colombia,1
2022-05,2022-09,2,El Salvador,2
2022-05,2022-09,2,Guatemala,15
2022-05,2022-09,2,Honduras,6
2022-05,2022-09,2,Mexico,1
2022-05,2022-09,2,Nicaragua,1
2022-05,2022-09,2,Venezuela,1
2022-05,2022-09,3,El Salvador,2
2022-05,2022-09,3,Guatemala,13
2022-05,2022-09,3,Honduras,11
2022-05,2022-09,3,India,1
2022-05,2022-09,3,Venezuela,1
2022-05,2022-10,1,El Salvador,1
2022-05,2022-10,1,Guatemala,2
2022-05,2022-10,1,Honduras,4
2022-05,2022-10,2,El Salvador,1
2022-05,2022-10,2,Guatemala,13
2022-05,2022-10,2,Honduras,1
2022-05,2022-10,2,Venezuela,2
2022-05,2022-10,3,Colombia,1
2022-05,2022-10,3,El Salvador,2
2022-05,2022-10,3,Guatemala,7
2022-05,2022-10,3,Honduras,6
2022-05,2022-10,3,Nicaragua,1
2022-05,2022-10,3,Other,3
2022-05,2022-11,1,Guatemala,1
2022-05,2022-11,1,Honduras,2
2022-05,2022-11,2,Guatemala,5
2022-05,2022-11,2,Honduras,3
2022-05,2022-11,3,Guatemala,4
2022-05,2022-11,3,Honduras,3
2022-05,2022-11,3,Other,1
2022-05,2022-12,1,Afghanistan,3
2022-05,2022-12,1,Colombia,1
2022-05,2022-12,2,Guatemala,2
2022-05,2022-12,3,Guatemala,3
2022-05,2022-12,3,Honduras,3
2022-05,2023-01,2,Guatemala,2
2022-05,2023-01,3,Guatemala,1
2022-05,2023-02,1,Guatemala,1
2022-05,2023-02,2,Guatemala,2
2022-05,2023-02,2,Honduras,2
2022-05,2023-02,3,Guatemala,3
2022-05,2023-03,2,Guatemala,1
2022-05,2023-03,3,Guatemala,2
2022-05,2023-03,3,Honduras,1
2022-05,2023-03,3,Nicaragua,1
2022-05,2023-05,3,Guatemala,2
2022-06,2022-06,1,Colombia,23
2022-06,2022-06,1,Cuba,20
2022-06,2022-06,1,Ecuador,41
2022-06,2022-06,1,El Salvador,273
2022-06,2022-06,1,Guatemala,762
2022-06,2022-06,1,Honduras,704
2022-06,2022-06,1,Mexico,107
2022-06,2022-06,1,Nicaragua,53
2022-06,2022-06,1,Other,17
2022-06,2022-06,1,Venezuela,16
2022-06,2022-06,2,Afghanistan,3
2022-06,2022-06,2,Colombia,8
2022-06,2022-06,2,Cuba,9
2022-06,2022-06,2,Ecuador,6
2022-06,2022-06,2,El Salvador,247
2022-06,2022-06,2,Guatemala,881
2022-06,2022-06,2,Honduras,629
2022-06,2022-06,2,India,3
2022-06,2022-06,2,Mexico,35
2022-06,2022-06,2,Nicaragua,28
2022-06,2022-06,2,Other,15
2022-06,2022-06,2,Venezuela,7
2022-06,2022-06,3,Afghanistan,7
2022-06,2022-06,3,Colombia,9
2022-06,2022-06,3,Cuba,3
2022-06,2022-06,3,Ecuador,1
2022-06,2022-06,3,El Salvador,20
2022-06,2022-06,3,Guatemala,65
2022-06,2022-06,3,Honduras,50
2022-06,2022-06,3,India,3
2022-06,2022-06,3,Mexico,2
2022-06,2022-06,3,Nicaragua,3
2022-06,2022-06,3,Other,1
2022-06,2022-07,1,Colombia,18
2022-06,2022-07,1,Cuba,27
2022-06,2022-07,1,Ecuador,64
2022-06,2022-07,1,El Salvador,272
2022-06,2022-07,1,Guatemala,907
2022-06,2022-07,1,Honduras,798
2022-06,2022-07,1,Mexico,81
2022-06,2022-07,1,Nicaragua,39
2022-06,2022-07,1,Other,19
2022-06,2022-07,1,Venezuela,17
2022-06,2022-07,2,Colombia,21
2022-06,2022-07,2,Cuba,7
2022-06,2022-07,2,Ecuador,16
2022-06,2022-07,2,El Salvador,465
2022-06,2022-07,2,Guatemala,2089
2022-06,2022-07,2,Honduras,1353
2022-06,2022-07,2,India,5
2022-06,2022-07,2,Mexico,71
2022-06,2022-07,2,Nicaragua,47
2022-06,2022-07,2,Other,36
2022-06,2022-07,2,Venezuela,20
2022-06,2022-07,3,Afghanistan,1
2022-06,2022-07,3,Colombia,5
2022-06,2022-07,3,Cuba,1
2022-06,2022-07,3,Ecuador,7
2022-06,2022-07,3,El Salvador,147
2022-06,2022-07,3,Guatemala,506
2022-06,2022-07,3,Honduras,270
2022-06,2022-07,3,India,14
2022-06,2022-07,3,Mexico,11
2022-06,2022-07,3,Nicaragua,11
2022-06,2022-07,3,Other,24
2022-06,2022-07,3,Venezuela,4
2022-06,2022-08,1,Colombia,1
2022-06,2022-08,1,Cuba,2
2022-06,2022-08,1,Ecuador,3
2022-06,2022-08,1,El Salvador,27
2022-06,2022-08,1,Guatemala,55
2022-06,2022-08,1,Honduras,76
2022-06,2022-08,1,India,1
2022-06,2022-08,1,Mexico,10
2022-06,2022-08,1,Nicaragua,2
2022-06,2022-08,1,Other,3
2022-06,2022-08,2,Ecuador,1
2022-06,2022-08,2,El Salvador,41
2022-06,2022-08,2,Guatemala,286
2022-06,2022-08,2,Honduras,146
2022-06,2022-08,2,India,1
2022-06,2022-08,2,Mexico,6
2022-06,2022-08,2,Nicaragua,7
2022-06,2022-08,2,Other,5
2022-06,2022-08,2,Venezuela,2
2022-06,2022-08,3,Cuba,1
2022-06,2022-08,3,Ecuador,1
2022-06,2022-08,3,El Salvador,37
2022-06,2022-08,3,Guatemala,241
2022-06,2022-08,3,Honduras,132
2022-06,2022-08,3,India,3
2022-06,2022-08,3,Mexico,7
2022-06,2022-08,3,Nicaragua,9
2022-06,2022-08,3,Other,5
2022-06,2022-08,3,Venezuela,1
2022-06,2022-09,1,Colombia,2
2022-06,2022-09,1,Cuba,1
2022-06,2022-09,1,El Salvador,4
2022-06,2022-09,1,Guatemala,17
2022-06,2022-09,1,Honduras,21
2022-06,2022-09,1,Mexico,2
2022-06,2022-09,1,Other,1
2022-06,2022-09,2,El Salvador,7
2022-06,2022-09,2,Guatemala,61
2022-06,2022-09,2,Honduras,24
2022-06,2022-09,2,Mexico,1
2022-06,2022-09,2,Nicaragua,1
2022-06,2022-09,2,Venezuela,3
2022-06,2022-09,3,El Salvador,5
2022-06,2022-09,3,Guatemala,76
2022-06,2022-09,3,Honduras,39
2022-06,2022-09,3,India,1
2022-06,2022-09,3,Mexico,3
2022-06,2022-09,3,Other,2
2022-06,2022-09,3,Venezuela,2
2022-06,2022-10,1,El Salvador,6
2022-06,2022-10,1,Guatemala,7
2022-06,2022-10,1,Honduras,13
2022-06,2022-10,1,Mexico,2
2022-06,2022-10,1,Other,1
2022-06,2022-10,2,El Salvador,3
2022-06,2022-10,2,Guatemala,40
2022-06,2022-10,2,Honduras,9
2022-06,2022-10,2,Mexico,1
2022-06,2022-10,2,Nicaragua,2
2022-06,2022-10,3,El Salvador,1
2022-06,2022-10,3,Guatemala,24
2022-06,2022-10,3,Honduras,14
2022-06,2022-10,3,India,1
2022-06,2022-10,3,Nicaragua,2
2022-06,2022-11,1,Colombia,1
2022-06,2022-11,1,El Salvador,2
2022-06,2022-11,1,Guatemala,6
2022-06,2022-11,1,Honduras,2
2022-06,2022-11,2,Guatemala,18
2022-06,2022-11,2,Honduras,8
2022-06,2022-11,2,Other,1
2022-06,2022-11,3,Guatemala,20
2022-06,2022-11,3,Honduras,8
2022-06,2022-12,1,El Salvador,1
2022-06,2022-12,1,Guatemala,4
2022-06,2022-12,1,Honduras,1
2022-06,2022-12,2,Guatemala,4
2022-06,2022-12,2,Honduras,6
2022-06,2022-12,2,Mexico,1
2022-06,2022-12,3,Guatemala,13
2022-06,2022-12,3,Honduras,8
2022-06,2022-12,3,Mexico,1
2022-06,2022-12,3,Other,1
2022-06,2023-01,1,Guatemala,1
2022-06,2023-01,1,Honduras,5
2022-06,2023-01,1,Venezuela,1
2022-06,2023-01,2,Guatemala,2
2022-06,2023-01,2,Mexico,1
2022-06,2023-01,2,Venezuela,1
2022-06,2023-01,3,Guatemala,6
2022-06,2023-01,3,Honduras,1
2022-06,2023-02,1,Honduras,2
2022-06,2023-02,2,Guatemala,2
2022-06,2023-02,2,Honduras,1
2022-06,2023-02,3,Guatemala,6
2022-06,2023-02,3,Honduras,2
2022-06,2023-03,2,Guatemala,4
2022-06,2023-03,2,Honduras,1
2022-06,2023-03,2,Venezuela,1
2022-06,2023-03,3,Guatemala,1
2022-06,2023-04,2,Guatemala,2
2022-06,2023-04,3,Guatemala,2
2022-06,2023-05,3,Guatemala,1
2022-07,2022-07,1,Colombia,17
2022-07,2022-07,1,Cuba,49
2022-07,2022-07,1,Ecuador,63
2022-07,2022-07,1,El Salvador,273
2022-07,2022-07,1,Guatemala,797
2022-07,2022-07,1,Honduras,725
2022-07,2022-07,1,Mexico,89
2022-07,2022-07,1,Nicaragua,51
2022-07,2022-07,1,Other,39
2022-07,2022-07,1,Venezuela,29
2022-07,2022-07,2,Colombia,15
2022-07,2022-07,2,Cuba,8
2022-07,2022-07,2,Ecuador,8
2022-07,2022-07,2,El Salvador,278
2022-07,2022-07,2,Guatemala,1056
2022-07,2022-07,2,Honduras,671
2022-07,2022-07,2,India,1
2022-07,2022-07,2,Mexico,33
2022-07,2022-07,2,Nicaragua,30
2022-07,2022-07,2,Other,25
2022-07,2022-07,2,Venezuela,5
2022-07,2022-07,3,Afghanistan,2
2022-07,2022-07,3,Colombia,4
2022-07,2022-07,3,Cuba,3
2022-07,2022-07,3,Ecuador,1
2022-07,2022-07,3,El Salvador,26
2022-07,2022-07,3,Guatemala,93
2022-07,2022-07,3,Honduras,67
2022-07,2022-07,3,India,3
2022-07,2022-07,3,Mexico,1
2022-07,2022-07,3,Nicaragua,3
2022-07,2022-07,3,Other,4
2022-07,2022-07,3,Venezuela,1
2022-07,2022-08,1,Colombia,13
2022-07,2022-08,1,Cuba,37
2022-07,2022-08,1,Ecuador,37
2022-07,2022-08,1,El Salvador,232
2022-07,2022-08,1,Guatemala,561
2022-07,2022-08,1,Honduras,555
2022-07,2022-08,1,India,1
2022-07,2022-08,1,Mexico,93
2022-07,2022-08,1,Nicaragua,45
2022-07,2022-08,1,Other,29
2022-07,2022-08,1,Venezuela,22
2022-07,2022-08,2,Afghanistan,2
2022-07,2022-08,2,Colombia,18
2022-07,2022-08,2,Cuba,14
2022-07,2022-08,2,Ecuador,24
2022-07,2022-08,2,El Salvador,372
2022-07,2022-08,2,Guatemala,1592
2022-07,2022-08,2,Honduras,1056
2022-07,2022-08,2,India,7
2022-07,2022-08,2,Mexico,55
2022-07,2022-08,2,Nicaragua,64
2022-07,2022-08,2,Other,36
2022-07,2022-08,2,Venezuela,29
2022-07,2022-08,3,Colombia,5
2022-07,2022-08,3,Cuba,11
2022-07,2022-08,3,Ecuador,2
2022-07,2022-08,3,El Salvador,82
2022-07,2022-08,3,Guatemala,404
2022-07,2022-08,3,Honduras,249
2022-07,2022-08,3,India,10
2022-07,2022-08,3,Mexico,6
2022-07,2022-08,3,Nicaragua,14
2022-07,2022-08,3,Other,18
2022-07,2022-08,3,Venezuela,5
2022-07,2022-09,1,Colombia,5
2022-07,2022-09,1,Cuba,1
2022-07,2022-09,1,Ecuador,1
2022-07,2022-09,1,El Salvador,14
2022-07,2022-09,1,Guatemala,42
2022-07,2022-09,1,Honduras,44
2022-07,2022-09,1,Mexico,12
2022-07,2022-09,1,Nicaragua,4
2022-07,2022-09,1,Other,1
2022-07,2022-09,2,Ecuador,1
2022-07,2022-09,2,El Salvador,27
2022-07,2022-09,2,Guatemala,234
2022-07,2022-09,2,Honduras,136
2022-07,2022-09,2,India,1
2022-07,2022-09,2,Mexico,11
2022-07,2022-09,2,Nicaragua,12
2022-07,2022-09,2,Other,5
2022-07,2022-09,2,Venezuela,1
2022-07,2022-09,3,Cuba,2
2022-07,2022-09,3,Ecuador,1
2022-07,2022-09,3,El Salvador,34
2022-07,2022-09,3,Guatemala,220
2022-07,2022-09,3,Honduras,122
2022-07,2022-09,3,Mexico,9
2022-07,2022-09,3,Nicaragua,6
2022-07,2022-09,3,Other,8
2022-07,2022-09,3,Venezuela,2
2022-07,2022-10,1,El Salvador,2
2022-07,2022-10,1,Guatemala,6
2022-07,2022-10,1,Honduras,18
2022-07,2022-10,1,Mexico,1
2022-07,2022-10,1,Nicaragua,1
2022-07,2022-10,1,Other,2
2022-07,2022-10,1,Venezuela,1
2022-07,2022-10,2,El Salvador,1
2022-07,2022-10,2,Guatemala,59
2022-07,2022-10,2,Honduras,43
2022-07,2022-10,2,Mexico,3
2022-07,2022-10,2,Nicaragua,1
2022-07,2022-10,2,Other,3
2022-07,2022-10,2,Venezuela,1
2022-07,2022-10,3,Colombia,2
2022-07,2022-10,3,El Salvador,6
2022-07,2022-10,3,Guatemala,72
2022-07,2022-10,3,Honduras,36
2022-07,2022-10,3,Mexico,3
2022-07,2022-10,3,Nicaragua,3
2022-07,2022-10,3,Other,2
2022-07,2022-10,3,Venezuela,3
2022-07,2022-11,1,Ecuador,2
2022-07,2022-11,1,El Salvador,1
2022-07,2022-11,1,Guatemala,5
2022-07,2022-11,1,Honduras,9
2022-07,2022-11,1,Mexico,1
2022-07,2022-11,1,Nicaragua,2
2022-07,2022-11,2,El Salvador,3
2022-07,2022-11,2,Guatemala,30
2022-07,2022-11,2,Honduras,12
2022-07,2022-11,2,Mexico,1
2022-07,2022-11,2,Nicaragua,1
2022-07,2022-11,2,Venezuela,3
2022-07,2022-11,3,Guatemala,29
2022-07,2022-11,3,Honduras,21
2022-07,2022-11,3,India,1
2022-07,2022-11,3,Mexico,2
2022-07,2022-11,3,Nicaragua,1
2022-07,2022-11,3,Other,1
2022-07,2022-12,1,Ecuador,1
2022-07,2022-12,1,Guatemala,3
2022-07,2022-12,1,Honduras,4
2022-07,2022-12,1,Mexico,1
2022-07,2022-12,2,El Salvador,3
2022-07,2022-12,2,Guatemala,5
2022-07,2022-12,2,Honduras,3
2022-07,2022-12,2,Mexico,1
2022-07,2022-12,2,Other,1
2022-07,2022-12,3,El Salvador,3
2022-07,2022-12,3,Guatemala,24
2022-07,2022-12,3,Honduras,9
2022-07,2022-12,3,Other,1
2022-07,2023-01,1,Honduras,1
2022-07,2023-01,1,Mexico,1
2022-07,2023-01,2,Guatemala,6
2022-07,2023-01,2,Honduras,2
2022-07,2023-01,2,Mexico,1
2022-07,2023-01,3,El Salvador,1
2022-07,2023-01,3,Guatemala,9
2022-07,2023-01,3,Honduras,3
2022-07,2023-02,2,Guatemala,6
2022-07,2023-02,3,Guatemala,7
2022-07,2023-02,3,Honduras,1
2022-07,2023-03,1,Guatemala,2
2022-07,2023-03,1,Honduras,3
2022-07,2023-03,2,Guatemala,1
2022-07,2023-03,3,Guatemala,6
2022-07,2023-03,3,Honduras,1
2022-07,2023-04,1,Honduras,1
2022-07,2023-04,2,Guatemala,2
2022-07,2023-04,2,Honduras,1
2022-07,2023-04,3,Guatemala,4
2022-07,2023-05,1,Guatemala,1
2022-07,2023-05,3,Guatemala,3
2022-08,2022-08,1,Colombia,20
2022-08,2022-08,1,Cuba,55
2022-08,2022-08,1,Ecuador,57
2022-08,2022-08,1,El Salvador,243
2022-08,2022-08,1,Guatemala,615
2022-08,2022-08,1,Honduras,535
2022-08,2022-08,1,India,1
2022-08,2022-08,1,Mexico,120
2022-08,2022-08,1,Nicaragua,42
2022-08,2022-08,1,Other,18
2022-08,2022-08,1,Venezuela,32
2022-08,2022-08,2,Afghanistan,1
2022-08,2022-08,2,Colombia,15
2022-08,2022-08,2,Cuba,15
2022-08,2022-08,2,Ecuador,18
2022-08,2022-08,2,El Salvador,237
2022-08,2022-08,2,Guatemala,817
2022-08,2022-08,2,Honduras,456
2022-08,2022-08,2,India,2
2022-08,2022-08,2,Mexico,26
2022-08,2022-08,2,Nicaragua,29
2022-08,2022-08,2,Other,15
2022-08,2022-08,2,Venezuela,15
2022-08,2022-08,3,Afghanistan,15
2022-08,2022-08,3,Colombia,3
2022-08,2022-08,3,Cuba,4
2022-08,2022-08,3,El Salvador,23
2022-08,2022-08,3,Guatemala,104
2022-08,2022-08,3,Honduras,48
2022-08,2022-08,3,India,3
2022-08,2022-08,3,Mexico,6
2022-08,2022-08,3,Nicaragua,5
2022-08,2022-08,3,Other,3
2022-08,2022-08,3,Venezuela,1
2022-08,2022-09,1,Colombia,16
2022-08,2022-09,1,Cuba,41
2022-08,2022-09,1,Ecuador,47
2022-08,2022-09,1,El Salvador,178
2022-08,2022-09,1,Guatemala,437
2022-08,2022-09,1,Honduras,383
2022-08,2022-09,1,India,1
2022-08,2022-09,1,Mexico,113
2022-08,2022-09,1,Nicaragua,50
2022-08,2022-09,1,Other,18
2022-08,2022-09,1,Venezuela,30
2022-08,2022-09,2,Colombia,16
2022-08,2022-09,2,Cuba,7
2022-08,2022-09,2,Ecuador,23
2022-08,2022-09,2,El Salvador,290
2022-08,2022-09,2,Guatemala,1230
2022-08,2022-09,2,Honduras,759
2022-08,2022-09,2,India,5
2022-08,2022-09,2,Mexico,60
2022-08,2022-09,2,Nicaragua,63
2022-08,2022-09,2,Other,42
2022-08,2022-09,2,Venezuela,22
2022-08,2022-09,3,Afghanistan,1
2022-08,2022-09,3,Colombia,11
2022-08,2022-09,3,Cuba,9
2022-08,2022-09,3,Ecuador,2
2022-08,2022-09,3,El Salvador,77
2022-08,2022-09,3,Guatemala,363
2022-08,2022-09,3,Honduras,195
2022-08,2022-09,3,India,10
2022-08,2022-09,3,Mexico,10
2022-08,2022-09,3,Nicaragua,14
2022-08,2022-09,3,Other,12
2022-08,2022-09,3,Venezuela,8
2022-08,2022-10,1,Ecuador,6
2022-08,2022-10,1,El Salvador,13
2022-08,2022-10,1,Guatemala,45
2022-08,2022-10,1,Honduras,29
2022-08,2022-10,1,Mexico,12
2022-08,2022-10,1,Nicaragua,2
2022-08,2022-10,1,Venezuela,1
2022-08,2022-10,2,Afghanistan,1
2022-08,2022-10,2,Colombia,2
2022-08,2022-10,2,Cuba,2
2022-08,2022-10,2,Ecuador,2
2022-08,2022-10,2,El Salvador,35
2022-08,2022-10,2,Guatemala,216
2022-08,2022-10,2,Honduras,113
2022-08,2022-10,2,Mexico,8
2022-08,2022-10,2,Nicaragua,14
2022-08,2022-10,2,Other,7
2022-08,2022-10,2,Venezuela,8
2022-08,2022-10,3,Colombia,3
2022-08,2022-10,3,Cuba,1
2022-08,2022-10,3,Ecuador,2
2022-08,2022-10,3,El Salvador,24
2022-08,2022-10,3,Guatemala,169
2022-08,2022-10,3,Honduras,95
2022-08,2022-10,3,India,5
2022-08,2022-10,3,Mexico,13
2022-08,2022-10,3,Nicaragua,9
2022-08,2022-10,3,Other,14
2022-08,2022-10,3,Venezuela,2
2022-08,2022-11,1,Colombia,1
2022-08,2022-11,1,Ecuador,1
2022-08,2022-11,1,El Salvador,3
2022-08,2022-11,1,Guatemala,10
2022-08,2022-11,1,Honduras,16
2022-08,2022-11,1,Nicaragua,1
2022-08,2022-11,1,Other,3
2022-08,2022-11,2,El Salvador,3
2022-08,2022-11,2,Guatemala,46
2022-08,2022-11,2,Honduras,31
2022-08,2022-11,2,Mexico,6
2022-08,2022-11,2,Other,5
2022-08,2022-11,2,Venezuela,2
2022-08,2022-11,3,Colombia,1
2022-08,2022-11,3,Cuba,1
2022-08,2022-11,3,El Salvador,3
2022-08,2022-11,3,Guatemala,56
2022-08,2022-11,3,Honduras,25
2022-08,2022-11,3,Mexico,1
2022-08,2022-11,3,Nicaragua,5
2022-08,2022-11,3,Other,2
2022-08,2022-11,3,Venezuela,2
2022-08,2022-12,1,Guatemala,8
2022-08,2022-12,1,Honduras,7
2022-08,2022-12,1,Mexico,2
2022-08,2022-12,1,Other,2
2022-08,2022-12,2,El Salvador,2
2022-08,2022-12,2,Guatemala,19
2022-08,2022-12,2,Honduras,7
2022-08,2022-12,2,Mexico,1
2022-08,2022-12,2,Nicaragua,1
2022-08,2022-12,3,El Salvador,2
2022-08,2022-12,3,Guatemala,30
2022-08,2022-12,3,Honduras,10
2022-08,2022-12,3,Other,2
2022-08,2022-12,3,Venezuela,2
2022-08,2023-01,1,Guatemala,1
2022-08,2023-01,2,Guatemala,12
2022-08,2023-01,2,Honduras,1
2022-08,2023-01,2,Mexico,1
2022-08,2023-01,2,Venezuela,1
2022-08,2023-01,3,Guatemala,14
2022-08,2023-01,3,Honduras,3
2022-08,2023-01,3,Nicaragua,1
2022-08,2023-02,1,Honduras,1
2022-08,2023-02,2,El Salvador,2
2022-08,2023-02,2,Guatemala,5
2022-08,2023-02,2,Other,1
2022-08,2023-02,2,Venezuela,2
2022-08,2023-02,3,Guatemala,7
2022-08,2023-02,3,Honduras,2
2022-08,2023-02,3,Other,1
2022-08,2023-03,2,Guatemala,5
2022-08,2023-03,3,Guatemala,4
2022-08,2023-03,3,Honduras,1
2022-08,2023-03,3,Mexico,1
2022-08,2023-03,3,Other,1
2022-08,2023-04,2,Guatemala,5
2022-08,2023-04,3,Guatemala,2
2022-08,2023-04,3,Honduras,1
2022-08,2023-04,3,Venezuela,1
2022-08,2023-05,2,Honduras,1
2022-08,2023-05,3,Guatemala,2
2022-08,2023-05,3,Honduras,1
2022-09,2022-09,1,Colombia,31
2022-09,2022-09,1,Cuba,75
2022-09,2022-09,1,Ecuador,81
2022-09,2022-09,1,El Salvador,208
2022-09,2022-09,1,Guatemala,610
2022-09,2022-09,1,Honduras,494
2022-09,2022-09,1,Mexico,109
2022-09,2022-09,1,Nicaragua,86
2022-09,2022-09,1,Other,27
2022-09,2022-09,1,Venezuela,30
2022-09,2022-09,2,Colombia,10
2022-09,2022-09,2,Cuba,9
2022-09,2022-09,2,Ecuador,10
2022-09,2022-09,2,El Salvador,162
2022-09,2022-09,2,Guatemala,592
2022-09,2022-09,2,Honduras,352
2022-09,2022-09,2,Mexico,30
2022-09,2022-09,2,Nicaragua,40
2022-09,2022-09,2,Other,18
2022-09,2022-09,2,Venezuela,17
2022-09,2022-09,3,Colombia,1
2022-09,2022-09,3,Cuba,1
2022-09,2022-09,3,El Salvador,25
2022-09,2022-09,3,Guatemala,45
2022-09,2022-09,3,Honduras,26
2022-09,2022-09,3,India,2
2022-09,2022-09,3,Nicaragua,1
2022-09,2022-09,3,Other,2
2022-09,2022-10,1,Colombia,22
2022-09,2022-10,1,Cuba,57
2022-09,2022-10,1,Ecuador,71
2022-09,2022-10,1,El Salvador,179
2022-09,2022-10,1,Guatemala,499
2022-09,2022-10,1,Honduras,402
2022-09,2022-10,1,India,1
2022-09,2022-10,1,Mexico,117
2022-09,2022-10,1,Nicaragua,61
2022-09,2022-10,1,Other,35
2022-09,2022-10,1,Venezuela,36
2022-09,2022-10,2,Afghanistan,1
2022-09,2022-10,2,Colombia,18
2022-09,2022-10,2,Cuba,25
2022-09,2022-10,2,Ecuador,32
2022-09,2022-10,2,El Salvador,346
2022-09,2022-10,2,Guatemala,1390
2022-09,2022-10,2,Honduras,805
2022-09,2022-10,2,India,3
2022-09,2022-10,2,Mexico,77
2022-09,2022-10,2,Nicaragua,60
2022-09,2022-10,2,Other,36
2022-09,2022-10,2,Venezuela,53
2022-09,2022-10,3,Colombia,3
2022-09,2022-10,3,Cuba,7
2022-09,2022-10,3,Ecuador,4
2022-09,2022-10,3,El Salvador,95
2022-09,2022-10,3,Guatemala,356
2022-09,2022-10,3,Honduras,197
2022-09,2022-10,3,India,7
2022-09,2022-10,3,Mexico,16
2022-09,2022-10,3,Nicaragua,16
2022-09,2022-10,3,Other,11
2022-09,2022-10,3,Venezuela,14
2022-09,2022-11,1,Ecuador,4
2022-09,2022-11,1,El Salvador,13
2022-09,2022-11,1,Guatemala,44
2022-09,2022-11,1,Honduras,30
2022-09,2022-11,1,Mexico,11
2022-09,2022-11,1,Nicaragua,6
2022-09,2022-11,1,Other,4
2022-09,2022-11,1,Venezuela,2
2022-09,2022-11,2,Colombia,5
2022-09,2022-11,2,Cuba,1
2022-09,2022-11,2,Ecuador,8
2022-09,2022-11,2,El Salvador,39
2022-09,2022-11,2,Guatemala,170
2022-09,2022-11,2,Honduras,99
2022-09,2022-11,2,Mexico,19
2022-09,2022-11,2,Nicaragua,10
2022-09,2022-11,2,Other,7
2022-09,2022-11,2,Venezuela,4
2022-09,2022-11,3,Colombia,2
2022-09,2022-11,3,Cuba,2
2022-09,2022-11,3,Ecuador,1
2022-09,2022-11,3,El Salvador,23
2022-09,2022-11,3,Guatemala,197
2022-09,2022-11,3,Honduras,116
2022-09,2022-11,3,Mexico,9
2022-09,2022-11,3,Nicaragua,7
2022-09,2022-11,3,Other,11
2022-09,2022-11,3,Venezuela,4
2022-09,2022-12,1,Ecuador,3
2022-09,2022-12,1,El Salvador,4
2022-09,2022-12,1,Guatemala,7
2022-09,2022-12,1,Honduras,12
2022-09,2022-12,1,Mexico,1
2022-09,2022-12,1,Nicaragua,1
2022-09,2022-12,1,Other,2
2022-09,2022-12,2,Cuba,1
2022-09,2022-12,2,Ecuador,1
2022-09,2022-12,2,El Salvador,8
2022-09,2022-12,2,Guatemala,52
2022-09,2022-12,2,Honduras,34
2022-09,2022-12,2,Mexico,1
2022-09,2022-12,2,Other,1
2022-09,2022-12,2,Venezuela,4
2022-09,2022-12,3,Colombia,1
2022-09,2022-12,3,El Salvador,9
2022-09,2022-12,3,Guatemala,70
2022-09,2022-12,3,Honduras,42
2022-09,2022-12,3,Nicaragua,3
2022-09,2022-12,3,Other,1
2022-09,2022-12,3,Venezuela,4
2022-09,2023-01,1,Ecuador,1
2022-09,2023-01,1,Guatemala,8
2022-09,2023-01,1,Honduras,3
2022-09,2023-01,1,Venezuela,1
2022-09,2023-01,2,El Salvador,2
2022-09,2023-01,2,Guatemala,26
2022-09,2023-01,2,Honduras,12
2022-09,2023-01,2,Mexico,2
2022-09,2023-01,2,Other,1
2022-09,2023-01,2,Venezuela,3
2022-09,2023-01,3,Guatemala,23
2022-09,2023-01,3,Honduras,17
2022-09,2023-01,3,Mexico,2
2022-09,2023-01,3,Other,5
2022-09,2023-01,3,Venezuela,2
2022-09,2023-02,1,El Salvador,1
2022-09,2023-02,1,Honduras,5
2022-09,2023-02,1,Other,1
2022-09,2023-02,1,Venezuela,1
2022-09,2023-02,2,Guatemala,9
2022-09,2023-02,2,Honduras,7
2022-09,2023-02,2,Mexico,2
2022-09,2023-02,2,Nicaragua,1
2022-09,2023-02,2,Venezuela,1
2022-09,2023-02,3,El Salvador,1
2022-09,2023-02,3,Guatemala,14
2022-09,2023-02,3,Honduras,3
2022-09,2023-02,3,Other,2
2022-09,2023-02,3,Venezuela,1
2022-09,2023-03,1,Guatemala,1
2022-09,2023-03,2,Guatemala,6
2022-09,2023-03,2,Honduras,1
2022-09,2023-03,3,Guatemala,13
2022-09,2023-03,3,Honduras,1
2022-09,2023-04,1,Afghanistan,1
2022-09,2023-04,1,Guatemala,1
2022-09,2023-04,2,Guatemala,2
2022-09,2023-04,2,Honduras,2
2022-09,2023-04,3,Guatemala,5
2022-09,2023-04,3,Honduras,1
2022-09,2023-05,3,Guatemala,3
2022-09,2023-05,3,Honduras,1
2022-10,2022-10,1,Colombia,37
2022-10,2022-10,1,Cuba,92
2022-10,2022-10,1,Ecuador,94
2022-10,2022-10,1,El Salvador,231
2022-10,2022-10,1,Guatemala,606
2022-10,2022-10,1,Honduras,463
2022-10,2022-10,1,India,1
2022-10,2022-10,1,Mexico,130
2022-10,2022-10,1,Nicaragua,83
2022-10,2022-10,1,Other,28
2022-10,2022-10,1,Venezuela,30
2022-10,2022-10,2,Colombia,12
2022-10,2022-10,2,Cuba,22
2022-10,2022-10,2,Ecuador,16
2022-10,2022-10,2,El Salvador,192
2022-10,2022-10,2,Guatemala,722
2022-10,2022-10,2,Honduras,420
2022-10,2022-10,2,India,4
2022-10,2022-10,2,Mexico,30
2022-10,2022-10,2,Nicaragua,39
2022-10,2022-10,2,Other,17
2022-10,2022-10,2,Venezuela,21
2022-10,2022-10,3,Colombia,4
2022-10,2022-10,3,Cuba,3
2022-10,2022-10,3,Ecuador,1
2022-10,2022-10,3,El Salvador,21
2022-10,2022-10,3,Guatemala,73
2022-10,2022-10,3,Honduras,24
2022-10,2022-10,3,India,1
2022-10,2022-10,3,Mexico,3
2022-10,2022-10,3,Nicaragua,6
2022-10,2022-10,3,Other,3
2022-10,2022-10,3,Venezuela,6
2022-10,2022-11,1,Colombia,30
2022-10,2022-11,1,Cuba,78
2022-10,2022-11,1,Ecuador,66
2022-10,2022-11,1,El Salvador,190
2022-10,2022-11,1,Guatemala,532
2022-10,2022-11,1,Honduras,415
2022-10,2022-11,1,India,1
2022-10,2022-11,1,Mexico,143
2022-10,2022-11,1,Nicaragua,83
2022-10,2022-11,1,Other,42
2022-10,2022-11,1,Venezuela,16
2022-10,2022-11,2,Colombia,28
2022-10,2022-11,2,Cuba,22
2022-10,2022-11,2,Ecuador,42
2022-10,2022-11,2,El Salvador,314
2022-10,2022-11,2,Guatemala,1452
2022-10,2022-11,2,Honduras,786
2022-10,2022-11,2,India,3
2022-10,2022-11,2,Mexico,72
2022-10,2022-11,2,Nicaragua,82
2022-10,2022-11,2,Other,44
2022-10,2022-11,2,Venezuela,24
2022-10,2022-11,3,Afghanistan,1
2022-10,2022-11,3,Colombia,3
2022-10,2022-11,3,Cuba,4
2022-10,2022-11,3,Ecuador,6
2022-10,2022-11,3,El Salvador,68
2022-10,2022-11,3,Guatemala,346
2022-10,2022-11,3,Honduras,170
2022-10,2022-11,3,India,12
2022-10,2022-11,3,Mexico,6
2022-10,2022-11,3,Nicaragua,30
2022-10,2022-11,3,Other,13
2022-10,2022-11,3,Venezuela,17
2022-10,2022-12,1,Colombia,3
2022-10,2022-12,1,Ecuador,2
2022-10,2022-12,1,El Salvador,27
2022-10,2022-12,1,Guatemala,53
2022-10,2022-12,1,Honduras,37
2022-10,2022-12,1,Mexico,22
2022-10,2022-12,1,Nicaragua,7
2022-10,2022-12,1,Other,4
2022-10,2022-12,1,Venezuela,2
2022-10,2022-12,2,Colombia,3
2022-10,2022-12,2,Cuba,1
2022-10,2022-12,2,Ecuador,5
2022-10,2022-12,2,El Salvador,30
2022-10,2022-12,2,Guatemala,201
2022-10,2022-12,2,Honduras,104
2022-10,2022-12,2,Mexico,15
2022-10,2022-12,2,Nicaragua,15
2022-10,2022-12,2,Other,10
2022-10,2022-12,2,Venezuela,4
2022-10,2022-12,3,Colombia,3
2022-10,2022-12,3,Cuba,1
2022-10,2022-12,3,Ecuador,2
2022-10,2022-12,3,El Salvador,23
2022-10,2022-12,3,Guatemala,174
2022-10,2022-12,3,Honduras,106
2022-10,2022-12,3,India,1
2022-10,2022-12,3,Mexico,7
2022-10,2022-12,3,Nicaragua,12
2022-10,2022-12,3,Other,8
2022-10,2022-12,3,Venezuela,2
2022-10,2023-01,1,Ecuador,1
2022-10,2023-01,1,El Salvador,3
2022-10,2023-01,1,Guatemala,18
2022-10,2023-01,1,Honduras,10
2022-10,2023-01,1,Mexico,3
2022-10,2023-01,1,Nicaragua,1
2022-10,2023-01,1,Other,2
2022-10,2023-01,1,Venezuela,2
2022-10,2023-01,2,Afghanistan,1
2022-10,2023-01,2,Colombia,2
2022-10,2023-01,2,El Salvador,3
2022-10,2023-01,2,Guatemala,58
2022-10,2023-01,2,Honduras,30
2022-10,2023-01,2,Mexico,3
2022-10,2023-01,2,Nicaragua,6
2022-10,2023-01,2,Venezuela,2
2022-10,2023-01,3,Ecuador,2
2022-10,2023-01,3,El Salvador,1
2022-10,2023-01,3,Guatemala,57
2022-10,2023-01,3,Honduras,28
2022-10,2023-01,3,India,1
2022-10,2023-01,3,Nicaragua,3
2022-10,2023-01,3,Other,9
2022-10,2023-01,3,Venezuela,3
2022-10,2023-02,1,Guatemala,8
2022-10,2023-02,1,Honduras,5
2022-10,2023-02,1,Other,1
2022-10,2023-02,1,Venezuela,1
2022-10,2023-02,2,Colombia,1
2022-10,2023-02,2,Guatemala,23
2022-10,2023-02,2,Honduras,5
2022-10,2023-02,2,Nicaragua,1
2022-10,2023-02,2,Other,1
2022-10,2023-02,2,Venezuela,3
2022-10,2023-02,3,El Salvador,1
2022-10,2023-02,3,Guatemala,34
2022-10,2023-02,3,Honduras,12
2022-10,2023-02,3,India,1
2022-10,2023-02,3,Nicaragua,2
2022-10,2023-02,3,Other,2
2022-10,2023-03,1,El Salvador,1
2022-10,2023-03,1,Guatemala,1
2022-10,2023-03,1,Honduras,1
2022-10,2023-03,1,Mexico,2
2022-10,2023-03,1,Nicaragua,1
2022-10,2023-03,1,Venezuela,1
2022-10,2023-03,2,El Salvador,1
2022-10,2023-03,2,Guatemala,10
2022-10,2023-03,2,Honduras,1
2022-10,2023-03,3,Guatemala,7
2022-10,2023-03,3,Honduras,3
2022-10,2023-03,3,Mexico,1
2022-10,2023-03,3,Nicaragua,1
2022-10,2023-03,3,Venezuela,1
2022-10,2023-04,1,Ecuador,1
2022-10,2023-04,1,Mexico,1
2022-10,2023-04,2,El Salvador,1
2022-10,2023-04,2,Guatemala,7
2022-10,2023-04,3,Ecuador,1
2022-10,2023-04,3,Guatemala,8
2022-10,2023-04,3,Honduras,4
2022-10,2023-04,3,Venezuela,1
2022-10,2023-05,2,Guatemala,1
2022-10,2023-05,3,Guatemala,3
2022-11,2022-11,1,Colombia,32
2022-11,2022-11,1,Cuba,159
2022-11,2022-11,1,Ecuador,68
2022-11,2022-11,1,El Salvador,192
2022-11,2022-11,1,Guatemala,564
2022-11,2022-11,1,Honduras,481
2022-11,2022-11,1,Mexico,112
2022-11,2022-11,1,Nicaragua,138
2022-11,2022-11,1,Other,34
2022-11,2022-11,1,Venezuela,35
2022-11,2022-11,2,Colombia,17
2022-11,2022-11,2,Cuba,22
2022-11,2022-11,2,Ecuador,27
2022-11,2022-11,2,El Salvador,179
2022-11,2022-11,2,Guatemala,727
2022-11,2022-11,2,Honduras,391
2022-11,2022-11,2,Mexico,60
2022-11,2022-11,2,Nicaragua,49
2022-11,2022-11,2,Other,22
2022-11,2022-11,2,Venezuela,5
2022-11,2022-11,3,Colombia,1
2022-11,2022-11,3,Cuba,6
2022-11,2022-11,3,Ecuador,2
2022-11,2022-11,3,El Salvador,22
2022-11,2022-11,3,Guatemala,64
2022-11,2022-11,3,Honduras,32
2022-11,2022-11,3,India,2
2022-11,2022-11,3,Mexico,5
2022-11,2022-11,3,Nicaragua,4
2022-11,2022-11,3,Other,3
2022-11,2022-11,3,Venezuela,2
2022-11,2022-12,1,Colombia,24
2022-11,2022-12,1,Cuba,115
2022-11,2022-12,1,Ecuador,97
2022-11,2022-12,1,El Salvador,228
2022-11,2022-12,1,Guatemala,813
2022-11,2022-12,1,Honduras,611
2022-11,2022-12,1,India,1
2022-11,2022-12,1,Mexico,141
2022-11,2022-12,1,Nicaragua,179
2022-11,2022-12,1,Other,51
2022-11,2022-12,1,Venezuela,27
2022-11,2022-12,2,Afghanistan,1
2022-11,2022-12,2,Colombia,17
2022-11,2022-12,2,Cuba,40
2022-11,2022-12,2,Ecuador,52
2022-11,2022-12,2,El Salvador,316
2022-11,2022-12,2,Guatemala,1822
2022-11,2022-12,2,Honduras,876
2022-11,2022-12,2,India,6
2022-11,2022-12,2,Mexico,64
2022-11,2022-12,2,Nicaragua,126
2022-11,2022-12,2,Other,52
2022-11,2022-12,2,Venezuela,17
2022-11,2022-12,3,Colombia,10
2022-11,2022-12,3,Cuba,8
2022-11,2022-12,3,Ecuador,10
2022-11,2022-12,3,El Salvador,84
2022-11,2022-12,3,Guatemala,375
2022-11,2022-12,3,Honduras,164
2022-11,2022-12,3,India,13
2022-11,2022-12,3,Mexico,11
2022-11,2022-12,3,Nicaragua,26
2022-11,2022-12,3,Other,16
2022-11,2022-12,3,Venezuela,5
2022-11,2023-01,1,Cuba,2
2022-11,2023-01,1,Ecuador,7
2022-11,2023-01,1,El Salvador,16
2022-11,2023-01,1,Guatemala,40
2022-11,2023-01,1,Honduras,46
2022-11,2023-01,1,India,2
2022-11,2023-01,1,Mexico,9
2022-11,2023-01,1,Nicaragua,8
2022-11,2023-01,1,Venezuela,1
2022-11,2023-01,2,Colombia,2
2022-11,2023-01,2,Ecuador,6
2022-11,2023-01,2,El Salvador,32
2022-11,2023-01,2,Guatemala,203
2022-11,2023-01,2,Honduras,98
2022-11,2023-01,2,India,1
2022-11,2023-01,2,Mexico,9
2022-11,2023-01,2,Nicaragua,11
2022-11,2023-01,2,Other,6
2022-11,2023-01,2,Venezuela,3
2022-11,2023-01,3,Colombia,1
2022-11,2023-01,3,Cuba,2
2022-11,2023-01,3,Ecuador,8
2022-11,2023-01,3,El Salvador,19
2022-11,2023-01,3,Guatemala,174
2022-11,2023-01,3,Honduras,76
2022-11,2023-01,3,India,3
2022-11,2023-01,3,Mexico,5
2022-11,2023-01,3,Nicaragua,9
2022-11,2023-01,3,Other,7
2022-11,2023-01,3,Venezuela,5
2022-11,2023-02,1,El Salvador,3
2022-11,2023-02,1,Guatemala,9
2022-11,2023-02,1,Honduras,12
2022-11,2023-02,1,Mexico,2
2022-11,2023-02,1,Venezuela,2
2022-11,2023-02,2,Afghanistan,3
2022-11,2023-02,2,Ecuador,1
2022-11,2023-02,2,El Salvador,6
2022-11,2023-02,2,Guatemala,44
2022-11,2023-02,2,Honduras,28
2022-11,2023-02,2,Mexico,2
2022-11,2023-02,2,Nicaragua,3
2022-11,2023-02,2,Other,1
2022-11,2023-02,2,Venezuela,1
2022-11,2023-02,3,El Salvador,7
2022-11,2023-02,3,Guatemala,55
2022-11,2023-02,3,Honduras,28
2022-11,2023-02,3,India,2
2022-11,2023-02,3,Mexico,1
2022-11,2023-02,3,Nicaragua,1
2022-11,2023-02,3,Other,6
2022-11,2023-03,1,Guatemala,4
2022-11,2023-03,1,Honduras,1
2022-11,2023-03,2,Ecuador,1
2022-11,2023-03,2,Guatemala,19
2022-11,2023-03,2,Honduras,8
2022-11,2023-03,2,Mexico,4
2022-11,2023-03,2,Other,1
2022-11,2023-03,3,El Salvador,2
2022-11,2023-03,3,Guatemala,33
2022-11,2023-03,3,Honduras,13
2022-11,2023-03,3,India,1
2022-11,2023-03,3,Other,1
2022-11,2023-04,1,El Salvador,1
2022-11,2023-04,1,Guatemala,1
2022-11,2023-04,1,Honduras,1
2022-11,2023-04,2,El Salvador,1
2022-11,2023-04,2,Guatemala,11
2022-11,2023-04,2,Honduras,1
2022-11,2023-04,2,Nicaragua,1
2022-11,2023-04,3,Ecuador,1
2022-11,2023-04,3,Guatemala,13
2022-11,2023-04,3,Honduras,5
2022-11,2023-05,1,Guatemala,2
2022-11,2023-05,2,El Salvador,1
2022-11,2023-05,2,Guatemala,7
2022-11,2023-05,3,Guatemala,10
2022-12,2022-12,1,Colombia,51
2022-12,2022-12,1,Cuba,198
2022-12,2022-12,1,Ecuador,122
2022-12,2022-12,1,El Salvador,219
2022-12,2022-12,1,Guatemala,752
2022-12,2022-12,1,Honduras,553
2022-12,2022-12,1,Mexico,172
2022-12,2022-12,1,Nicaragua,158
2022-12,2022-12,1,Other,52
2022-12,2022-12,1,Venezuela,16
2022-12,2022-12,2,Colombia,19
2022-12,2022-12,2,Cuba,37
2022-12,2022-12,2,Ecuador,53
2022-12,2022-12,2,El Salvador,200
2022-12,2022-12,2,Guatemala,931
2022-12,2022-12,2,Honduras,430
2022-12,2022-12,2,India,4
2022-12,2022-12,2,Mexico,55
2022-12,2022-12,2,Nicaragua,74
2022-12,2022-12,2,Other,30
2022-12,2022-12,2,Venezuela,7
2022-12,2022-12,3,Afghanistan,1
2022-12,2022-12,3,Colombia,1
2022-12,2022-12,3,Cuba,7
2022-12,2022-12,3,El Salvador,22
2022-12,2022-12,3,Guatemala,76
2022-12,2022-12,3,Honduras,24
2022-12,2022-12,3,India,2
2022-12,2022-12,3,Mexico,5
2022-12,2022-12,3,Nicaragua,5
2022-12,2022-12,3,Other,9
2022-12,2023-01,1,Afghanistan,1
2022-12,2023-01,1,Colombia,38
2022-12,2023-01,1,Cuba,148
2022-12,2023-01,1,Ecuador,153
2022-12,2023-01,1,El Salvador,151
2022-12,2023-01,1,Guatemala,558
2022-12,2023-01,1,Honduras,441
2022-12,2023-01,1,India,1
2022-12,2023-01,1,Mexico,138
2022-12,2023-01,1,Nicaragua,140
2022-12,2023-01,1,Other,65
2022-12,2023-01,1,Venezuela,21
2022-12,2023-01,2,Afghanistan,5
2022-12,2023-01,2,Colombia,34
2022-12,2023-01,2,Cuba,42
2022-12,2023-01,2,Ecuador,87
2022-12,2023-01,2,El Salvador,222
2022-12,2023-01,2,Guatemala,1472
2022-12,2023-01,2,Honduras,791
2022-12,2023-01,2,India,1
2022-12,2023-01,2,Mexico,68
2022-12,2023-01,2,Nicaragua,111
2022-12,2023-01,2,Other,45
2022-12,2023-01,2,Venezuela,12
2022-12,2023-01,3,Colombia,5
2022-12,2023-01,3,Cuba,16
2022-12,2023-01,3,Ecuador,12
2022-12,2023-01,3,El Salvador,65
2022-12,2023-01,3,Guatemala,409
2022-12,2023-01,3,Honduras,204
2022-12,2023-01,3,India,17
2022-12,2023-01,3,Mexico,11
2022-12,2023-01,3,Nicaragua,37
2022-12,2023-01,3,Other,26
2022-12,2023-01,3,Venezuela,7
2022-12,2023-02,1,Colombia,4
2022-12,2023-02,1,Cuba,4
2022-12,2023-02,1,Ecuador,2
2022-12,2023-02,1,El Salvador,10
2022-12,2023-02,1,Guatemala,41
2022-12,2023-02,1,Honduras,18
2022-12,2023-02,1,Mexico,15
2022-12,2023-02,1,Nicaragua,5
2022-12,2023-02,1,Other,5
2022-12,2023-02,2,Colombia,5
2022-12,2023-02,2,Ecuador,4
2022-12,2023-02,2,El Salvador,17
2022-12,2023-02,2,Guatemala,158
2022-12,2023-02,2,Honduras,55
2022-12,2023-02,2,Mexico,14
2022-12,2023-02,2,Nicaragua,8
2022-12,2023-02,2,Other,8
2022-12,2023-02,3,Afghanistan,2
2022-12,2023-02,3,Colombia,1
2022-12,2023-02,3,Cuba,2
2022-12,2023-02,3,Ecuador,5
2022-12,2023-02,3,El Salvador,10
2022-12,2023-02,3,Guatemala,154
2022-12,2023-02,3,Honduras,51
2022-12,2023-02,3,India,1
2022-12,2023-02,3,Mexico,7
2022-12,2023-02,3,Nicaragua,12
2022-12,2023-02,3,Other,11
2022-12,2023-02,3,Venezuela,5
2022-12,2023-03,1,Cuba,1
2022-12,2023-03,1,Guatemala,11
2022-12,2023-03,1,Honduras,6
2022-12,2023-03,1,Mexico,3
2022-12,2023-03,1,Nicaragua,2
2022-12,2023-03,1,Other,1
2022-12,2023-03,1,Venezuela,1
2022-12,2023-03,2,Ecuador,2
2022-12,2023-03,2,El Salvador,3
2022-12,2023-03,2,Guatemala,53
2022-12,2023-03,2,Honduras,17
2022-12,2023-03,2,Mexico,2
2022-12,2023-03,2,Nicaragua,2
2022-12,2023-03,2,Other,2
2022-12,2023-03,2,Venezuela,1
2022-12,2023-03,3,Cuba,2
2022-12,2023-03,3,El Salvador,4
2022-12,2023-03,3,Guatemala,60
2022-12,2023-03,3,Honduras,30
2022-12,2023-03,3,India,1
2022-12,2023-03,3,Mexico,1
2022-12,2023-03,3,Nicaragua,1
2022-12,2023-03,3,Other,3
2022-12,2023-03,3,Venezuela,1
2022-12,2023-04,1,El Salvador,2
2022-12,2023-04,1,Guatemala,5
2022-12,2023-04,1,Honduras,1
2022-12,2023-04,1,Mexico,2
2022-12,2023-04,1,Nicaragua,1
2022-12,2023-04,2,Colombia,1
2022-12,2023-04,2,Cuba,1
2022-12,2023-04,2,El Salvador,1
2022-12,2023-04,2,Guatemala,18
2022-12,2023-04,2,Honduras,3
2022-12,2023-04,2,Nicaragua,1
2022-12,2023-04,3,El Salvador,2
2022-12,2023-04,3,Guatemala,18
2022-12,2023-04,3,Honduras,11
2022-12,2023-04,3,Other,2
2022-12,2023-05,2,Colombia,1
2022-12,2023-05,2,Ecuador,2
2022-12,2023-05,2,El Salvador,1
2022-12,2023-05,2,Guatemala,10
2022-12,2023-05,2,Honduras,2
2022-12,2023-05,2,Nicaragua,1
2022-12,2023-05,2,Venezuela,1
2022-12,2023-05,3,Guatemala,13
2022-12,2023-05,3,Honduras,3
2022-12,2023-05,3,Other,1
2023-01,2023-01,1,Colombia,15
2023-01,2023-01,1,Cuba,77
2023-01,2023-01,1,Ecuador,151
2023-01,2023-01,1,El Salvador,88
2023-01,2023-01,1,Guatemala,340
2023-01,2023-01,1,Honduras,261
2023-01,2023-01,1,Mexico,116
2023-01,2023-01,1,Nicaragua,37
2023-01,2023-01,1,Other,33
2023-01,2023-01,1,Venezuela,14
2023-01,2023-01,2,Afghanistan,2
2023-01,2023-01,2,Colombia,3
2023-01,2023-01,2,Cuba,11
2023-01,2023-01,2,Ecuador,56
2023-01,2023-01,2,El Salvador,83
2023-01,2023-01,2,Guatemala,392
2023-01,2023-01,2,Honduras,238
2023-01,2023-01,2,India,3
2023-01,2023-01,2,Mexico,37
2023-01,2023-01,2,Nicaragua,17
2023-01,2023-01,2,Other,24
2023-01,2023-01,2,Venezuela,2
2023-01,2023-01,3,Cuba,1
2023-01,2023-01,3,Ecuador,6
2023-01,2023-01,3,El Salvador,3
2023-01,2023-01,3,Guatemala,38
2023-01,2023-01,3,Honduras,15
2023-01,2023-01,3,India,7
2023-01,2023-01,3,Mexico,4
2023-01,2023-01,3,Nicaragua,1
2023-01,2023-01,3,Other,6
2023-01,2023-02,1,Colombia,25
2023-01,2023-02,1,Cuba,14
2023-01,2023-02,1,Ecuador,97
2023-01,2023-02,1,El Salvador,154
2023-01,2023-02,1,Guatemala,489
2023-01,2023-02,1,Honduras,412
2023-01,2023-02,1,India,1
2023-01,2023-02,1,Mexico,191
2023-01,2023-02,1,Nicaragua,15
2023-01,2023-02,1,Other,55
2023-01,2023-02,1,Venezuela,16
2023-01,2023-02,2,Afghanistan,2
2023-01,2023-02,2,Colombia,17
2023-01,2023-02,2,Cuba,4
2023-01,2023-02,2,Ecuador,47
2023-01,2023-02,2,El Salvador,238
2023-01,2023-02,2,Guatemala,1207
2023-01,2023-02,2,Honduras,671
2023-01,2023-02,2,India,2
2023-01,2023-02,2,Mexico,81
2023-01,2023-02,2,Nicaragua,10
2023-01,2023-02,2,Other,31
2023-01,2023-02,2,Venezuela,13
2023-01,2023-02,3,Afghanistan,1
2023-01,2023-02,3,Colombia,7
2023-01,2023-02,3,Cuba,2
2023-01,2023-02,3,Ecuador,12
2023-01,2023-02,3,El Salvador,58
2023-01,2023-02,3,Guatemala,263
2023-01,2023-02,3,Honduras,107
2023-01,2023-02,3,India,16
2023-01,2023-02,3,Mexico,23
2023-01,2023-02,3,Nicaragua,5
2023-01,2023-02,3,Other,21
2023-01,2023-02,3,Venezuela,5
2023-01,2023-03,1,Colombia,1
2023-01,2023-03,1,Ecuador,4
2023-01,2023-03,1,El Salvador,12
2023-01,2023-03,1,Guatemala,33
2023-01,2023-03,1,Honduras,24
2023-01,2023-03,1,Mexico,3
2023-01,2023-03,1,Other,6
2023-01,2023-03,1,Venezuela,4
2023-01,2023-03,2,Afghanistan,2
2023-01,2023-03,2,Colombia,6
2023-01,2023-03,2,Ecuador,5
2023-01,2023-03,2,El Salvador,17
2023-01,2023-03,2,Guatemala,115
2023-01,2023-03,2,Honduras,89
2023-01,2023-03,2,Mexico,13
2023-01,2023-03,2,Nicaragua,4
2023-01,2023-03,2,Other,7
2023-01,2023-03,2,Venezuela,2
2023-01,2023-03,3,Colombia,1
2023-01,2023-03,3,El Salvador,17
2023-01,2023-03,3,Guatemala,118
2023-01,2023-03,3,Honduras,52
2023-01,2023-03,3,India,4
2023-01,2023-03,3,Mexico,2
2023-01,2023-03,3,Nicaragua,2
2023-01,2023-03,3,Other,12
2023-01,2023-03,3,Venezuela,1
2023-01,2023-04,1,El Salvador,2
2023-01,2023-04,1,Guatemala,6
2023-01,2023-04,1,Honduras,4
2023-01,2023-04,1,Mexico,1
2023-01,2023-04,1,Nicaragua,1
2023-01,2023-04,1,Other,1
2023-01,2023-04,1,Venezuela,2
2023-01,2023-04,2,Colombia,2
2023-01,2023-04,2,Ecuador,1
2023-01,2023-04,2,El Salvador,3
2023-01,2023-04,2,Guatemala,38
2023-01,2023-04,2,Honduras,8
2023-01,2023-04,2,Mexico,3
2023-01,2023-04,2,Other,1
2023-01,2023-04,3,Colombia,1
2023-01,2023-04,3,El Salvador,2
2023-01,2023-04,3,Guatemala,34
2023-01,2023-04,3,Honduras,17
2023-01,2023-04,3,Nicaragua,2
2023-01,2023-04,3,Other,1
2023-01,2023-05,1,Ecuador,3
2023-01,2023-05,1,Guatemala,1
2023-01,2023-05,1,Honduras,2
2023-01,2023-05,1,Mexico,1
2023-01,2023-05,1,Nicaragua,3
2023-01,2023-05,2,El Salvador,1
2023-01,2023-05,2,Guatemala,17
2023-01,2023-05,2,Honduras,5
2023-01,2023-05,2,Other,2
2023-01,2023-05,2,Venezuela,1
2023-01,2023-05,3,Cuba,1
2023-01,2023-05,3,El Salvador,1
2023-01,2023-05,3,Guatemala,9
2023-01,2023-05,3,Honduras,8
2023-01,2023-05,3,Mexico,2
2023-01,2023-05,3,Other,1
2023-02,2023-02,1,Colombia,19
2023-02,2023-02,1,Cuba,4
2023-02,2023-02,1,Ecuador,119
2023-02,2023-02,1,El Salvador,141
2023-02,2023-02,1,Guatemala,560
2023-02,2023-02,1,Honduras,496
2023-02,2023-02,1,Mexico,148
2023-02,2023-02,1,Nicaragua,9
2023-02,2023-02,1,Other,29
2023-02,2023-02,1,Venezuela,9
2023-02,2023-02,2,Colombia,11
2023-02,2023-02,2,Cuba,5
2023-02,2023-02,2,Ecuador,22
2023-02,2023-02,2,El Salvador,144
2023-02,2023-02,2,Guatemala,781
2023-02,2023-02,2,Honduras,397
2023-02,2023-02,2,India,1
2023-02,2023-02,2,Mexico,55
2023-02,2023-02,2,Nicaragua,1
2023-02,2023-02,2,Other,27
2023-02,2023-02,3,Colombia,2
2023-02,2023-02,3,Ecuador,3
2023-02,2023-02,3,El Salvador,19
2023-02,2023-02,3,Guatemala,65
2023-02,2023-02,3,Honduras,31
2023-02,2023-02,3,India,1
2023-02,2023-02,3,Mexico,5
2023-02,2023-02,3,Other,6
2023-02,2023-03,1,Colombia,18
2023-02,2023-03,1,Cuba,5
2023-02,2023-03,1,Ecuador,94
2023-02,2023-03,1,El Salvador,132
2023-02,2023-03,1,Guatemala,474
2023-02,2023-03,1,Honduras,406
2023-02,2023-03,1,Mexico,186
2023-02,2023-03,1,Nicaragua,8
2023-02,2023-03,1,Other,70
2023-02,2023-03,1,Venezuela,41
2023-02,2023-03,2,Afghanistan,4
2023-02,2023-03,2,Colombia,20
2023-02,2023-03,2,Ecuador,49
2023-02,2023-03,2,El Salvador,258
2023-02,2023-03,2,Guatemala,1274
2023-02,2023-03,2,Honduras,748
2023-02,2023-03,2,India,2
2023-02,2023-03,2,Mexico,99
2023-02,2023-03,2,Nicaragua,2
2023-02,2023-03,2,Other,49
2023-02,2023-03,2,Venezuela,12
2023-02,2023-03,3,Colombia,2
2023-02,2023-03,3,Ecuador,11
2023-02,2023-03,3,El Salvador,70
2023-02,2023-03,3,Guatemala,347
2023-02,2023-03,3,Honduras,205
2023-02,2023-03,3,India,8
2023-02,2023-03,3,Mexico,25
2023-02,2023-03,3,Nicaragua,3
2023-02,2023-03,3,Other,26
2023-02,2023-03,3,Venezuela,6
2023-02,2023-04,1,Colombia,1
2023-02,2023-04,1,Ecuador,3
2023-02,2023-04,1,El Salvador,11
2023-02,2023-04,1,Guatemala,34
2023-02,2023-04,1,Honduras,23
2023-02,2023-04,1,Mexico,16
2023-02,2023-04,1,Other,1
2023-02,2023-04,1,Venezuela,4
2023-02,2023-04,2,Colombia,2
2023-02,2023-04,2,Ecuador,3
2023-02,2023-04,2,El Salvador,16
2023-02,2023-04,2,Guatemala,126
2023-02,2023-04,2,Honduras,64
2023-02,2023-04,2,Mexico,7
2023-02,2023-04,2,Other,7
2023-02,2023-04,2,Venezuela,4
2023-02,2023-04,3,Colombia,1
2023-02,2023-04,3,Ecuador,3
2023-02,2023-04,3,El Salvador,11
2023-02,2023-04,3,Guatemala,130
2023-02,2023-04,3,Honduras,60
2023-02,2023-04,3,Mexico,5
2023-02,2023-04,3,Other,8
2023-02,2023-04,3,Venezuela,1
2023-02,2023-05,1,Afghanistan,2
2023-02,2023-05,1,Guatemala,8
2023-02,2023-05,1,Honduras,3
2023-02,2023-05,1,Mexico,3
2023-02,2023-05,1,Other,1
2023-02,2023-05,1,Venezuela,1
2023-02,2023-05,2,El Salvador,1
2023-02,2023-05,2,Guatemala,32
2023-02,2023-05,2,Honduras,18
2023-02,2023-05,2,Mexico,2
2023-02,2023-05,3,Colombia,1
2023-02,2023-05,3,El Salvador,1
2023-02,2023-05,3,Guatemala,43
2023-02,2023-05,3,Honduras,15
2023-02,2023-05,3,Mexico,2
2023-02,2023-05,3,Other,1
2023-03,2023-03,1,Colombia,31
2023-03,2023-03,1,Cuba,7
2023-03,2023-03,1,Ecuador,140
2023-03,2023-03,1,El Salvador,211
2023-03,2023-03,1,Guatemala,642
2023-03,2023-03,1,Honduras,595
2023-03,2023-03,1,India,3
2023-03,2023-03,1,Mexico,223
2023-03,2023-03,1,Nicaragua,7
2023-03,2023-03,1,Other,51
2023-03,2023-03,1,Venezuela,26
2023-03,2023-03,2,Afghanistan,1
2023-03,2023-03,2,Colombia,15
2023-03,2023-03,2,Cuba,2
2023-03,2023-03,2,Ecuador,28
2023-03,2023-03,2,El Salvador,150
2023-03,2023-03,2,Guatemala,893
2023-03,2023-03,2,Honduras,564
2023-03,2023-03,2,India,5
2023-03,2023-03,2,Mexico,78
2023-03,2023-03,2,Nicaragua,2
2023-03,2023-03,2,Other,25
2023-03,2023-03,2,Venezuela,7
2023-03,2023-03,3,Colombia,5
2023-03,2023-03,3,Ecuador,4
2023-03,2023-03,3,El Salvador,23
2023-03,2023-03,3,Guatemala,104
2023-03,2023-03,3,Honduras,51
2023-03,2023-03,3,India,13
2023-03,2023-03,3,Mexico,13
2023-03,2023-03,3,Other,10
2023-03,2023-03,3,Venezuela,1
2023-03,2023-04,1,Colombia,31
2023-03,2023-04,1,Cuba,2
2023-03,2023-04,1,Ecuador,77
2023-03,2023-04,1,El Salvador,155
2023-03,2023-04,1,Guatemala,489
2023-03,2023-04,1,Honduras,489
2023-03,2023-04,1,India,1
2023-03,2023-04,1,Mexico,197
2023-03,2023-04,1,Nicaragua,7
2023-03,2023-04,1,Other,56
2023-03,2023-04,1,Venezuela,24
2023-03,2023-04,2,Colombia,23
2023-03,2023-04,2,Ecuador,31
2023-03,2023-04,2,El Salvador,261
2023-03,2023-04,2,Guatemala,1308
2023-03,2023-04,2,Honduras,901
2023-03,2023-04,2,India,13
2023-03,2023-04,2,Mexico,98
2023-03,2023-04,2,Nicaragua,4
2023-03,2023-04,2,Other,54
2023-03,2023-04,2,Venezuela,14
2023-03,2023-04,3,Afghanistan,4
2023-03,2023-04,3,Colombia,6
2023-03,2023-04,3,Cuba,1
2023-03,2023-04,3,Ecuador,9
2023-03,2023-04,3,El Salvador,63
2023-03,2023-04,3,Guatemala,291
2023-03,2023-04,3,Honduras,203
2023-03,2023-04,3,India,56
2023-03,2023-04,3,Mexico,29
2023-03,2023-04,3,Nicaragua,1
2023-03,2023-04,3,Other,32
2023-03,2023-04,3,Venezuela,4
2023-03,2023-05,1,Colombia,3
2023-03,2023-05,1,Ecuador,4
2023-03,2023-05,1,El Salvador,8
2023-03,2023-05,1,Guatemala,29
2023-03,2023-05,1,Honduras,28
2023-03,2023-05,1,Mexico,9
2023-03,2023-05,1,Other,5
2023-03,2023-05,1,Venezuela,4
2023-03,2023-05,2,Afghanistan,1
2023-03,2023-05,2,Colombia,3
2023-03,2023-05,2,Ecuador,3
2023-03,2023-05,2,El Salvador,16
2023-03,2023-05,2,Guatemala,124
2023-03,2023-05,2,Honduras,74
2023-03,2023-05,2,India,1
2023-03,2023-05,2,Mexico,11
2023-03,2023-05,2,Other,11
2023-03,2023-05,2,Venezuela,2
2023-03,2023-05,3,Colombia,1
2023-03,2023-05,3,Ecuador,4
2023-03,2023-05,3,El Salvador,16
2023-03,2023-05,3,Guatemala,106
2023-03,2023-05,3,Honduras,84
2023-03,2023-05,3,India,6
2023-03,2023-05,3,Mexico,4
2023-03,2023-05,3,Other,8
2023-03,2023-05,3,Venezuela,3
2023-04,2023-04,1,Afghanistan,1
2023-04,2023-04,1,Colombia,39
2023-04,2023-04,1,Cuba,2
2023-04,2023-04,1,Ecuador,80
2023-04,2023-04,1,El Salvador,157
2023-04,2023-04,1,Guatemala,517
2023-04,2023-04,1,Honduras,461
2023-04,2023-04,1,Mexico,211
2023-04,2023-04,1,Nicaragua,6
2023-04,2023-04,1,Other,64
2023-04,2023-04,1,Venezuela,73
2023-04,2023-04,2,Colombia,12
2023-04,2023-04,2,Cuba,1
2023-04,2023-04,2,Ecuador,15
2023-04,2023-04,2,El Salvador,173
2023-04,2023-04,2,Guatemala,682
2023-04,2023-04,2,Honduras,395
2023-04,2023-04,2,India,13
2023-04,2023-04,2,Mexico,55
2023-04,2023-04,2,Nicaragua,1
2023-04,2023-04,2,Other,45
2023-04,2023-04,2,Venezuela,12
2023-04,2023-04,3,Colombia,2
2023-04,2023-04,3,Cuba,1
2023-04,2023-04,3,Ecuador,4
2023-04,2023-04,3,El Salvador,27
2023-04,2023-04,3,Guatemala,59
2023-04,2023-04,3,Honduras,41
2023-04,2023-04,3,India,29
2023-04,2023-04,3,Mexico,14
2023-04,2023-04,3,Other,4
2023-04,2023-04,3,Venezuela,1
2023-04,2023-05,1,Afghanistan,1
2023-04,2023-05,1,Colombia,33
2023-04,2023-05,1,Cuba,3
2023-04,2023-05,1,Ecuador,71
2023-04,2023-05,1,El Salvador,154
2023-04,2023-05,1,Guatemala,523
2023-04,2023-05,1,Honduras,531
2023-04,2023-05,1,India,2
2023-04,2023-05,1,Mexico,206
2023-04,2023-05,1,Nicaragua,2
2023-04,2023-05,1,Other,76
2023-04,2023-05,1,Venezuela,123
2023-04,2023-05,2,Afghanistan,4
2023-04,2023-05,2,Colombia,23
2023-04,2023-05,2,Ecuador,32
2023-04,2023-05,2,El Salvador,262
2023-04,2023-05,2,Guatemala,1147
2023-04,2023-05,2,Honduras,766
2023-04,2023-05,2,India,25
2023-04,2023-05,2,Mexico,118
2023-04,2023-05,2,Other,58
2023-04,2023-05,2,Venezuela,59
2023-04,2023-05,3,Afghanistan,1
2023-04,2023-05,3,Colombia,11
2023-04,2023-05,3,Ecuador,3
2023-04,2023-05,3,El Salvador,57
2023-04,2023-05,3,Guatemala,217
2023-04,2023-05,3,Honduras,169
2023-04,2023-05,3,India,49
2023-04,2023-05,3,Mexico,15
2023-04,2023-05,3,Nicaragua,1
2023-04,2023-05,3,Other,33
2023-04,2023-05,3,Venezuela,12
2023-05,2023-05,1,Colombia,67
2023-05,2023-05,1,Cuba,9
2023-05,2023-05,1,Ecuador,92
2023-05,2023-05,1,El Salvador,169
2023-05,2023-05,1,Guatemala,416
2023-05,2023-05,1,Honduras,403
2023-05,2023-05,1,India,2
2023-05,2023-05,1,Mexico,202
2023-05,2023-05,1,Nicaragua,5
2023-05,2023-05,1,Other,54
2023-05,2023-05,1,Venezuela,95
2023-05,2023-05,2,Afghanistan,1
2023-05,2023-05,2,Colombia,12
2023-05,2023-05,2,Cuba,1
2023-05,2023-05,2,Ecuador,18
2023-05,2023-05,2,El Salvador,147
2023-05,2023-05,2,Guatemala,537
2023-05,2023-05,2,Honduras,371
2023-05,2023-05,2,India,9
2023-05,2023-05,2,Mexico,69
2023-05,2023-05,2,Other,21
2023-05,2023-05,2,Venezuela,37
2023-05,2023-05,3,El Salvador,7
2023-05,2023-05,3,Guatemala,31
2023-05,2023-05,3,Honduras,20
2023-05,2023-05,3,India,12
2023-05,2023-05,3,Mexico,5
2023-05,2023-05,3,Other,7
2023-05,2023-05,3,Venezuela,5
